File Version;BWRam4.11_1
Date;2025-08-06 12:05:01
title;STJ
model;BTC675N
c code;STJ
operator;
port1;0
baud1;3
pixel_start;0
pixel_end;2047
step;1
units;3
bkcolor;16777215
show_mode;3
data_mode;0
pixel_mode;0
intigration times(ms);1000
average number;2
time_multiply;1
spectrometer_type;78
yaxis;0
yaxis_min;0
yaxis_max;65535
xaxis;1
xaxis_min;518
xaxis_max;2047
irrands_DispWLMin;100
irrands_DispWLMax;1000
yaxis_min_6;0
yaxis_max_6;65535
irradiance_unit;0
Color_Data_Flag;0
Color_StartWL;750
Color_EndWL;750
Color_IncWL;10
power_unit_index;1
photometric_index;0
Illuminant_index;2
observer_index;0
lab_l;0
lab_a;0
lab_b;0
radiometric_flag;0
coefs_a0;694.411199346341
coefs_a1;0.187975360760924
coefs_a2;-2.49613170583453E-06
coefs_a3;-2.7044233327918E-10
coefs_b0;-3653.98328080691
coefs_b1;5.37823587813241
coefs_b2;-0.000424012502126229
coefs_b3;3.69157294538032E-07
coefs_r0;1
coefs_r1;0
coefs_r2;0
coefs_r3;0
coefs_j0;1
coefs_j1;0
coefs_j2;0
coefs_j3;0
enable_coefs_r;0
all_data_save;1
select_option;-1
interval_time;1000
pixel_num;2048
sel_pixel_start;8
sel_pixel_end;2047
sel_pixel_delta;1
dark_compensate;0
dark_compensate_value_1;0
dark_compensate_value_2;0
dark_compensate_value_3;0
monitor pixel_0;0
monitor pixel_1;0
monitor pixel_2;0
monitor pixel_3;0
monitor pixel_4;0
monitor pixel_5;0
vertical_select_flag;0
vertical_line3;63
vertical_line4;63
vertical_line3_wv;390
vertical_line4_wv;390
vertical_line_flag;0
vertical_line_ratio;0
laser_wavelength;785
laser_powerlevel;0
overlay_js;0
Relative Intensity Correction Flag;0
Pixel;Wavelength;Wavenumber;Raman Shift;Dark;Reference;Raw data #1;Dark Subtracted #1;%TR #1;Absorbance #1;Irradiance (W/cm^2/nm) #1;
0;   ;   ;   ;308.5000;65535.0000;305.5000;-3.0000;0.0000;0.0000;0.0000;
1;   ;   ;   ;321.0000;65535.0000;322.0000;1.0000;0.0000;0.0000;0.0000;
2;   ;   ;   ;303.5000;65535.0000;301.5000;-2.0000;0.0000;0.0000;0.0000;
3;   ;   ;   ;294.5000;65535.0000;293.0000;-1.5000;0.0000;0.0000;0.0000;
4;   ;   ;   ;289.5000;65535.0000;297.5000;8.0000;0.0000;0.0000;0.0000;
5;   ;   ;   ;293.5000;65535.0000;300.5000;7.0000;0.0000;0.0000;0.0000;
6;   ;   ;   ;297.0000;65535.0000;296.5000;-0.5000;0.0000;0.0000;0.0000;
7;   ;   ;   ;300.0000;65535.0000;300.5000;0.5000;0.0000;0.0000;0.0000;
8;   ;   ;   ;301.0000;65535.0000;295.5000;-5.5000;0.0000;0.0000;0.0000;
9;   ;   ;   ;300.0000;65535.0000;304.5000;4.5000;0.0000;0.0000;0.0000;
10;   ;   ;   ;295.0000;65535.0000;305.5000;10.5000;0.0000;0.0000;0.0000;
11;   ;   ;   ;295.5000;65535.0000;294.5000;-1.0000;0.0000;0.0000;0.0000;
12;   ;   ;   ;302.5000;65535.0000;303.0000;0.5000;0.0000;0.0000;0.0000;
13;   ;   ;   ;301.0000;65535.0000;294.5000;-6.5000;0.0000;0.0000;0.0000;
14;   ;   ;   ;302.5000;65535.0000;305.5000;3.0000;0.0000;0.0000;0.0000;
15;   ;   ;   ;297.0000;65535.0000;297.5000;0.5000;0.0000;0.0000;0.0000;
16;   ;   ;   ;302.5000;65535.0000;301.5000;-1.0000;0.0000;0.0000;0.0000;
17;   ;   ;   ;301.5000;65535.0000;307.0000;5.5000;0.0000;0.0000;0.0000;
18;   ;   ;   ;302.0000;65535.0000;302.0000;0.0000;0.0000;0.0000;0.0000;
19;   ;   ;   ;301.0000;65535.0000;302.5000;1.5000;0.0000;0.0000;0.0000;
20;   ;   ;   ;295.0000;65535.0000;301.5000;6.5000;0.0000;0.0000;0.0000;
21;   ;   ;   ;304.5000;65535.0000;303.0000;-1.5000;0.0000;0.0000;0.0000;
22;   ;   ;   ;315.5000;65535.0000;302.5000;-13.0000;0.0000;0.0000;0.0000;
23;   ;   ;   ;303.0000;65535.0000;302.0000;-1.0000;0.0000;0.0000;0.0000;
24;   ;   ;   ;305.0000;65535.0000;308.0000;3.0000;0.0000;0.0000;0.0000;
25;   ;   ;   ;302.0000;65535.0000;299.5000;-2.5000;0.0000;0.0000;0.0000;
26;   ;   ;   ;304.0000;65535.0000;301.5000;-2.5000;0.0000;0.0000;0.0000;
27;   ;   ;   ;303.0000;65535.0000;307.5000;4.5000;0.0000;0.0000;0.0000;
28;   ;   ;   ;300.0000;65535.0000;303.5000;3.5000;0.0000;0.0000;0.0000;
29;   ;   ;   ;303.0000;65535.0000;308.0000;5.0000;0.0000;0.0000;0.0000;
30;   ;   ;   ;305.5000;65535.0000;301.5000;-4.0000;0.0000;0.0000;0.0000;
31;   ;   ;   ;310.0000;65535.0000;304.5000;-5.5000;0.0000;0.0000;0.0000;
32;   ;   ;   ;300.5000;65535.0000;297.5000;-3.0000;0.0000;0.0000;0.0000;
33;   ;   ;   ;298.5000;65535.0000;301.0000;2.5000;0.0000;0.0000;0.0000;
34;   ;   ;   ;294.0000;65535.0000;303.0000;9.0000;0.0000;0.0000;0.0000;
35;   ;   ;   ;299.0000;65535.0000;299.0000;0.0000;0.0000;0.0000;0.0000;
36;   ;   ;   ;303.0000;65535.0000;305.5000;2.5000;0.0000;0.0000;0.0000;
37;   ;   ;   ;302.5000;65535.0000;292.0000;-10.5000;0.0000;0.0000;0.0000;
38;   ;   ;   ;308.5000;65535.0000;303.5000;-5.0000;0.0000;0.0000;0.0000;
39;   ;   ;   ;304.5000;65535.0000;297.0000;-7.5000;0.0000;0.0000;0.0000;
40;   ;   ;   ;305.5000;65535.0000;297.5000;-8.0000;0.0000;0.0000;0.0000;
41;   ;   ;   ;299.5000;65535.0000;304.5000;5.0000;0.0000;0.0000;0.0000;
42;   ;   ;   ;304.5000;65535.0000;297.5000;-7.0000;0.0000;0.0000;0.0000;
43;   ;   ;   ;305.0000;65535.0000;302.5000;-2.5000;0.0000;0.0000;0.0000;
44;   ;   ;   ;297.0000;65535.0000;292.5000;-4.5000;0.0000;0.0000;0.0000;
45;   ;   ;   ;300.5000;65535.0000;301.0000;0.5000;0.0000;0.0000;0.0000;
46;   ;   ;   ;295.5000;65535.0000;304.0000;8.5000;0.0000;0.0000;0.0000;
47;   ;   ;   ;303.0000;65535.0000;303.5000;0.5000;0.0000;0.0000;0.0000;
48;   ;   ;   ;303.5000;65535.0000;304.0000;0.5000;0.0000;0.0000;0.0000;
49;   ;   ;   ;302.0000;65535.0000;301.5000;-0.5000;0.0000;0.0000;0.0000;
50;   ;   ;   ;315.5000;65535.0000;311.5000;-4.0000;0.0000;0.0000;0.0000;
51;   ;   ;   ;300.5000;65535.0000;306.0000;5.5000;0.0000;0.0000;0.0000;
52;   ;   ;   ;298.0000;65535.0000;299.0000;1.0000;0.0000;0.0000;0.0000;
53;   ;   ;   ;313.0000;65535.0000;306.0000;-7.0000;0.0000;0.0000;0.0000;
54;   ;   ;   ;305.5000;65535.0000;299.0000;-6.5000;0.0000;0.0000;0.0000;
55;   ;   ;   ;306.0000;65535.0000;296.0000;-10.0000;0.0000;0.0000;0.0000;
56;   ;   ;   ;298.0000;65535.0000;294.0000;-4.0000;0.0000;0.0000;0.0000;
57;   ;   ;   ;304.5000;65535.0000;300.5000;-4.0000;0.0000;0.0000;0.0000;
58;   ;   ;   ;300.5000;65535.0000;304.0000;3.5000;0.0000;0.0000;0.0000;
59;   ;   ;   ;305.0000;65535.0000;304.0000;-1.0000;0.0000;0.0000;0.0000;
60;   ;   ;   ;311.0000;65535.0000;305.0000;-6.0000;0.0000;0.0000;0.0000;
61;   ;   ;   ;305.0000;65535.0000;303.5000;-1.5000;0.0000;0.0000;0.0000;
62;   ;   ;   ;302.0000;65535.0000;306.0000;4.0000;0.0000;0.0000;0.0000;
63;   ;   ;   ;299.0000;65535.0000;302.0000;3.0000;0.0000;0.0000;0.0000;
64;   ;   ;   ;301.5000;65535.0000;295.5000;-6.0000;0.0000;0.0000;0.0000;
65;   ;   ;   ;305.5000;65535.0000;308.0000;2.5000;0.0000;0.0000;0.0000;
66;   ;   ;   ;299.0000;65535.0000;293.5000;-5.5000;0.0000;0.0000;0.0000;
67;   ;   ;   ;306.5000;65535.0000;298.0000;-8.5000;0.0000;0.0000;0.0000;
68;   ;   ;   ;304.5000;65535.0000;302.5000;-2.0000;0.0000;0.0000;0.0000;
69;   ;   ;   ;302.0000;65535.0000;299.5000;-2.5000;0.0000;0.0000;0.0000;
70;   ;   ;   ;306.5000;65535.0000;310.0000;3.5000;0.0000;0.0000;0.0000;
71;   ;   ;   ;308.5000;65535.0000;297.5000;-11.0000;0.0000;0.0000;0.0000;
72;   ;   ;   ;299.5000;65535.0000;305.0000;5.5000;0.0000;0.0000;0.0000;
73;   ;   ;   ;293.0000;65535.0000;298.0000;5.0000;0.0000;0.0000;0.0000;
74;   ;   ;   ;310.0000;65535.0000;298.0000;-12.0000;0.0000;0.0000;0.0000;
75;   ;   ;   ;300.0000;65535.0000;303.5000;3.5000;0.0000;0.0000;0.0000;
76;   ;   ;   ;300.0000;65535.0000;305.5000;5.5000;0.0000;0.0000;0.0000;
77;   ;   ;   ;301.5000;65535.0000;311.0000;9.5000;0.0000;0.0000;0.0000;
78;   ;   ;   ;298.0000;65535.0000;306.5000;8.5000;0.0000;0.0000;0.0000;
79;   ;   ;   ;303.0000;65535.0000;298.5000;-4.5000;0.0000;0.0000;0.0000;
80;   ;   ;   ;299.5000;65535.0000;295.5000;-4.0000;0.0000;0.0000;0.0000;
81;   ;   ;   ;303.5000;65535.0000;309.5000;6.0000;0.0000;0.0000;0.0000;
82;   ;   ;   ;314.0000;65535.0000;299.0000;-15.0000;0.0000;0.0000;0.0000;
83;   ;   ;   ;300.0000;65535.0000;300.5000;0.5000;0.0000;0.0000;0.0000;
84;   ;   ;   ;302.5000;65535.0000;291.0000;-11.5000;0.0000;0.0000;0.0000;
85;   ;   ;   ;305.0000;65535.0000;304.5000;-0.5000;0.0000;0.0000;0.0000;
86;   ;   ;   ;304.5000;65535.0000;293.0000;-11.5000;0.0000;0.0000;0.0000;
87;   ;   ;   ;294.5000;65535.0000;301.5000;7.0000;0.0000;0.0000;0.0000;
88;   ;   ;   ;303.5000;65535.0000;298.0000;-5.5000;0.0000;0.0000;0.0000;
89;   ;   ;   ;303.5000;65535.0000;300.5000;-3.0000;0.0000;0.0000;0.0000;
90;   ;   ;   ;301.5000;65535.0000;300.0000;-1.5000;0.0000;0.0000;0.0000;
91;   ;   ;   ;302.0000;65535.0000;301.0000;-1.0000;0.0000;0.0000;0.0000;
92;   ;   ;   ;304.5000;65535.0000;296.0000;-8.5000;0.0000;0.0000;0.0000;
93;   ;   ;   ;307.0000;65535.0000;302.5000;-4.5000;0.0000;0.0000;0.0000;
94;   ;   ;   ;303.5000;65535.0000;307.5000;4.0000;0.0000;0.0000;0.0000;
95;   ;   ;   ;304.0000;65535.0000;307.0000;3.0000;0.0000;0.0000;0.0000;
96;   ;   ;   ;305.5000;65535.0000;302.0000;-3.5000;0.0000;0.0000;0.0000;
97;   ;   ;   ;298.5000;65535.0000;308.5000;10.0000;0.0000;0.0000;0.0000;
98;   ;   ;   ;293.5000;65535.0000;300.5000;7.0000;0.0000;0.0000;0.0000;
99;   ;   ;   ;304.0000;65535.0000;304.0000;0.0000;0.0000;0.0000;0.0000;
100;   ;   ;   ;298.5000;65535.0000;302.5000;4.0000;0.0000;0.0000;0.0000;
101;   ;   ;   ;300.0000;65535.0000;307.0000;7.0000;0.0000;0.0000;0.0000;
102;   ;   ;   ;298.0000;65535.0000;297.0000;-1.0000;0.0000;0.0000;0.0000;
103;   ;   ;   ;299.5000;65535.0000;304.0000;4.5000;0.0000;0.0000;0.0000;
104;   ;   ;   ;285.0000;65535.0000;297.0000;12.0000;0.0000;0.0000;0.0000;
105;   ;   ;   ;301.0000;65535.0000;300.5000;-0.5000;0.0000;0.0000;0.0000;
106;   ;   ;   ;302.5000;65535.0000;301.5000;-1.0000;0.0000;0.0000;0.0000;
107;   ;   ;   ;307.0000;65535.0000;298.5000;-8.5000;0.0000;0.0000;0.0000;
108;   ;   ;   ;308.5000;65535.0000;301.5000;-7.0000;0.0000;0.0000;0.0000;
109;   ;   ;   ;298.0000;65535.0000;298.5000;0.5000;0.0000;0.0000;0.0000;
110;   ;   ;   ;298.5000;65535.0000;302.0000;3.5000;0.0000;0.0000;0.0000;
111;   ;   ;   ;295.5000;65535.0000;304.0000;8.5000;0.0000;0.0000;0.0000;
112;   ;   ;   ;300.0000;65535.0000;302.0000;2.0000;0.0000;0.0000;0.0000;
113;   ;   ;   ;307.0000;65535.0000;296.0000;-11.0000;0.0000;0.0000;0.0000;
114;   ;   ;   ;296.0000;65535.0000;301.0000;5.0000;0.0000;0.0000;0.0000;
115;   ;   ;   ;304.0000;65535.0000;295.0000;-9.0000;0.0000;0.0000;0.0000;
116;   ;   ;   ;296.5000;65535.0000;304.0000;7.5000;0.0000;0.0000;0.0000;
117;   ;   ;   ;294.5000;65535.0000;301.5000;7.0000;0.0000;0.0000;0.0000;
118;   ;   ;   ;306.0000;65535.0000;310.0000;4.0000;0.0000;0.0000;0.0000;
119;   ;   ;   ;302.0000;65535.0000;307.5000;5.5000;0.0000;0.0000;0.0000;
120;   ;   ;   ;316.0000;65535.0000;302.0000;-14.0000;0.0000;0.0000;0.0000;
121;   ;   ;   ;302.5000;65535.0000;299.0000;-3.5000;0.0000;0.0000;0.0000;
122;   ;   ;   ;299.5000;65535.0000;297.5000;-2.0000;0.0000;0.0000;0.0000;
123;   ;   ;   ;304.0000;65535.0000;306.5000;2.5000;0.0000;0.0000;0.0000;
124;   ;   ;   ;303.5000;65535.0000;304.0000;0.5000;0.0000;0.0000;0.0000;
125;   ;   ;   ;307.5000;65535.0000;303.0000;-4.5000;0.0000;0.0000;0.0000;
126;   ;   ;   ;298.5000;65535.0000;301.5000;3.0000;0.0000;0.0000;0.0000;
127;   ;   ;   ;307.5000;65535.0000;298.0000;-9.5000;0.0000;0.0000;0.0000;
128;   ;   ;   ;301.0000;65535.0000;306.0000;5.0000;0.0000;0.0000;0.0000;
129;   ;   ;   ;305.0000;65535.0000;292.0000;-13.0000;0.0000;0.0000;0.0000;
130;   ;   ;   ;309.0000;65535.0000;308.0000;-1.0000;0.0000;0.0000;0.0000;
131;   ;   ;   ;299.0000;65535.0000;299.5000;0.5000;0.0000;0.0000;0.0000;
132;   ;   ;   ;304.5000;65535.0000;298.5000;-6.0000;0.0000;0.0000;0.0000;
133;   ;   ;   ;293.5000;65535.0000;296.5000;3.0000;0.0000;0.0000;0.0000;
134;   ;   ;   ;285.5000;65535.0000;303.5000;18.0000;0.0000;0.0000;0.0000;
135;   ;   ;   ;303.5000;65535.0000;305.0000;1.5000;0.0000;0.0000;0.0000;
136;   ;   ;   ;297.0000;65535.0000;304.5000;7.5000;0.0000;0.0000;0.0000;
137;   ;   ;   ;307.5000;65535.0000;301.5000;-6.0000;0.0000;0.0000;0.0000;
138;   ;   ;   ;294.5000;65535.0000;296.5000;2.0000;0.0000;0.0000;0.0000;
139;   ;   ;   ;302.5000;65535.0000;303.5000;1.0000;0.0000;0.0000;0.0000;
140;   ;   ;   ;297.5000;65535.0000;303.0000;5.5000;0.0000;0.0000;0.0000;
141;   ;   ;   ;309.0000;65535.0000;300.5000;-8.5000;0.0000;0.0000;0.0000;
142;   ;   ;   ;307.0000;65535.0000;308.5000;1.5000;0.0000;0.0000;0.0000;
143;   ;   ;   ;300.5000;65535.0000;299.0000;-1.5000;0.0000;0.0000;0.0000;
144;   ;   ;   ;309.5000;65535.0000;300.0000;-9.5000;0.0000;0.0000;0.0000;
145;   ;   ;   ;292.5000;65535.0000;299.0000;6.5000;0.0000;0.0000;0.0000;
146;   ;   ;   ;296.5000;65535.0000;295.5000;-1.0000;0.0000;0.0000;0.0000;
147;   ;   ;   ;306.0000;65535.0000;297.5000;-8.5000;0.0000;0.0000;0.0000;
148;   ;   ;   ;300.0000;65535.0000;306.5000;6.5000;0.0000;0.0000;0.0000;
149;   ;   ;   ;307.0000;65535.0000;302.0000;-5.0000;0.0000;0.0000;0.0000;
150;   ;   ;   ;294.5000;65535.0000;297.0000;2.5000;0.0000;0.0000;0.0000;
151;   ;   ;   ;304.0000;65535.0000;295.5000;-8.5000;0.0000;0.0000;0.0000;
152;   ;   ;   ;297.5000;65535.0000;313.5000;16.0000;0.0000;0.0000;0.0000;
153;   ;   ;   ;299.0000;65535.0000;299.5000;0.5000;0.0000;0.0000;0.0000;
154;   ;   ;   ;304.5000;65535.0000;308.0000;3.5000;0.0000;0.0000;0.0000;
155;   ;   ;   ;300.0000;65535.0000;291.5000;-8.5000;0.0000;0.0000;0.0000;
156;   ;   ;   ;306.0000;65535.0000;302.5000;-3.5000;0.0000;0.0000;0.0000;
157;   ;   ;   ;303.0000;65535.0000;305.0000;2.0000;0.0000;0.0000;0.0000;
158;   ;   ;   ;279.0000;65535.0000;295.5000;16.5000;0.0000;0.0000;0.0000;
159;   ;   ;   ;308.5000;65535.0000;309.5000;1.0000;0.0000;0.0000;0.0000;
160;   ;   ;   ;293.0000;65535.0000;300.0000;7.0000;0.0000;0.0000;0.0000;
161;   ;   ;   ;304.5000;65535.0000;304.5000;0.0000;0.0000;0.0000;0.0000;
162;   ;   ;   ;294.0000;65535.0000;307.0000;13.0000;0.0000;0.0000;0.0000;
163;   ;   ;   ;303.0000;65535.0000;301.0000;-2.0000;0.0000;0.0000;0.0000;
164;   ;   ;   ;299.5000;65535.0000;303.5000;4.0000;0.0000;0.0000;0.0000;
165;   ;   ;   ;306.5000;65535.0000;299.5000;-7.0000;0.0000;0.0000;0.0000;
166;   ;   ;   ;301.5000;65535.0000;296.5000;-5.0000;0.0000;0.0000;0.0000;
167;   ;   ;   ;289.5000;65535.0000;294.0000;4.5000;0.0000;0.0000;0.0000;
168;   ;   ;   ;308.5000;65535.0000;297.5000;-11.0000;0.0000;0.0000;0.0000;
169;   ;   ;   ;288.5000;65535.0000;306.0000;17.5000;0.0000;0.0000;0.0000;
170;   ;   ;   ;300.5000;65535.0000;298.5000;-2.0000;0.0000;0.0000;0.0000;
171;   ;   ;   ;314.0000;65535.0000;301.0000;-13.0000;0.0000;0.0000;0.0000;
172;   ;   ;   ;307.5000;65535.0000;290.5000;-17.0000;0.0000;0.0000;0.0000;
173;   ;   ;   ;299.0000;65535.0000;295.0000;-4.0000;0.0000;0.0000;0.0000;
174;   ;   ;   ;297.0000;65535.0000;297.0000;0.0000;0.0000;0.0000;0.0000;
175;   ;   ;   ;303.0000;65535.0000;298.0000;-5.0000;0.0000;0.0000;0.0000;
176;   ;   ;   ;299.0000;65535.0000;305.0000;6.0000;0.0000;0.0000;0.0000;
177;   ;   ;   ;299.5000;65535.0000;300.0000;0.5000;0.0000;0.0000;0.0000;
178;   ;   ;   ;307.5000;65535.0000;315.5000;8.0000;0.0000;0.0000;0.0000;
179;   ;   ;   ;301.0000;65535.0000;302.5000;1.5000;0.0000;0.0000;0.0000;
180;   ;   ;   ;311.0000;65535.0000;295.0000;-16.0000;0.0000;0.0000;0.0000;
181;   ;   ;   ;293.5000;65535.0000;299.5000;6.0000;0.0000;0.0000;0.0000;
182;   ;   ;   ;304.5000;65535.0000;300.5000;-4.0000;0.0000;0.0000;0.0000;
183;   ;   ;   ;298.5000;65535.0000;299.0000;0.5000;0.0000;0.0000;0.0000;
184;   ;   ;   ;306.0000;65535.0000;303.0000;-3.0000;0.0000;0.0000;0.0000;
185;   ;   ;   ;296.5000;65535.0000;315.0000;18.5000;0.0000;0.0000;0.0000;
186;   ;   ;   ;299.5000;65535.0000;296.5000;-3.0000;0.0000;0.0000;0.0000;
187;   ;   ;   ;299.5000;65535.0000;297.0000;-2.5000;0.0000;0.0000;0.0000;
188;   ;   ;   ;301.0000;65535.0000;301.5000;0.5000;0.0000;0.0000;0.0000;
189;   ;   ;   ;300.5000;65535.0000;298.5000;-2.0000;0.0000;0.0000;0.0000;
190;   ;   ;   ;304.5000;65535.0000;300.5000;-4.0000;0.0000;0.0000;0.0000;
191;   ;   ;   ;290.5000;65535.0000;297.0000;6.5000;0.0000;0.0000;0.0000;
192;   ;   ;   ;296.5000;65535.0000;297.5000;1.0000;0.0000;0.0000;0.0000;
193;   ;   ;   ;298.0000;65535.0000;306.0000;8.0000;0.0000;0.0000;0.0000;
194;   ;   ;   ;305.0000;65535.0000;300.5000;-4.5000;0.0000;0.0000;0.0000;
195;   ;   ;   ;307.0000;65535.0000;306.5000;-0.5000;0.0000;0.0000;0.0000;
196;   ;   ;   ;299.0000;65535.0000;300.0000;1.0000;0.0000;0.0000;0.0000;
197;   ;   ;   ;304.5000;65535.0000;300.0000;-4.5000;0.0000;0.0000;0.0000;
198;   ;   ;   ;300.5000;65535.0000;300.0000;-0.5000;0.0000;0.0000;0.0000;
199;   ;   ;   ;309.0000;65535.0000;295.0000;-14.0000;0.0000;0.0000;0.0000;
200;   ;   ;   ;295.0000;65535.0000;306.5000;11.5000;0.0000;0.0000;0.0000;
201;   ;   ;   ;307.0000;65535.0000;296.5000;-10.5000;0.0000;0.0000;0.0000;
202;   ;   ;   ;292.0000;65535.0000;301.0000;9.0000;0.0000;0.0000;0.0000;
203;   ;   ;   ;293.0000;65535.0000;294.0000;1.0000;0.0000;0.0000;0.0000;
204;   ;   ;   ;298.0000;65535.0000;302.0000;4.0000;0.0000;0.0000;0.0000;
205;   ;   ;   ;299.5000;65535.0000;310.5000;11.0000;0.0000;0.0000;0.0000;
206;   ;   ;   ;299.0000;65535.0000;301.5000;2.5000;0.0000;0.0000;0.0000;
207;   ;   ;   ;304.0000;65535.0000;304.0000;0.0000;0.0000;0.0000;0.0000;
208;   ;   ;   ;300.0000;65535.0000;289.5000;-10.5000;0.0000;0.0000;0.0000;
209;   ;   ;   ;315.0000;65535.0000;299.0000;-16.0000;0.0000;0.0000;0.0000;
210;   ;   ;   ;304.0000;65535.0000;300.0000;-4.0000;0.0000;0.0000;0.0000;
211;   ;   ;   ;300.5000;65535.0000;298.5000;-2.0000;0.0000;0.0000;0.0000;
212;   ;   ;   ;300.5000;65535.0000;308.5000;8.0000;0.0000;0.0000;0.0000;
213;   ;   ;   ;301.5000;65535.0000;302.0000;0.5000;0.0000;0.0000;0.0000;
214;   ;   ;   ;308.0000;65535.0000;298.0000;-10.0000;0.0000;0.0000;0.0000;
215;   ;   ;   ;295.5000;65535.0000;304.0000;8.5000;0.0000;0.0000;0.0000;
216;   ;   ;   ;298.5000;65535.0000;308.5000;10.0000;0.0000;0.0000;0.0000;
217;   ;   ;   ;296.0000;65535.0000;305.5000;9.5000;0.0000;0.0000;0.0000;
218;   ;   ;   ;301.0000;65535.0000;304.5000;3.5000;0.0000;0.0000;0.0000;
219;   ;   ;   ;302.5000;65535.0000;306.0000;3.5000;0.0000;0.0000;0.0000;
220;   ;   ;   ;299.0000;65535.0000;304.5000;5.5000;0.0000;0.0000;0.0000;
221;   ;   ;   ;299.0000;65535.0000;303.0000;4.0000;0.0000;0.0000;0.0000;
222;   ;   ;   ;301.0000;65535.0000;305.5000;4.5000;0.0000;0.0000;0.0000;
223;   ;   ;   ;302.5000;65535.0000;303.0000;0.5000;0.0000;0.0000;0.0000;
224;   ;   ;   ;301.0000;65535.0000;303.5000;2.5000;0.0000;0.0000;0.0000;
225;   ;   ;   ;302.0000;65535.0000;303.5000;1.5000;0.0000;0.0000;0.0000;
226;   ;   ;   ;297.0000;65535.0000;299.5000;2.5000;0.0000;0.0000;0.0000;
227;   ;   ;   ;297.0000;65535.0000;309.0000;12.0000;0.0000;0.0000;0.0000;
228;   ;   ;   ;300.0000;65535.0000;301.5000;1.5000;0.0000;0.0000;0.0000;
229;   ;   ;   ;302.5000;65535.0000;305.0000;2.5000;0.0000;0.0000;0.0000;
230;   ;   ;   ;298.0000;65535.0000;298.5000;0.5000;0.0000;0.0000;0.0000;
231;   ;   ;   ;308.5000;65535.0000;305.0000;-3.5000;0.0000;0.0000;0.0000;
232;   ;   ;   ;296.5000;65535.0000;293.0000;-3.5000;0.0000;0.0000;0.0000;
233;   ;   ;   ;297.0000;65535.0000;301.0000;4.0000;0.0000;0.0000;0.0000;
234;   ;   ;   ;301.5000;65535.0000;298.0000;-3.5000;0.0000;0.0000;0.0000;
235;   ;   ;   ;292.5000;65535.0000;303.0000;10.5000;0.0000;0.0000;0.0000;
236;   ;   ;   ;305.0000;65535.0000;302.5000;-2.5000;0.0000;0.0000;0.0000;
237;   ;   ;   ;301.0000;65535.0000;295.0000;-6.0000;0.0000;0.0000;0.0000;
238;   ;   ;   ;300.0000;65535.0000;294.5000;-5.5000;0.0000;0.0000;0.0000;
239;   ;   ;   ;300.0000;65535.0000;299.0000;-1.0000;0.0000;0.0000;0.0000;
240;   ;   ;   ;306.0000;65535.0000;306.5000;0.5000;0.0000;0.0000;0.0000;
241;   ;   ;   ;307.5000;65535.0000;307.5000;0.0000;0.0000;0.0000;0.0000;
242;   ;   ;   ;300.0000;65535.0000;298.5000;-1.5000;0.0000;0.0000;0.0000;
243;   ;   ;   ;302.0000;65535.0000;310.5000;8.5000;0.0000;0.0000;0.0000;
244;   ;   ;   ;297.5000;65535.0000;293.5000;-4.0000;0.0000;0.0000;0.0000;
245;   ;   ;   ;297.5000;65535.0000;297.5000;0.0000;0.0000;0.0000;0.0000;
246;   ;   ;   ;300.0000;65535.0000;308.0000;8.0000;0.0000;0.0000;0.0000;
247;   ;   ;   ;299.0000;65535.0000;300.5000;1.5000;0.0000;0.0000;0.0000;
248;   ;   ;   ;309.0000;65535.0000;304.5000;-4.5000;0.0000;0.0000;0.0000;
249;   ;   ;   ;302.0000;65535.0000;300.0000;-2.0000;0.0000;0.0000;0.0000;
250;   ;   ;   ;309.0000;65535.0000;299.0000;-10.0000;0.0000;0.0000;0.0000;
251;   ;   ;   ;300.5000;65535.0000;309.0000;8.5000;0.0000;0.0000;0.0000;
252;   ;   ;   ;305.5000;65535.0000;298.0000;-7.5000;0.0000;0.0000;0.0000;
253;   ;   ;   ;302.0000;65535.0000;302.5000;0.5000;0.0000;0.0000;0.0000;
254;   ;   ;   ;299.0000;65535.0000;297.5000;-1.5000;0.0000;0.0000;0.0000;
255;   ;   ;   ;306.5000;65535.0000;297.5000;-9.0000;0.0000;0.0000;0.0000;
256;   ;   ;   ;295.0000;65535.0000;294.0000;-1.0000;0.0000;0.0000;0.0000;
257;   ;   ;   ;302.5000;65535.0000;294.5000;-8.0000;0.0000;0.0000;0.0000;
258;   ;   ;   ;301.5000;65535.0000;303.5000;2.0000;0.0000;0.0000;0.0000;
259;   ;   ;   ;302.0000;65535.0000;299.0000;-3.0000;0.0000;0.0000;0.0000;
260;   ;   ;   ;296.0000;65535.0000;297.5000;1.5000;0.0000;0.0000;0.0000;
261;   ;   ;   ;297.5000;65535.0000;298.0000;0.5000;0.0000;0.0000;0.0000;
262;   ;   ;   ;303.5000;65535.0000;297.0000;-6.5000;0.0000;0.0000;0.0000;
263;   ;   ;   ;300.0000;65535.0000;297.5000;-2.5000;0.0000;0.0000;0.0000;
264;   ;   ;   ;301.0000;65535.0000;297.5000;-3.5000;0.0000;0.0000;0.0000;
265;   ;   ;   ;305.0000;65535.0000;306.0000;1.0000;0.0000;0.0000;0.0000;
266;   ;   ;   ;293.0000;65535.0000;290.5000;-2.5000;0.0000;0.0000;0.0000;
267;   ;   ;   ;307.5000;65535.0000;302.5000;-5.0000;0.0000;0.0000;0.0000;
268;   ;   ;   ;298.0000;65535.0000;295.5000;-2.5000;0.0000;0.0000;0.0000;
269;   ;   ;   ;302.5000;65535.0000;302.0000;-0.5000;0.0000;0.0000;0.0000;
270;   ;   ;   ;306.0000;65535.0000;301.0000;-5.0000;0.0000;0.0000;0.0000;
271;   ;   ;   ;305.0000;65535.0000;302.0000;-3.0000;0.0000;0.0000;0.0000;
272;   ;   ;   ;303.5000;65535.0000;303.0000;-0.5000;0.0000;0.0000;0.0000;
273;   ;   ;   ;293.0000;65535.0000;291.5000;-1.5000;0.0000;0.0000;0.0000;
274;   ;   ;   ;299.5000;65535.0000;303.5000;4.0000;0.0000;0.0000;0.0000;
275;   ;   ;   ;301.5000;65535.0000;301.5000;0.0000;0.0000;0.0000;0.0000;
276;   ;   ;   ;301.5000;65535.0000;319.5000;18.0000;0.0000;0.0000;0.0000;
277;   ;   ;   ;304.0000;65535.0000;308.0000;4.0000;0.0000;0.0000;0.0000;
278;   ;   ;   ;300.5000;65535.0000;291.0000;-9.5000;0.0000;0.0000;0.0000;
279;   ;   ;   ;298.5000;65535.0000;302.5000;4.0000;0.0000;0.0000;0.0000;
280;   ;   ;   ;297.5000;65535.0000;296.5000;-1.0000;0.0000;0.0000;0.0000;
281;   ;   ;   ;303.5000;65535.0000;305.0000;1.5000;0.0000;0.0000;0.0000;
282;   ;   ;   ;300.5000;65535.0000;310.0000;9.5000;0.0000;0.0000;0.0000;
283;   ;   ;   ;305.0000;65535.0000;299.0000;-6.0000;0.0000;0.0000;0.0000;
284;   ;   ;   ;306.0000;65535.0000;303.5000;-2.5000;0.0000;0.0000;0.0000;
285;   ;   ;   ;302.5000;65535.0000;297.5000;-5.0000;0.0000;0.0000;0.0000;
286;   ;   ;   ;300.5000;65535.0000;305.5000;5.0000;0.0000;0.0000;0.0000;
287;   ;   ;   ;295.5000;65535.0000;303.5000;8.0000;0.0000;0.0000;0.0000;
288;   ;   ;   ;301.0000;65535.0000;301.0000;0.0000;0.0000;0.0000;0.0000;
289;   ;   ;   ;295.0000;65535.0000;308.0000;13.0000;0.0000;0.0000;0.0000;
290;   ;   ;   ;301.5000;65535.0000;290.5000;-11.0000;0.0000;0.0000;0.0000;
291;   ;   ;   ;306.5000;65535.0000;302.5000;-4.0000;0.0000;0.0000;0.0000;
292;   ;   ;   ;291.0000;65535.0000;297.0000;6.0000;0.0000;0.0000;0.0000;
293;   ;   ;   ;306.0000;65535.0000;303.5000;-2.5000;0.0000;0.0000;0.0000;
294;   ;   ;   ;308.0000;65535.0000;302.0000;-6.0000;0.0000;0.0000;0.0000;
295;   ;   ;   ;299.5000;65535.0000;297.0000;-2.5000;0.0000;0.0000;0.0000;
296;   ;   ;   ;307.0000;65535.0000;305.0000;-2.0000;0.0000;0.0000;0.0000;
297;   ;   ;   ;298.5000;65535.0000;296.0000;-2.5000;0.0000;0.0000;0.0000;
298;   ;   ;   ;302.0000;65535.0000;301.0000;-1.0000;0.0000;0.0000;0.0000;
299;   ;   ;   ;297.5000;65535.0000;297.5000;0.0000;0.0000;0.0000;0.0000;
300;   ;   ;   ;297.0000;65535.0000;305.0000;8.0000;0.0000;0.0000;0.0000;
301;   ;   ;   ;307.0000;65535.0000;313.0000;6.0000;0.0000;0.0000;0.0000;
302;   ;   ;   ;291.0000;65535.0000;295.0000;4.0000;0.0000;0.0000;0.0000;
303;   ;   ;   ;307.0000;65535.0000;307.0000;0.0000;0.0000;0.0000;0.0000;
304;   ;   ;   ;292.0000;65535.0000;301.0000;9.0000;0.0000;0.0000;0.0000;
305;   ;   ;   ;306.5000;65535.0000;300.0000;-6.5000;0.0000;0.0000;0.0000;
306;   ;   ;   ;303.0000;65535.0000;305.0000;2.0000;0.0000;0.0000;0.0000;
307;   ;   ;   ;297.0000;65535.0000;295.0000;-2.0000;0.0000;0.0000;0.0000;
308;   ;   ;   ;302.5000;65535.0000;298.5000;-4.0000;0.0000;0.0000;0.0000;
309;   ;   ;   ;300.5000;65535.0000;301.0000;0.5000;0.0000;0.0000;0.0000;
310;   ;   ;   ;295.0000;65535.0000;297.0000;2.0000;0.0000;0.0000;0.0000;
311;   ;   ;   ;300.0000;65535.0000;304.0000;4.0000;0.0000;0.0000;0.0000;
312;   ;   ;   ;312.0000;65535.0000;294.0000;-18.0000;0.0000;0.0000;0.0000;
313;   ;   ;   ;297.5000;65535.0000;304.0000;6.5000;0.0000;0.0000;0.0000;
314;   ;   ;   ;299.5000;65535.0000;298.5000;-1.0000;0.0000;0.0000;0.0000;
315;   ;   ;   ;296.0000;65535.0000;305.0000;9.0000;0.0000;0.0000;0.0000;
316;   ;   ;   ;302.0000;65535.0000;306.0000;4.0000;0.0000;0.0000;0.0000;
317;   ;   ;   ;293.0000;65535.0000;304.0000;11.0000;0.0000;0.0000;0.0000;
318;   ;   ;   ;316.0000;65535.0000;302.0000;-14.0000;0.0000;0.0000;0.0000;
319;   ;   ;   ;293.5000;65535.0000;300.5000;7.0000;0.0000;0.0000;0.0000;
320;   ;   ;   ;308.0000;65535.0000;300.0000;-8.0000;0.0000;0.0000;0.0000;
321;   ;   ;   ;295.5000;65535.0000;299.5000;4.0000;0.0000;0.0000;0.0000;
322;   ;   ;   ;306.0000;65535.0000;304.0000;-2.0000;0.0000;0.0000;0.0000;
323;   ;   ;   ;300.5000;65535.0000;298.0000;-2.5000;0.0000;0.0000;0.0000;
324;   ;   ;   ;303.0000;65535.0000;300.5000;-2.5000;0.0000;0.0000;0.0000;
325;   ;   ;   ;303.0000;65535.0000;298.0000;-5.0000;0.0000;0.0000;0.0000;
326;   ;   ;   ;302.5000;65535.0000;301.5000;-1.0000;0.0000;0.0000;0.0000;
327;   ;   ;   ;299.5000;65535.0000;299.5000;0.0000;0.0000;0.0000;0.0000;
328;   ;   ;   ;298.0000;65535.0000;300.0000;2.0000;0.0000;0.0000;0.0000;
329;   ;   ;   ;302.0000;65535.0000;296.5000;-5.5000;0.0000;0.0000;0.0000;
330;   ;   ;   ;301.5000;65535.0000;300.0000;-1.5000;0.0000;0.0000;0.0000;
331;   ;   ;   ;291.5000;65535.0000;294.0000;2.5000;0.0000;0.0000;0.0000;
332;   ;   ;   ;301.5000;65535.0000;306.5000;5.0000;0.0000;0.0000;0.0000;
333;   ;   ;   ;298.0000;65535.0000;297.5000;-0.5000;0.0000;0.0000;0.0000;
334;   ;   ;   ;301.0000;65535.0000;299.5000;-1.5000;0.0000;0.0000;0.0000;
335;   ;   ;   ;298.5000;65535.0000;303.5000;5.0000;0.0000;0.0000;0.0000;
336;   ;   ;   ;297.5000;65535.0000;297.5000;0.0000;0.0000;0.0000;0.0000;
337;   ;   ;   ;301.5000;65535.0000;301.0000;-0.5000;0.0000;0.0000;0.0000;
338;   ;   ;   ;300.0000;65535.0000;297.5000;-2.5000;0.0000;0.0000;0.0000;
339;   ;   ;   ;301.5000;65535.0000;303.5000;2.0000;0.0000;0.0000;0.0000;
340;   ;   ;   ;293.5000;65535.0000;297.0000;3.5000;0.0000;0.0000;0.0000;
341;   ;   ;   ;301.0000;65535.0000;300.0000;-1.0000;0.0000;0.0000;0.0000;
342;   ;   ;   ;302.0000;65535.0000;297.0000;-5.0000;0.0000;0.0000;0.0000;
343;   ;   ;   ;298.5000;65535.0000;292.5000;-6.0000;0.0000;0.0000;0.0000;
344;   ;   ;   ;301.0000;65535.0000;298.0000;-3.0000;0.0000;0.0000;0.0000;
345;   ;   ;   ;299.5000;65535.0000;296.0000;-3.5000;0.0000;0.0000;0.0000;
346;   ;   ;   ;294.5000;65535.0000;304.0000;9.5000;0.0000;0.0000;0.0000;
347;   ;   ;   ;304.0000;65535.0000;311.0000;7.0000;0.0000;0.0000;0.0000;
348;   ;   ;   ;307.5000;65535.0000;291.5000;-16.0000;0.0000;0.0000;0.0000;
349;   ;   ;   ;294.5000;65535.0000;293.0000;-1.5000;0.0000;0.0000;0.0000;
350;   ;   ;   ;304.5000;65535.0000;298.0000;-6.5000;0.0000;0.0000;0.0000;
351;   ;   ;   ;300.5000;65535.0000;298.5000;-2.0000;0.0000;0.0000;0.0000;
352;   ;   ;   ;312.0000;65535.0000;308.5000;-3.5000;0.0000;0.0000;0.0000;
353;   ;   ;   ;301.5000;65535.0000;301.0000;-0.5000;0.0000;0.0000;0.0000;
354;   ;   ;   ;302.0000;65535.0000;300.0000;-2.0000;0.0000;0.0000;0.0000;
355;   ;   ;   ;296.0000;65535.0000;293.0000;-3.0000;0.0000;0.0000;0.0000;
356;   ;   ;   ;307.5000;65535.0000;297.5000;-10.0000;0.0000;0.0000;0.0000;
357;   ;   ;   ;297.5000;65535.0000;299.5000;2.0000;0.0000;0.0000;0.0000;
358;   ;   ;   ;302.0000;65535.0000;300.5000;-1.5000;0.0000;0.0000;0.0000;
359;   ;   ;   ;298.0000;65535.0000;302.5000;4.5000;0.0000;0.0000;0.0000;
360;   ;   ;   ;300.0000;65535.0000;301.0000;1.0000;0.0000;0.0000;0.0000;
361;   ;   ;   ;306.0000;65535.0000;303.0000;-3.0000;0.0000;0.0000;0.0000;
362;   ;   ;   ;307.5000;65535.0000;298.0000;-9.5000;0.0000;0.0000;0.0000;
363;   ;   ;   ;293.0000;65535.0000;297.5000;4.5000;0.0000;0.0000;0.0000;
364;   ;   ;   ;305.0000;65535.0000;305.0000;0.0000;0.0000;0.0000;0.0000;
365;   ;   ;   ;302.5000;65535.0000;304.0000;1.5000;0.0000;0.0000;0.0000;
366;   ;   ;   ;297.5000;65535.0000;296.0000;-1.5000;0.0000;0.0000;0.0000;
367;   ;   ;   ;302.0000;65535.0000;296.5000;-5.5000;0.0000;0.0000;0.0000;
368;   ;   ;   ;299.5000;65535.0000;314.5000;15.0000;0.0000;0.0000;0.0000;
369;   ;   ;   ;309.5000;65535.0000;301.5000;-8.0000;0.0000;0.0000;0.0000;
370;   ;   ;   ;302.5000;65535.0000;298.0000;-4.5000;0.0000;0.0000;0.0000;
371;   ;   ;   ;304.5000;65535.0000;304.5000;0.0000;0.0000;0.0000;0.0000;
372;   ;   ;   ;297.0000;65535.0000;296.5000;-0.5000;0.0000;0.0000;0.0000;
373;   ;   ;   ;306.0000;65535.0000;300.0000;-6.0000;0.0000;0.0000;0.0000;
374;   ;   ;   ;296.0000;65535.0000;294.5000;-1.5000;0.0000;0.0000;0.0000;
375;   ;   ;   ;298.0000;65535.0000;288.0000;-10.0000;0.0000;0.0000;0.0000;
376;   ;   ;   ;305.0000;65535.0000;308.0000;3.0000;0.0000;0.0000;0.0000;
377;   ;   ;   ;294.5000;65535.0000;298.0000;3.5000;0.0000;0.0000;0.0000;
378;   ;   ;   ;303.0000;65535.0000;302.5000;-0.5000;0.0000;0.0000;0.0000;
379;   ;   ;   ;309.5000;65535.0000;295.5000;-14.0000;0.0000;0.0000;0.0000;
380;   ;   ;   ;313.0000;65535.0000;309.0000;-4.0000;0.0000;0.0000;0.0000;
381;   ;   ;   ;293.0000;65535.0000;297.5000;4.5000;0.0000;0.0000;0.0000;
382;   ;   ;   ;296.5000;65535.0000;304.5000;8.0000;0.0000;0.0000;0.0000;
383;   ;   ;   ;313.0000;65535.0000;309.0000;-4.0000;0.0000;0.0000;0.0000;
384;   ;   ;   ;298.5000;65535.0000;302.0000;3.5000;0.0000;0.0000;0.0000;
385;   ;   ;   ;317.0000;65535.0000;294.5000;-22.5000;0.0000;0.0000;0.0000;
386;   ;   ;   ;298.5000;65535.0000;296.0000;-2.5000;0.0000;0.0000;0.0000;
387;   ;   ;   ;297.0000;65535.0000;305.0000;8.0000;0.0000;0.0000;0.0000;
388;   ;   ;   ;307.0000;65535.0000;308.5000;1.5000;0.0000;0.0000;0.0000;
389;   ;   ;   ;300.5000;65535.0000;294.0000;-6.5000;0.0000;0.0000;0.0000;
390;   ;   ;   ;306.0000;65535.0000;304.0000;-2.0000;0.0000;0.0000;0.0000;
391;   ;   ;   ;299.0000;65535.0000;295.0000;-4.0000;0.0000;0.0000;0.0000;
392;   ;   ;   ;295.0000;65535.0000;302.0000;7.0000;0.0000;0.0000;0.0000;
393;   ;   ;   ;296.5000;65535.0000;309.5000;13.0000;0.0000;0.0000;0.0000;
394;   ;   ;   ;299.5000;65535.0000;304.0000;4.5000;0.0000;0.0000;0.0000;
395;   ;   ;   ;301.0000;65535.0000;299.5000;-1.5000;0.0000;0.0000;0.0000;
396;   ;   ;   ;297.0000;65535.0000;291.0000;-6.0000;0.0000;0.0000;0.0000;
397;   ;   ;   ;314.5000;65535.0000;302.5000;-12.0000;0.0000;0.0000;0.0000;
398;   ;   ;   ;297.5000;65535.0000;300.5000;3.0000;0.0000;0.0000;0.0000;
399;   ;   ;   ;293.0000;65535.0000;300.0000;7.0000;0.0000;0.0000;0.0000;
400;   ;   ;   ;309.0000;65535.0000;303.5000;-5.5000;0.0000;0.0000;0.0000;
401;   ;   ;   ;298.0000;65535.0000;296.5000;-1.5000;0.0000;0.0000;0.0000;
402;   ;   ;   ;293.5000;65535.0000;281.0000;-12.5000;0.0000;0.0000;0.0000;
403;   ;   ;   ;303.5000;65535.0000;308.5000;5.0000;0.0000;0.0000;0.0000;
404;   ;   ;   ;304.5000;65535.0000;296.5000;-8.0000;0.0000;0.0000;0.0000;
405;   ;   ;   ;297.0000;65535.0000;301.5000;4.5000;0.0000;0.0000;0.0000;
406;   ;   ;   ;302.0000;65535.0000;302.0000;0.0000;0.0000;0.0000;0.0000;
407;   ;   ;   ;304.0000;65535.0000;304.5000;0.5000;0.0000;0.0000;0.0000;
408;   ;   ;   ;292.0000;65535.0000;294.0000;2.0000;0.0000;0.0000;0.0000;
409;   ;   ;   ;308.5000;65535.0000;296.0000;-12.5000;0.0000;0.0000;0.0000;
410;   ;   ;   ;297.0000;65535.0000;297.0000;0.0000;0.0000;0.0000;0.0000;
411;   ;   ;   ;310.0000;65535.0000;299.0000;-11.0000;0.0000;0.0000;0.0000;
412;   ;   ;   ;304.0000;65535.0000;309.0000;5.0000;0.0000;0.0000;0.0000;
413;   ;   ;   ;303.5000;65535.0000;295.0000;-8.5000;0.0000;0.0000;0.0000;
414;   ;   ;   ;299.5000;65535.0000;303.5000;4.0000;0.0000;0.0000;0.0000;
415;   ;   ;   ;298.0000;65535.0000;305.0000;7.0000;0.0000;0.0000;0.0000;
416;   ;   ;   ;297.5000;65535.0000;301.0000;3.5000;0.0000;0.0000;0.0000;
417;   ;   ;   ;298.0000;65535.0000;304.0000;6.0000;0.0000;0.0000;0.0000;
418;   ;   ;   ;295.0000;65535.0000;302.0000;7.0000;0.0000;0.0000;0.0000;
419;   ;   ;   ;295.0000;65535.0000;301.0000;6.0000;0.0000;0.0000;0.0000;
420;   ;   ;   ;298.0000;65535.0000;298.0000;0.0000;0.0000;0.0000;0.0000;
421;   ;   ;   ;310.0000;65535.0000;304.0000;-6.0000;0.0000;0.0000;0.0000;
422;   ;   ;   ;296.0000;65535.0000;293.5000;-2.5000;0.0000;0.0000;0.0000;
423;   ;   ;   ;298.5000;65535.0000;304.5000;6.0000;0.0000;0.0000;0.0000;
424;   ;   ;   ;311.0000;65535.0000;306.5000;-4.5000;0.0000;0.0000;0.0000;
425;   ;   ;   ;306.5000;65535.0000;306.0000;-0.5000;0.0000;0.0000;0.0000;
426;   ;   ;   ;307.0000;65535.0000;300.0000;-7.0000;0.0000;0.0000;0.0000;
427;   ;   ;   ;295.0000;65535.0000;303.5000;8.5000;0.0000;0.0000;0.0000;
428;   ;   ;   ;300.5000;65535.0000;307.0000;6.5000;0.0000;0.0000;0.0000;
429;   ;   ;   ;298.0000;65535.0000;305.0000;7.0000;0.0000;0.0000;0.0000;
430;   ;   ;   ;299.5000;65535.0000;300.5000;1.0000;0.0000;0.0000;0.0000;
431;   ;   ;   ;291.5000;65535.0000;303.0000;11.5000;0.0000;0.0000;0.0000;
432;   ;   ;   ;299.5000;65535.0000;298.5000;-1.0000;0.0000;0.0000;0.0000;
433;   ;   ;   ;296.0000;65535.0000;305.5000;9.5000;0.0000;0.0000;0.0000;
434;   ;   ;   ;294.5000;65535.0000;304.5000;10.0000;0.0000;0.0000;0.0000;
435;   ;   ;   ;302.0000;65535.0000;299.5000;-2.5000;0.0000;0.0000;0.0000;
436;   ;   ;   ;308.0000;65535.0000;298.0000;-10.0000;0.0000;0.0000;0.0000;
437;   ;   ;   ;301.5000;65535.0000;296.5000;-5.0000;0.0000;0.0000;0.0000;
438;   ;   ;   ;308.0000;65535.0000;302.5000;-5.5000;0.0000;0.0000;0.0000;
439;   ;   ;   ;306.0000;65535.0000;307.0000;1.0000;0.0000;0.0000;0.0000;
440;   ;   ;   ;299.0000;65535.0000;297.0000;-2.0000;0.0000;0.0000;0.0000;
441;   ;   ;   ;304.5000;65535.0000;306.5000;2.0000;0.0000;0.0000;0.0000;
442;   ;   ;   ;304.5000;65535.0000;293.5000;-11.0000;0.0000;0.0000;0.0000;
443;   ;   ;   ;300.5000;65535.0000;307.0000;6.5000;0.0000;0.0000;0.0000;
444;   ;   ;   ;298.5000;65535.0000;303.5000;5.0000;0.0000;0.0000;0.0000;
445;   ;   ;   ;312.0000;65535.0000;308.5000;-3.5000;0.0000;0.0000;0.0000;
446;   ;   ;   ;298.0000;65535.0000;309.5000;11.5000;0.0000;0.0000;0.0000;
447;   ;   ;   ;293.5000;65535.0000;304.0000;10.5000;0.0000;0.0000;0.0000;
448;   ;   ;   ;303.0000;65535.0000;311.5000;8.5000;0.0000;0.0000;0.0000;
449;   ;   ;   ;298.0000;65535.0000;298.5000;0.5000;0.0000;0.0000;0.0000;
450;   ;   ;   ;307.0000;65535.0000;296.0000;-11.0000;0.0000;0.0000;0.0000;
451;   ;   ;   ;298.0000;65535.0000;306.0000;8.0000;0.0000;0.0000;0.0000;
452;   ;   ;   ;299.0000;65535.0000;304.5000;5.5000;0.0000;0.0000;0.0000;
453;   ;   ;   ;303.0000;65535.0000;306.5000;3.5000;0.0000;0.0000;0.0000;
454;   ;   ;   ;305.0000;65535.0000;300.0000;-5.0000;0.0000;0.0000;0.0000;
455;   ;   ;   ;306.0000;65535.0000;314.5000;8.5000;0.0000;0.0000;0.0000;
456;   ;   ;   ;300.0000;65535.0000;302.5000;2.5000;0.0000;0.0000;0.0000;
457;   ;   ;   ;305.0000;65535.0000;304.5000;-0.5000;0.0000;0.0000;0.0000;
458;   ;   ;   ;297.0000;65535.0000;322.0000;25.0000;0.0000;0.0000;0.0000;
459;   ;   ;   ;306.5000;65535.0000;307.0000;0.5000;0.0000;0.0000;0.0000;
460;   ;   ;   ;298.5000;65535.0000;307.0000;8.5000;0.0000;0.0000;0.0000;
461;   ;   ;   ;301.0000;65535.0000;303.5000;2.5000;0.0000;0.0000;0.0000;
462;   ;   ;   ;301.5000;65535.0000;304.0000;2.5000;0.0000;0.0000;0.0000;
463;   ;   ;   ;299.0000;65535.0000;310.0000;11.0000;0.0000;0.0000;0.0000;
464;   ;   ;   ;292.0000;65535.0000;306.5000;14.5000;0.0000;0.0000;0.0000;
465;   ;   ;   ;304.5000;65535.0000;310.5000;6.0000;0.0000;0.0000;0.0000;
466;   ;   ;   ;300.0000;65535.0000;297.0000;-3.0000;0.0000;0.0000;0.0000;
467;   ;   ;   ;300.0000;65535.0000;295.0000;-5.0000;0.0000;0.0000;0.0000;
468;   ;   ;   ;301.0000;65535.0000;302.5000;1.5000;0.0000;0.0000;0.0000;
469;   ;   ;   ;311.0000;65535.0000;303.0000;-8.0000;0.0000;0.0000;0.0000;
470;   ;   ;   ;291.5000;65535.0000;311.5000;20.0000;0.0000;0.0000;0.0000;
471;   ;   ;   ;303.5000;65535.0000;307.0000;3.5000;0.0000;0.0000;0.0000;
472;   ;   ;   ;299.0000;65535.0000;316.5000;17.5000;0.0000;0.0000;0.0000;
473;   ;   ;   ;300.5000;65535.0000;306.5000;6.0000;0.0000;0.0000;0.0000;
474;   ;   ;   ;303.0000;65535.0000;301.0000;-2.0000;0.0000;0.0000;0.0000;
475;   ;   ;   ;297.5000;65535.0000;304.0000;6.5000;0.0000;0.0000;0.0000;
476;   ;   ;   ;307.0000;65535.0000;309.5000;2.5000;0.0000;0.0000;0.0000;
477;   ;   ;   ;308.5000;65535.0000;315.5000;7.0000;0.0000;0.0000;0.0000;
478;   ;   ;   ;294.0000;65535.0000;297.5000;3.5000;0.0000;0.0000;0.0000;
479;   ;   ;   ;297.0000;65535.0000;314.5000;17.5000;0.0000;0.0000;0.0000;
480;   ;   ;   ;301.5000;65535.0000;314.5000;13.0000;0.0000;0.0000;0.0000;
481;   ;   ;   ;313.5000;65535.0000;315.0000;1.5000;0.0000;0.0000;0.0000;
482;   ;   ;   ;299.5000;65535.0000;327.5000;28.0000;0.0000;0.0000;0.0000;
483;   ;   ;   ;297.5000;65535.0000;321.5000;24.0000;0.0000;0.0000;0.0000;
484;   ;   ;   ;286.0000;65535.0000;321.0000;35.0000;0.0000;0.0000;0.0000;
485;   ;   ;   ;293.0000;65535.0000;314.0000;21.0000;0.0000;0.0000;0.0000;
486;   ;   ;   ;298.5000;65535.0000;308.5000;10.0000;0.0000;0.0000;0.0000;
487;   ;   ;   ;299.5000;65535.0000;314.5000;15.0000;0.0000;0.0000;0.0000;
488;   ;   ;   ;299.0000;65535.0000;303.5000;4.5000;0.0000;0.0000;0.0000;
489;   ;   ;   ;304.0000;65535.0000;309.5000;5.5000;0.0000;0.0000;0.0000;
490;   ;   ;   ;299.0000;65535.0000;302.5000;3.5000;0.0000;0.0000;0.0000;
491;   ;   ;   ;302.0000;65535.0000;307.0000;5.0000;0.0000;0.0000;0.0000;
492;   ;   ;   ;308.5000;65535.0000;310.5000;2.0000;0.0000;0.0000;0.0000;
493;   ;   ;   ;293.0000;65535.0000;304.5000;11.5000;0.0000;0.0000;0.0000;
494;   ;   ;   ;303.0000;65535.0000;315.0000;12.0000;0.0000;0.0000;0.0000;
495;   ;   ;   ;292.5000;65535.0000;309.0000;16.5000;0.0000;0.0000;0.0000;
496;   ;   ;   ;301.5000;65535.0000;309.5000;8.0000;0.0000;0.0000;0.0000;
497;   ;   ;   ;299.0000;65535.0000;314.0000;15.0000;0.0000;0.0000;0.0000;
498;   ;   ;   ;314.5000;65535.0000;313.5000;-1.0000;0.0000;0.0000;0.0000;
499;   ;   ;   ;293.0000;65535.0000;312.0000;19.0000;0.0000;0.0000;0.0000;
500;   ;   ;   ;299.0000;65535.0000;312.0000;13.0000;0.0000;0.0000;0.0000;
501;   ;   ;   ;301.0000;65535.0000;329.0000;28.0000;0.0000;0.0000;0.0000;
502;   ;   ;   ;295.0000;65535.0000;310.5000;15.5000;0.0000;0.0000;0.0000;
503;   ;   ;   ;301.0000;65535.0000;310.5000;9.5000;0.0000;0.0000;0.0000;
504;   ;   ;   ;302.0000;65535.0000;311.0000;9.0000;0.0000;0.0000;0.0000;
505;   ;   ;   ;304.5000;65535.0000;309.0000;4.5000;0.0000;0.0000;0.0000;
506;   ;   ;   ;303.0000;65535.0000;319.5000;16.5000;0.0000;0.0000;0.0000;
507;   ;   ;   ;299.5000;65535.0000;306.0000;6.5000;0.0000;0.0000;0.0000;
508;   ;   ;   ;298.5000;65535.0000;316.0000;17.5000;0.0000;0.0000;0.0000;
509;   ;   ;   ;295.0000;65535.0000;313.0000;18.0000;0.0000;0.0000;0.0000;
510;   ;   ;   ;297.0000;65535.0000;320.5000;23.5000;0.0000;0.0000;0.0000;
511;   ;   ;   ;297.5000;65535.0000;323.5000;26.0000;0.0000;0.0000;0.0000;
512;   ;   ;   ;302.0000;65535.0000;319.0000;17.0000;0.0000;0.0000;0.0000;
513;   ;   ;   ;301.0000;65535.0000;320.0000;19.0000;0.0000;0.0000;0.0000;
514;   ;   ;   ;294.0000;65535.0000;315.0000;21.0000;0.0000;0.0000;0.0000;
515;   ;   ;   ;302.0000;65535.0000;320.0000;18.0000;0.0000;0.0000;0.0000;
516;   ;   ;   ;297.0000;65535.0000;325.5000;28.5000;0.0000;0.0000;0.0000;
517;   ;   ;   ;297.0000;65535.0000;321.0000;24.0000;0.0000;0.0000;0.0000;
518;791.08;12641.03;97.83;318.0000;65535.0000;328.0000;10.0000;0.0000;0.0000;0.0000;
519;791.26;12638.07;100.79;304.0000;65535.0000;317.0000;13.0000;0.0000;0.0000;0.0000;
520;791.45;12635.11;103.74;297.0000;65535.0000;323.5000;26.5000;0.0000;0.0000;0.0000;
521;791.63;12632.16;106.70;298.0000;65535.0000;319.0000;21.0000;0.0000;0.0000;0.0000;
522;791.82;12629.20;109.65;301.5000;65535.0000;331.0000;29.5000;0.0000;0.0000;0.0000;
523;792.00;12626.25;112.60;299.5000;65535.0000;335.5000;36.0000;0.0000;0.0000;0.0000;
524;792.19;12623.30;115.56;302.5000;65535.0000;330.0000;27.5000;0.0000;0.0000;0.0000;
525;792.37;12620.35;118.50;298.0000;65535.0000;329.0000;31.0000;0.0000;0.0000;0.0000;
526;792.56;12617.40;121.45;296.0000;65535.0000;322.5000;26.5000;0.0000;0.0000;0.0000;
527;792.74;12614.45;124.40;300.0000;65535.0000;332.5000;32.5000;0.0000;0.0000;0.0000;
528;792.93;12611.51;127.34;299.0000;65535.0000;336.0000;37.0000;0.0000;0.0000;0.0000;
529;793.11;12608.57;130.29;310.0000;65535.0000;346.5000;36.5000;0.0000;0.0000;0.0000;
530;793.30;12605.62;133.23;304.5000;65535.0000;351.5000;47.0000;0.0000;0.0000;0.0000;
531;793.48;12602.68;136.17;288.5000;65535.0000;338.0000;49.5000;0.0000;0.0000;0.0000;
532;793.67;12599.74;139.11;300.0000;65535.0000;363.0000;63.0000;0.0000;0.0000;0.0000;
533;793.85;12596.81;142.05;305.0000;65535.0000;376.0000;71.0000;0.0000;0.0000;0.0000;
534;794.04;12593.87;144.98;304.5000;65535.0000;404.0000;99.5000;0.0000;0.0000;0.0000;
535;794.22;12590.94;147.92;304.0000;65535.0000;453.5000;149.5000;0.0000;0.0000;0.0000;
536;794.41;12588.00;150.85;299.0000;65535.0000;472.0000;173.0000;0.0000;0.0000;0.0000;
537;794.59;12585.07;153.78;310.5000;65535.0000;523.5000;213.0000;0.0000;0.0000;0.0000;
538;794.78;12582.14;156.71;299.0000;65535.0000;590.5000;291.5000;0.0000;0.0000;0.0000;
539;794.96;12579.21;159.64;305.5000;65535.0000;694.5000;389.0000;0.0000;0.0000;0.0000;
540;795.15;12576.28;162.57;298.0000;65535.0000;764.5000;466.5000;0.0000;0.0000;0.0000;
541;795.33;12573.36;165.50;301.5000;65535.0000;808.0000;506.5000;0.0000;0.0000;0.0000;
542;795.52;12570.43;168.42;300.5000;65535.0000;841.0000;540.5000;0.0000;0.0000;0.0000;
543;795.70;12567.51;171.34;296.5000;65535.0000;875.0000;578.5000;0.0000;0.0000;0.0000;
544;795.89;12564.59;174.26;304.5000;65535.0000;903.0000;598.5000;0.0000;0.0000;0.0000;
545;796.07;12561.67;177.18;302.5000;65535.0000;920.0000;617.5000;0.0000;0.0000;0.0000;
546;796.26;12558.75;180.10;304.5000;65535.0000;924.5000;620.0000;0.0000;0.0000;0.0000;
547;796.44;12555.83;183.02;302.5000;65535.0000;949.5000;647.0000;0.0000;0.0000;0.0000;
548;796.63;12552.92;185.94;306.0000;65535.0000;926.5000;620.5000;0.0000;0.0000;0.0000;
549;796.81;12550.00;188.85;300.0000;65535.0000;948.0000;648.0000;0.0000;0.0000;0.0000;
550;797.00;12547.09;191.76;294.0000;65535.0000;946.0000;652.0000;0.0000;0.0000;0.0000;
551;797.18;12544.18;194.68;301.5000;65535.0000;962.5000;661.0000;0.0000;0.0000;0.0000;
552;797.37;12541.27;197.59;289.0000;65535.0000;985.5000;696.5000;0.0000;0.0000;0.0000;
553;797.55;12538.36;200.49;307.0000;65535.0000;955.5000;648.5000;0.0000;0.0000;0.0000;
554;797.74;12535.45;203.40;318.5000;65535.0000;981.5000;663.0000;0.0000;0.0000;0.0000;
555;797.92;12532.55;206.31;299.5000;65535.0000;968.0000;668.5000;0.0000;0.0000;0.0000;
556;798.11;12529.64;209.21;301.0000;65535.0000;976.5000;675.5000;0.0000;0.0000;0.0000;
557;798.29;12526.74;212.11;299.0000;65535.0000;994.5000;695.5000;0.0000;0.0000;0.0000;
558;798.48;12523.84;215.02;298.5000;65535.0000;972.0000;673.5000;0.0000;0.0000;0.0000;
559;798.66;12520.94;217.92;304.0000;65535.0000;966.0000;662.0000;0.0000;0.0000;0.0000;
560;798.85;12518.04;220.81;294.0000;65535.0000;969.5000;675.5000;0.0000;0.0000;0.0000;
561;799.03;12515.14;223.71;303.5000;65535.0000;963.0000;659.5000;0.0000;0.0000;0.0000;
562;799.22;12512.25;226.61;303.0000;65535.0000;931.5000;628.5000;0.0000;0.0000;0.0000;
563;799.40;12509.35;229.50;302.5000;65535.0000;921.5000;619.0000;0.0000;0.0000;0.0000;
564;799.59;12506.46;232.39;299.0000;65535.0000;916.0000;617.0000;0.0000;0.0000;0.0000;
565;799.77;12503.57;235.28;293.0000;65535.0000;911.0000;618.0000;0.0000;0.0000;0.0000;
566;799.96;12500.68;238.17;302.0000;65535.0000;916.5000;614.5000;0.0000;0.0000;0.0000;
567;800.14;12497.79;241.06;296.5000;65535.0000;878.5000;582.0000;0.0000;0.0000;0.0000;
568;800.33;12494.90;243.95;305.0000;65535.0000;861.0000;556.0000;0.0000;0.0000;0.0000;
569;800.51;12492.02;246.84;309.0000;65535.0000;851.5000;542.5000;0.0000;0.0000;0.0000;
570;800.70;12489.13;249.72;302.0000;65535.0000;842.5000;540.5000;0.0000;0.0000;0.0000;
571;800.88;12486.25;252.60;300.0000;65535.0000;833.5000;533.5000;0.0000;0.0000;0.0000;
572;801.07;12483.37;255.48;296.5000;65535.0000;792.0000;495.5000;0.0000;0.0000;0.0000;
573;801.25;12480.49;258.36;296.0000;65535.0000;779.0000;483.0000;0.0000;0.0000;0.0000;
574;801.44;12477.61;261.24;297.0000;65535.0000;787.5000;490.5000;0.0000;0.0000;0.0000;
575;801.62;12474.73;264.12;303.0000;65535.0000;771.0000;468.0000;0.0000;0.0000;0.0000;
576;801.81;12471.86;267.00;300.5000;65535.0000;756.5000;456.0000;0.0000;0.0000;0.0000;
577;801.99;12468.98;269.87;299.5000;65535.0000;753.5000;454.0000;0.0000;0.0000;0.0000;
578;802.17;12466.11;272.74;303.5000;65535.0000;746.0000;442.5000;0.0000;0.0000;0.0000;
579;802.36;12463.24;275.61;299.0000;65535.0000;740.5000;441.5000;0.0000;0.0000;0.0000;
580;802.54;12460.37;278.48;308.0000;65535.0000;745.5000;437.5000;0.0000;0.0000;0.0000;
581;802.73;12457.50;281.35;311.5000;65535.0000;738.5000;427.0000;0.0000;0.0000;0.0000;
582;802.91;12454.63;284.22;299.5000;65535.0000;727.5000;428.0000;0.0000;0.0000;0.0000;
583;803.10;12451.77;287.09;298.0000;65535.0000;720.0000;422.0000;0.0000;0.0000;0.0000;
584;803.28;12448.90;289.95;294.5000;65535.0000;720.5000;426.0000;0.0000;0.0000;0.0000;
585;803.47;12446.04;292.81;300.5000;65535.0000;713.0000;412.5000;0.0000;0.0000;0.0000;
586;803.65;12443.18;295.67;290.0000;65535.0000;725.0000;435.0000;0.0000;0.0000;0.0000;
587;803.84;12440.32;298.54;297.5000;65535.0000;717.5000;420.0000;0.0000;0.0000;0.0000;
588;804.02;12437.46;301.39;302.0000;65535.0000;705.5000;403.5000;0.0000;0.0000;0.0000;
589;804.21;12434.60;304.25;298.5000;65535.0000;709.0000;410.5000;0.0000;0.0000;0.0000;
590;804.39;12431.75;307.11;298.0000;65535.0000;707.0000;409.0000;0.0000;0.0000;0.0000;
591;804.58;12428.89;309.96;295.0000;65535.0000;697.0000;402.0000;0.0000;0.0000;0.0000;
592;804.76;12426.04;312.81;304.5000;65535.0000;696.5000;392.0000;0.0000;0.0000;0.0000;
593;804.95;12423.19;315.67;302.5000;65535.0000;692.0000;389.5000;0.0000;0.0000;0.0000;
594;805.13;12420.34;318.52;302.5000;65535.0000;695.0000;392.5000;0.0000;0.0000;0.0000;
595;805.32;12417.49;321.37;298.5000;65535.0000;685.0000;386.5000;0.0000;0.0000;0.0000;
596;805.50;12414.64;324.21;302.5000;65535.0000;690.0000;387.5000;0.0000;0.0000;0.0000;
597;805.69;12411.79;327.06;302.0000;65535.0000;690.5000;388.5000;0.0000;0.0000;0.0000;
598;805.87;12408.95;329.90;283.5000;65535.0000;684.0000;400.5000;0.0000;0.0000;0.0000;
599;806.05;12406.11;332.75;303.0000;65535.0000;691.5000;388.5000;0.0000;0.0000;0.0000;
600;806.24;12403.26;335.59;298.0000;65535.0000;679.5000;381.5000;0.0000;0.0000;0.0000;
601;806.42;12400.42;338.43;300.5000;65535.0000;652.0000;351.5000;0.0000;0.0000;0.0000;
602;806.61;12397.58;341.27;296.0000;65535.0000;670.0000;374.0000;0.0000;0.0000;0.0000;
603;806.79;12394.75;344.11;303.5000;65535.0000;680.5000;377.0000;0.0000;0.0000;0.0000;
604;806.98;12391.91;346.94;302.0000;65535.0000;674.5000;372.5000;0.0000;0.0000;0.0000;
605;807.16;12389.08;349.78;303.5000;65535.0000;674.0000;370.5000;0.0000;0.0000;0.0000;
606;807.35;12386.24;352.61;297.5000;65535.0000;637.0000;339.5000;0.0000;0.0000;0.0000;
607;807.53;12383.41;355.44;299.0000;65535.0000;663.0000;364.0000;0.0000;0.0000;0.0000;
608;807.72;12380.58;358.28;296.0000;65535.0000;648.0000;352.0000;0.0000;0.0000;0.0000;
609;807.90;12377.75;361.10;303.5000;65535.0000;641.0000;337.5000;0.0000;0.0000;0.0000;
610;808.09;12374.92;363.93;300.0000;65535.0000;670.0000;370.0000;0.0000;0.0000;0.0000;
611;808.27;12372.09;366.76;297.5000;65535.0000;658.0000;360.5000;0.0000;0.0000;0.0000;
612;808.46;12369.27;369.58;302.5000;65535.0000;664.0000;361.5000;0.0000;0.0000;0.0000;
613;808.64;12366.45;372.41;301.0000;65535.0000;651.0000;350.0000;0.0000;0.0000;0.0000;
614;808.82;12363.62;375.23;303.0000;65535.0000;656.5000;353.5000;0.0000;0.0000;0.0000;
615;809.01;12360.80;378.05;302.0000;65535.0000;656.5000;354.5000;0.0000;0.0000;0.0000;
616;809.19;12357.98;380.87;304.5000;65535.0000;658.0000;353.5000;0.0000;0.0000;0.0000;
617;809.38;12355.16;383.69;308.0000;65535.0000;652.5000;344.5000;0.0000;0.0000;0.0000;
618;809.56;12352.35;386.51;298.0000;65535.0000;637.5000;339.5000;0.0000;0.0000;0.0000;
619;809.75;12349.53;389.32;299.5000;65535.0000;631.5000;332.0000;0.0000;0.0000;0.0000;
620;809.93;12346.72;392.14;291.0000;65535.0000;646.0000;355.0000;0.0000;0.0000;0.0000;
621;810.12;12343.90;394.95;303.5000;65535.0000;642.5000;339.0000;0.0000;0.0000;0.0000;
622;810.30;12341.09;397.76;304.5000;65535.0000;656.5000;352.0000;0.0000;0.0000;0.0000;
623;810.49;12338.28;400.57;309.0000;65535.0000;647.5000;338.5000;0.0000;0.0000;0.0000;
624;810.67;12335.47;403.38;305.0000;65535.0000;637.0000;332.0000;0.0000;0.0000;0.0000;
625;810.85;12332.67;406.19;295.0000;65535.0000;628.5000;333.5000;0.0000;0.0000;0.0000;
626;811.04;12329.86;408.99;303.0000;65535.0000;622.5000;319.5000;0.0000;0.0000;0.0000;
627;811.22;12327.05;411.80;301.5000;65535.0000;655.5000;354.0000;0.0000;0.0000;0.0000;
628;811.41;12324.25;414.60;301.0000;65535.0000;639.0000;338.0000;0.0000;0.0000;0.0000;
629;811.59;12321.45;417.40;298.5000;65535.0000;648.0000;349.5000;0.0000;0.0000;0.0000;
630;811.78;12318.65;420.20;298.5000;65535.0000;621.5000;323.0000;0.0000;0.0000;0.0000;
631;811.96;12315.85;423.00;294.0000;65535.0000;630.0000;336.0000;0.0000;0.0000;0.0000;
632;812.15;12313.05;425.80;293.5000;65535.0000;630.5000;337.0000;0.0000;0.0000;0.0000;
633;812.33;12310.26;428.60;301.5000;65535.0000;648.0000;346.5000;0.0000;0.0000;0.0000;
634;812.52;12307.46;431.39;299.5000;65535.0000;647.5000;348.0000;0.0000;0.0000;0.0000;
635;812.70;12304.67;434.19;296.5000;65535.0000;634.5000;338.0000;0.0000;0.0000;0.0000;
636;812.88;12301.87;436.98;300.0000;65535.0000;637.5000;337.5000;0.0000;0.0000;0.0000;
637;813.07;12299.08;439.77;302.5000;65535.0000;617.5000;315.0000;0.0000;0.0000;0.0000;
638;813.25;12296.29;442.56;301.5000;65535.0000;638.0000;336.5000;0.0000;0.0000;0.0000;
639;813.44;12293.50;445.35;302.0000;65535.0000;635.5000;333.5000;0.0000;0.0000;0.0000;
640;813.62;12290.72;448.14;291.0000;65535.0000;603.5000;312.5000;0.0000;0.0000;0.0000;
641;813.81;12287.93;450.92;298.0000;65535.0000;635.0000;337.0000;0.0000;0.0000;0.0000;
642;813.99;12285.15;453.71;291.0000;65535.0000;623.0000;332.0000;0.0000;0.0000;0.0000;
643;814.18;12282.37;456.49;298.5000;65535.0000;633.0000;334.5000;0.0000;0.0000;0.0000;
644;814.36;12279.58;459.27;300.5000;65535.0000;610.5000;310.0000;0.0000;0.0000;0.0000;
645;814.54;12276.80;462.05;295.5000;65535.0000;633.5000;338.0000;0.0000;0.0000;0.0000;
646;814.73;12274.02;464.83;301.5000;65535.0000;631.0000;329.5000;0.0000;0.0000;0.0000;
647;814.91;12271.25;467.61;303.5000;65535.0000;615.0000;311.5000;0.0000;0.0000;0.0000;
648;815.10;12268.47;470.38;303.5000;65535.0000;608.5000;305.0000;0.0000;0.0000;0.0000;
649;815.28;12265.70;473.16;298.0000;65535.0000;613.0000;315.0000;0.0000;0.0000;0.0000;
650;815.47;12262.92;475.93;302.0000;65535.0000;616.5000;314.5000;0.0000;0.0000;0.0000;
651;815.65;12260.15;478.70;303.0000;65535.0000;627.5000;324.5000;0.0000;0.0000;0.0000;
652;815.84;12257.38;481.47;304.0000;65535.0000;611.5000;307.5000;0.0000;0.0000;0.0000;
653;816.02;12254.61;484.24;300.0000;65535.0000;629.5000;329.5000;0.0000;0.0000;0.0000;
654;816.20;12251.84;487.01;297.0000;65535.0000;615.5000;318.5000;0.0000;0.0000;0.0000;
655;816.39;12249.08;489.78;291.5000;65535.0000;625.0000;333.5000;0.0000;0.0000;0.0000;
656;816.57;12246.31;492.54;297.5000;65535.0000;614.5000;317.0000;0.0000;0.0000;0.0000;
657;816.76;12243.55;495.31;300.0000;65535.0000;617.0000;317.0000;0.0000;0.0000;0.0000;
658;816.94;12240.78;498.07;299.0000;65535.0000;630.0000;331.0000;0.0000;0.0000;0.0000;
659;817.13;12238.02;500.83;300.5000;65535.0000;609.0000;308.5000;0.0000;0.0000;0.0000;
660;817.31;12235.26;503.59;301.0000;65535.0000;626.5000;325.5000;0.0000;0.0000;0.0000;
661;817.49;12232.50;506.35;294.5000;65535.0000;609.5000;315.0000;0.0000;0.0000;0.0000;
662;817.68;12229.75;509.11;297.0000;65535.0000;623.0000;326.0000;0.0000;0.0000;0.0000;
663;817.86;12226.99;511.86;303.0000;65535.0000;616.5000;313.5000;0.0000;0.0000;0.0000;
664;818.05;12224.23;514.62;298.0000;65535.0000;617.0000;319.0000;0.0000;0.0000;0.0000;
665;818.23;12221.48;517.37;301.0000;65535.0000;616.5000;315.5000;0.0000;0.0000;0.0000;
666;818.42;12218.73;520.12;296.5000;65535.0000;600.5000;304.0000;0.0000;0.0000;0.0000;
667;818.60;12215.98;522.88;299.5000;65535.0000;612.5000;313.0000;0.0000;0.0000;0.0000;
668;818.78;12213.23;525.62;301.5000;65535.0000;607.5000;306.0000;0.0000;0.0000;0.0000;
669;818.97;12210.48;528.37;297.0000;65535.0000;606.0000;309.0000;0.0000;0.0000;0.0000;
670;819.15;12207.73;531.12;299.0000;65535.0000;610.0000;311.0000;0.0000;0.0000;0.0000;
671;819.34;12204.99;533.86;294.5000;65535.0000;577.5000;283.0000;0.0000;0.0000;0.0000;
672;819.52;12202.24;536.61;311.0000;65535.0000;601.5000;290.5000;0.0000;0.0000;0.0000;
673;819.71;12199.50;539.35;300.5000;65535.0000;612.0000;311.5000;0.0000;0.0000;0.0000;
674;819.89;12196.76;542.09;302.0000;65535.0000;597.0000;295.0000;0.0000;0.0000;0.0000;
675;820.07;12194.02;544.83;301.0000;65535.0000;617.0000;316.0000;0.0000;0.0000;0.0000;
676;820.26;12191.28;547.57;297.5000;65535.0000;600.0000;302.5000;0.0000;0.0000;0.0000;
677;820.44;12188.54;550.31;298.5000;65535.0000;597.0000;298.5000;0.0000;0.0000;0.0000;
678;820.63;12185.81;553.05;287.5000;65535.0000;599.0000;311.5000;0.0000;0.0000;0.0000;
679;820.81;12183.07;555.78;304.0000;65535.0000;603.0000;299.0000;0.0000;0.0000;0.0000;
680;821.00;12180.34;558.51;305.0000;65535.0000;609.5000;304.5000;0.0000;0.0000;0.0000;
681;821.18;12177.61;561.25;303.0000;65535.0000;612.5000;309.5000;0.0000;0.0000;0.0000;
682;821.36;12174.88;563.98;300.5000;65535.0000;595.5000;295.0000;0.0000;0.0000;0.0000;
683;821.55;12172.15;566.71;298.5000;65535.0000;578.0000;279.5000;0.0000;0.0000;0.0000;
684;821.73;12169.42;569.44;300.0000;65535.0000;593.0000;293.0000;0.0000;0.0000;0.0000;
685;821.92;12166.69;572.16;306.5000;65535.0000;591.5000;285.0000;0.0000;0.0000;0.0000;
686;822.10;12163.97;574.89;302.5000;65535.0000;596.0000;293.5000;0.0000;0.0000;0.0000;
687;822.28;12161.24;577.61;297.5000;65535.0000;635.0000;337.5000;0.0000;0.0000;0.0000;
688;822.47;12158.52;580.34;305.5000;65535.0000;604.0000;298.5000;0.0000;0.0000;0.0000;
689;822.65;12155.80;583.06;297.5000;65535.0000;598.0000;300.5000;0.0000;0.0000;0.0000;
690;822.84;12153.08;585.78;289.0000;65535.0000;589.0000;300.0000;0.0000;0.0000;0.0000;
691;823.02;12150.36;588.50;320.5000;65535.0000;615.0000;294.5000;0.0000;0.0000;0.0000;
692;823.21;12147.64;591.21;297.5000;65535.0000;595.0000;297.5000;0.0000;0.0000;0.0000;
693;823.39;12144.92;593.93;301.0000;65535.0000;592.0000;291.0000;0.0000;0.0000;0.0000;
694;823.57;12142.21;596.65;294.0000;65535.0000;600.0000;306.0000;0.0000;0.0000;0.0000;
695;823.76;12139.49;599.36;294.5000;65535.0000;594.5000;300.0000;0.0000;0.0000;0.0000;
696;823.94;12136.78;602.07;300.0000;65535.0000;592.0000;292.0000;0.0000;0.0000;0.0000;
697;824.13;12134.07;604.78;290.5000;65535.0000;596.0000;305.5000;0.0000;0.0000;0.0000;
698;824.31;12131.36;607.49;301.5000;65535.0000;606.0000;304.5000;0.0000;0.0000;0.0000;
699;824.49;12128.65;610.20;296.5000;65535.0000;594.5000;298.0000;0.0000;0.0000;0.0000;
700;824.68;12125.94;612.91;304.0000;65535.0000;585.0000;281.0000;0.0000;0.0000;0.0000;
701;824.86;12123.24;615.62;296.5000;65535.0000;605.0000;308.5000;0.0000;0.0000;0.0000;
702;825.05;12120.53;618.32;299.5000;65535.0000;602.5000;303.0000;0.0000;0.0000;0.0000;
703;825.23;12117.83;621.02;304.5000;65535.0000;602.5000;298.0000;0.0000;0.0000;0.0000;
704;825.41;12115.13;623.73;298.5000;65535.0000;604.5000;306.0000;0.0000;0.0000;0.0000;
705;825.60;12112.43;626.43;303.5000;65535.0000;603.5000;300.0000;0.0000;0.0000;0.0000;
706;825.78;12109.73;629.13;305.0000;65535.0000;614.0000;309.0000;0.0000;0.0000;0.0000;
707;825.97;12107.03;631.83;299.0000;65535.0000;603.0000;304.0000;0.0000;0.0000;0.0000;
708;826.15;12104.33;634.52;294.0000;65535.0000;598.5000;304.5000;0.0000;0.0000;0.0000;
709;826.33;12101.64;637.22;297.5000;65535.0000;601.5000;304.0000;0.0000;0.0000;0.0000;
710;826.52;12098.94;639.91;306.0000;65535.0000;607.0000;301.0000;0.0000;0.0000;0.0000;
711;826.70;12096.25;642.61;295.5000;65535.0000;613.0000;317.5000;0.0000;0.0000;0.0000;
712;826.89;12093.56;645.30;292.5000;65535.0000;605.0000;312.5000;0.0000;0.0000;0.0000;
713;827.07;12090.87;647.99;294.0000;65535.0000;612.0000;318.0000;0.0000;0.0000;0.0000;
714;827.25;12088.18;650.68;297.0000;65535.0000;614.0000;317.0000;0.0000;0.0000;0.0000;
715;827.44;12085.49;653.37;301.5000;65535.0000;610.5000;309.0000;0.0000;0.0000;0.0000;
716;827.62;12082.80;656.05;296.5000;65535.0000;623.0000;326.5000;0.0000;0.0000;0.0000;
717;827.81;12080.12;658.74;305.0000;65535.0000;610.5000;305.5000;0.0000;0.0000;0.0000;
718;827.99;12077.43;661.42;300.5000;65535.0000;606.0000;305.5000;0.0000;0.0000;0.0000;
719;828.17;12074.75;664.10;294.5000;65535.0000;609.0000;314.5000;0.0000;0.0000;0.0000;
720;828.36;12072.07;666.79;290.5000;65535.0000;620.0000;329.5000;0.0000;0.0000;0.0000;
721;828.54;12069.39;669.47;302.5000;65535.0000;614.0000;311.5000;0.0000;0.0000;0.0000;
722;828.73;12066.71;672.15;303.5000;65535.0000;619.5000;316.0000;0.0000;0.0000;0.0000;
723;828.91;12064.03;674.82;300.0000;65535.0000;612.5000;312.5000;0.0000;0.0000;0.0000;
724;829.09;12061.35;677.50;301.0000;65535.0000;597.5000;296.5000;0.0000;0.0000;0.0000;
725;829.28;12058.68;680.17;298.0000;65535.0000;617.5000;319.5000;0.0000;0.0000;0.0000;
726;829.46;12056.00;682.85;303.5000;65535.0000;618.0000;314.5000;0.0000;0.0000;0.0000;
727;829.65;12053.33;685.52;297.5000;65535.0000;579.5000;282.0000;0.0000;0.0000;0.0000;
728;829.83;12050.66;688.19;295.0000;65535.0000;612.5000;317.5000;0.0000;0.0000;0.0000;
729;830.01;12047.99;690.86;300.0000;65535.0000;587.5000;287.5000;0.0000;0.0000;0.0000;
730;830.20;12045.32;693.53;294.5000;65535.0000;578.5000;284.0000;0.0000;0.0000;0.0000;
731;830.38;12042.65;696.20;294.0000;65535.0000;580.0000;286.0000;0.0000;0.0000;0.0000;
732;830.57;12039.99;698.87;300.5000;65535.0000;596.0000;295.5000;0.0000;0.0000;0.0000;
733;830.75;12037.32;701.53;296.0000;65535.0000;592.0000;296.0000;0.0000;0.0000;0.0000;
734;830.93;12034.66;704.19;305.5000;65535.0000;591.5000;286.0000;0.0000;0.0000;0.0000;
735;831.12;12032.00;706.86;300.5000;65535.0000;573.0000;272.5000;0.0000;0.0000;0.0000;
736;831.30;12029.34;709.52;295.0000;65535.0000;584.5000;289.5000;0.0000;0.0000;0.0000;
737;831.48;12026.68;712.18;301.5000;65535.0000;582.0000;280.5000;0.0000;0.0000;0.0000;
738;831.67;12024.02;714.84;292.0000;65535.0000;582.5000;290.5000;0.0000;0.0000;0.0000;
739;831.85;12021.36;717.49;304.5000;65535.0000;585.5000;281.0000;0.0000;0.0000;0.0000;
740;832.04;12018.70;720.15;299.5000;65535.0000;603.5000;304.0000;0.0000;0.0000;0.0000;
741;832.22;12016.05;722.80;294.0000;65535.0000;606.0000;312.0000;0.0000;0.0000;0.0000;
742;832.40;12013.40;725.46;293.5000;65535.0000;602.5000;309.0000;0.0000;0.0000;0.0000;
743;832.59;12010.74;728.11;287.0000;65535.0000;589.5000;302.5000;0.0000;0.0000;0.0000;
744;832.77;12008.09;730.76;299.0000;65535.0000;601.5000;302.5000;0.0000;0.0000;0.0000;
745;832.96;12005.44;733.41;295.0000;65535.0000;587.0000;292.0000;0.0000;0.0000;0.0000;
746;833.14;12002.79;736.06;295.5000;65535.0000;579.0000;283.5000;0.0000;0.0000;0.0000;
747;833.32;12000.15;738.71;294.5000;65535.0000;583.5000;289.0000;0.0000;0.0000;0.0000;
748;833.51;11997.50;741.35;292.5000;65535.0000;579.0000;286.5000;0.0000;0.0000;0.0000;
749;833.69;11994.86;744.00;299.0000;65535.0000;584.0000;285.0000;0.0000;0.0000;0.0000;
750;833.87;11992.21;746.64;298.5000;65535.0000;574.5000;276.0000;0.0000;0.0000;0.0000;
751;834.06;11989.57;749.28;301.0000;65535.0000;586.0000;285.0000;0.0000;0.0000;0.0000;
752;834.24;11986.93;751.93;305.5000;65535.0000;573.0000;267.5000;0.0000;0.0000;0.0000;
753;834.43;11984.29;754.57;296.0000;65535.0000;590.5000;294.5000;0.0000;0.0000;0.0000;
754;834.61;11981.65;757.20;297.5000;65535.0000;574.5000;277.0000;0.0000;0.0000;0.0000;
755;834.79;11979.01;759.84;298.5000;65535.0000;580.5000;282.0000;0.0000;0.0000;0.0000;
756;834.98;11976.38;762.48;300.0000;65535.0000;555.0000;255.0000;0.0000;0.0000;0.0000;
757;835.16;11973.74;765.11;305.5000;65535.0000;592.0000;286.5000;0.0000;0.0000;0.0000;
758;835.34;11971.11;767.75;301.5000;65535.0000;569.5000;268.0000;0.0000;0.0000;0.0000;
759;835.53;11968.48;770.38;295.5000;65535.0000;573.0000;277.5000;0.0000;0.0000;0.0000;
760;835.71;11965.84;773.01;309.5000;65535.0000;568.0000;258.5000;0.0000;0.0000;0.0000;
761;835.90;11963.22;775.64;301.5000;65535.0000;564.5000;263.0000;0.0000;0.0000;0.0000;
762;836.08;11960.59;778.27;302.5000;65535.0000;585.5000;283.0000;0.0000;0.0000;0.0000;
763;836.26;11957.96;780.89;309.0000;65535.0000;568.0000;259.0000;0.0000;0.0000;0.0000;
764;836.45;11955.33;783.52;300.0000;65535.0000;573.5000;273.5000;0.0000;0.0000;0.0000;
765;836.63;11952.71;786.15;298.0000;65535.0000;563.5000;265.5000;0.0000;0.0000;0.0000;
766;836.81;11950.08;788.77;298.0000;65535.0000;567.5000;269.5000;0.0000;0.0000;0.0000;
767;837.00;11947.46;791.39;299.0000;65535.0000;560.0000;261.0000;0.0000;0.0000;0.0000;
768;837.18;11944.84;794.01;294.0000;65535.0000;561.5000;267.5000;0.0000;0.0000;0.0000;
769;837.37;11942.22;796.63;304.5000;65535.0000;580.0000;275.5000;0.0000;0.0000;0.0000;
770;837.55;11939.60;799.25;300.0000;65535.0000;567.5000;267.5000;0.0000;0.0000;0.0000;
771;837.73;11936.99;801.87;299.5000;65535.0000;560.0000;260.5000;0.0000;0.0000;0.0000;
772;837.92;11934.37;804.48;298.5000;65535.0000;574.5000;276.0000;0.0000;0.0000;0.0000;
773;838.10;11931.75;807.10;296.0000;65535.0000;563.5000;267.5000;0.0000;0.0000;0.0000;
774;838.28;11929.14;809.71;310.5000;65535.0000;563.0000;252.5000;0.0000;0.0000;0.0000;
775;838.47;11926.53;812.33;301.0000;65535.0000;574.5000;273.5000;0.0000;0.0000;0.0000;
776;838.65;11923.92;814.94;298.5000;65535.0000;578.0000;279.5000;0.0000;0.0000;0.0000;
777;838.83;11921.31;817.55;317.5000;65535.0000;565.0000;247.5000;0.0000;0.0000;0.0000;
778;839.02;11918.70;820.16;304.0000;65535.0000;559.0000;255.0000;0.0000;0.0000;0.0000;
779;839.20;11916.09;822.76;296.0000;65535.0000;537.5000;241.5000;0.0000;0.0000;0.0000;
780;839.38;11913.48;825.37;295.5000;65535.0000;561.5000;266.0000;0.0000;0.0000;0.0000;
781;839.57;11910.88;827.97;301.5000;65535.0000;553.5000;252.0000;0.0000;0.0000;0.0000;
782;839.75;11908.28;830.58;299.0000;65535.0000;543.0000;244.0000;0.0000;0.0000;0.0000;
783;839.94;11905.67;833.18;295.0000;65535.0000;563.5000;268.5000;0.0000;0.0000;0.0000;
784;840.12;11903.07;835.78;294.0000;65535.0000;558.5000;264.5000;0.0000;0.0000;0.0000;
785;840.30;11900.47;838.38;295.0000;65535.0000;563.0000;268.0000;0.0000;0.0000;0.0000;
786;840.49;11897.87;840.98;301.0000;65535.0000;571.0000;270.0000;0.0000;0.0000;0.0000;
787;840.67;11895.27;843.58;305.0000;65535.0000;564.0000;259.0000;0.0000;0.0000;0.0000;
788;840.85;11892.68;846.18;303.0000;65535.0000;576.5000;273.5000;0.0000;0.0000;0.0000;
789;841.04;11890.08;848.77;303.0000;65535.0000;557.5000;254.5000;0.0000;0.0000;0.0000;
790;841.22;11887.49;851.36;300.5000;65535.0000;560.0000;259.5000;0.0000;0.0000;0.0000;
791;841.40;11884.90;853.96;304.5000;65535.0000;572.5000;268.0000;0.0000;0.0000;0.0000;
792;841.59;11882.30;856.55;303.5000;65535.0000;557.0000;253.5000;0.0000;0.0000;0.0000;
793;841.77;11879.71;859.14;304.0000;65535.0000;568.0000;264.0000;0.0000;0.0000;0.0000;
794;841.95;11877.12;861.73;295.0000;65535.0000;549.0000;254.0000;0.0000;0.0000;0.0000;
795;842.14;11874.54;864.32;300.5000;65535.0000;558.0000;257.5000;0.0000;0.0000;0.0000;
796;842.32;11871.95;866.90;288.0000;65535.0000;567.5000;279.5000;0.0000;0.0000;0.0000;
797;842.51;11869.36;869.49;299.0000;65535.0000;561.5000;262.5000;0.0000;0.0000;0.0000;
798;842.69;11866.78;872.07;300.0000;65535.0000;561.5000;261.5000;0.0000;0.0000;0.0000;
799;842.87;11864.20;874.66;302.5000;65535.0000;549.5000;247.0000;0.0000;0.0000;0.0000;
800;843.06;11861.62;877.24;300.0000;65535.0000;548.5000;248.5000;0.0000;0.0000;0.0000;
801;843.24;11859.03;879.82;302.5000;65535.0000;550.0000;247.5000;0.0000;0.0000;0.0000;
802;843.42;11856.46;882.40;297.0000;65535.0000;559.5000;262.5000;0.0000;0.0000;0.0000;
803;843.61;11853.88;884.98;301.0000;65535.0000;561.5000;260.5000;0.0000;0.0000;0.0000;
804;843.79;11851.30;887.55;300.5000;65535.0000;568.0000;267.5000;0.0000;0.0000;0.0000;
805;843.97;11848.72;890.13;303.5000;65535.0000;557.0000;253.5000;0.0000;0.0000;0.0000;
806;844.16;11846.15;892.70;304.0000;65535.0000;564.5000;260.5000;0.0000;0.0000;0.0000;
807;844.34;11843.58;895.28;302.5000;65535.0000;557.0000;254.5000;0.0000;0.0000;0.0000;
808;844.52;11841.00;897.85;298.5000;65535.0000;569.0000;270.5000;0.0000;0.0000;0.0000;
809;844.71;11838.43;900.42;297.5000;65535.0000;569.0000;271.5000;0.0000;0.0000;0.0000;
810;844.89;11835.86;902.99;311.0000;65535.0000;565.0000;254.0000;0.0000;0.0000;0.0000;
811;845.07;11833.29;905.56;294.5000;65535.0000;553.0000;258.5000;0.0000;0.0000;0.0000;
812;845.26;11830.73;908.13;309.5000;65535.0000;563.0000;253.5000;0.0000;0.0000;0.0000;
813;845.44;11828.16;910.69;288.5000;65535.0000;548.0000;259.5000;0.0000;0.0000;0.0000;
814;845.62;11825.60;913.26;295.0000;65535.0000;556.0000;261.0000;0.0000;0.0000;0.0000;
815;845.81;11823.03;915.82;298.0000;65535.0000;549.5000;251.5000;0.0000;0.0000;0.0000;
816;845.99;11820.47;918.38;300.0000;65535.0000;556.5000;256.5000;0.0000;0.0000;0.0000;
817;846.17;11817.91;920.95;308.0000;65535.0000;554.0000;246.0000;0.0000;0.0000;0.0000;
818;846.36;11815.35;923.51;300.0000;65535.0000;543.5000;243.5000;0.0000;0.0000;0.0000;
819;846.54;11812.79;926.06;303.0000;65535.0000;541.5000;238.5000;0.0000;0.0000;0.0000;
820;846.72;11810.23;928.62;298.5000;65535.0000;552.0000;253.5000;0.0000;0.0000;0.0000;
821;846.91;11807.67;931.18;301.0000;65535.0000;532.5000;231.5000;0.0000;0.0000;0.0000;
822;847.09;11805.12;933.73;302.5000;65535.0000;551.5000;249.0000;0.0000;0.0000;0.0000;
823;847.27;11802.56;936.29;299.5000;65535.0000;546.0000;246.5000;0.0000;0.0000;0.0000;
824;847.46;11800.01;938.84;290.0000;65535.0000;549.5000;259.5000;0.0000;0.0000;0.0000;
825;847.64;11797.46;941.39;290.0000;65535.0000;531.0000;241.0000;0.0000;0.0000;0.0000;
826;847.82;11794.91;943.94;304.5000;65535.0000;529.5000;225.0000;0.0000;0.0000;0.0000;
827;848.01;11792.36;946.49;296.0000;65535.0000;537.0000;241.0000;0.0000;0.0000;0.0000;
828;848.19;11789.81;949.04;316.0000;65535.0000;531.0000;215.0000;0.0000;0.0000;0.0000;
829;848.37;11787.26;951.59;299.0000;65535.0000;540.5000;241.5000;0.0000;0.0000;0.0000;
830;848.56;11784.72;954.13;299.0000;65535.0000;543.5000;244.5000;0.0000;0.0000;0.0000;
831;848.74;11782.17;956.68;294.0000;65535.0000;541.0000;247.0000;0.0000;0.0000;0.0000;
832;848.92;11779.63;959.22;301.5000;65535.0000;536.5000;235.0000;0.0000;0.0000;0.0000;
833;849.11;11777.09;961.77;301.0000;65535.0000;536.0000;235.0000;0.0000;0.0000;0.0000;
834;849.29;11774.55;964.31;306.0000;65535.0000;545.0000;239.0000;0.0000;0.0000;0.0000;
835;849.47;11772.01;966.85;297.5000;65535.0000;531.0000;233.5000;0.0000;0.0000;0.0000;
836;849.66;11769.47;969.39;295.0000;65535.0000;543.5000;248.5000;0.0000;0.0000;0.0000;
837;849.84;11766.93;971.92;297.5000;65535.0000;520.0000;222.5000;0.0000;0.0000;0.0000;
838;850.02;11764.39;974.46;294.5000;65535.0000;530.0000;235.5000;0.0000;0.0000;0.0000;
839;850.21;11761.86;976.99;300.5000;65535.0000;539.5000;239.0000;0.0000;0.0000;0.0000;
840;850.39;11759.33;979.53;299.5000;65535.0000;541.5000;242.0000;0.0000;0.0000;0.0000;
841;850.57;11756.79;982.06;304.0000;65535.0000;531.5000;227.5000;0.0000;0.0000;0.0000;
842;850.76;11754.26;984.59;289.0000;65535.0000;518.5000;229.5000;0.0000;0.0000;0.0000;
843;850.94;11751.73;987.12;305.5000;65535.0000;527.5000;222.0000;0.0000;0.0000;0.0000;
844;851.12;11749.20;989.65;300.5000;65535.0000;535.0000;234.5000;0.0000;0.0000;0.0000;
845;851.30;11746.67;992.18;296.0000;65535.0000;556.0000;260.0000;0.0000;0.0000;0.0000;
846;851.49;11744.15;994.71;299.0000;65535.0000;547.0000;248.0000;0.0000;0.0000;0.0000;
847;851.67;11741.62;997.23;302.5000;65535.0000;535.0000;232.5000;0.0000;0.0000;0.0000;
848;851.85;11739.10;999.76;297.0000;65535.0000;543.0000;246.0000;0.0000;0.0000;0.0000;
849;852.04;11736.57;1002.28;298.0000;65535.0000;529.5000;231.5000;0.0000;0.0000;0.0000;
850;852.22;11734.05;1004.80;302.5000;65535.0000;541.0000;238.5000;0.0000;0.0000;0.0000;
851;852.40;11731.53;1007.33;298.5000;65535.0000;543.0000;244.5000;0.0000;0.0000;0.0000;
852;852.59;11729.01;1009.85;302.0000;65535.0000;534.5000;232.5000;0.0000;0.0000;0.0000;
853;852.77;11726.49;1012.36;295.5000;65535.0000;533.5000;238.0000;0.0000;0.0000;0.0000;
854;852.95;11723.97;1014.88;299.0000;65535.0000;546.5000;247.5000;0.0000;0.0000;0.0000;
855;853.14;11721.46;1017.40;296.0000;65535.0000;535.0000;239.0000;0.0000;0.0000;0.0000;
856;853.32;11718.94;1019.91;297.5000;65535.0000;539.5000;242.0000;0.0000;0.0000;0.0000;
857;853.50;11716.43;1022.43;304.0000;65535.0000;536.0000;232.0000;0.0000;0.0000;0.0000;
858;853.69;11713.91;1024.94;310.0000;65535.0000;537.5000;227.5000;0.0000;0.0000;0.0000;
859;853.87;11711.40;1027.45;304.0000;65535.0000;544.5000;240.5000;0.0000;0.0000;0.0000;
860;854.05;11708.89;1029.96;297.0000;65535.0000;532.0000;235.0000;0.0000;0.0000;0.0000;
861;854.23;11706.38;1032.47;278.5000;65535.0000;535.0000;256.5000;0.0000;0.0000;0.0000;
862;854.42;11703.87;1034.98;306.5000;65535.0000;532.0000;225.5000;0.0000;0.0000;0.0000;
863;854.60;11701.37;1037.49;306.5000;65535.0000;556.0000;249.5000;0.0000;0.0000;0.0000;
864;854.78;11698.86;1039.99;301.0000;65535.0000;541.0000;240.0000;0.0000;0.0000;0.0000;
865;854.97;11696.36;1042.50;298.5000;65535.0000;565.0000;266.5000;0.0000;0.0000;0.0000;
866;855.15;11693.85;1045.00;298.0000;65535.0000;548.0000;250.0000;0.0000;0.0000;0.0000;
867;855.33;11691.35;1047.50;295.5000;65535.0000;539.0000;243.5000;0.0000;0.0000;0.0000;
868;855.52;11688.85;1050.01;298.0000;65535.0000;542.0000;244.0000;0.0000;0.0000;0.0000;
869;855.70;11686.35;1052.51;299.0000;65535.0000;535.5000;236.5000;0.0000;0.0000;0.0000;
870;855.88;11683.85;1055.00;299.0000;65535.0000;530.5000;231.5000;0.0000;0.0000;0.0000;
871;856.07;11681.35;1057.50;299.5000;65535.0000;525.0000;225.5000;0.0000;0.0000;0.0000;
872;856.25;11678.85;1060.00;303.0000;65535.0000;523.0000;220.0000;0.0000;0.0000;0.0000;
873;856.43;11676.36;1062.49;305.0000;65535.0000;529.0000;224.0000;0.0000;0.0000;0.0000;
874;856.61;11673.86;1064.99;301.5000;65535.0000;534.5000;233.0000;0.0000;0.0000;0.0000;
875;856.80;11671.37;1067.48;307.5000;65535.0000;542.0000;234.5000;0.0000;0.0000;0.0000;
876;856.98;11668.88;1069.97;306.0000;65535.0000;516.0000;210.0000;0.0000;0.0000;0.0000;
877;857.16;11666.39;1072.47;288.0000;65535.0000;527.5000;239.5000;0.0000;0.0000;0.0000;
878;857.35;11663.90;1074.96;299.0000;65535.0000;522.0000;223.0000;0.0000;0.0000;0.0000;
879;857.53;11661.41;1077.44;295.5000;65535.0000;534.5000;239.0000;0.0000;0.0000;0.0000;
880;857.71;11658.92;1079.93;301.5000;65535.0000;547.5000;246.0000;0.0000;0.0000;0.0000;
881;857.90;11656.44;1082.42;303.0000;65535.0000;542.5000;239.5000;0.0000;0.0000;0.0000;
882;858.08;11653.95;1084.90;298.0000;65535.0000;547.0000;249.0000;0.0000;0.0000;0.0000;
883;858.26;11651.47;1087.39;297.5000;65535.0000;561.5000;264.0000;0.0000;0.0000;0.0000;
884;858.44;11648.98;1089.87;300.0000;65535.0000;550.5000;250.5000;0.0000;0.0000;0.0000;
885;858.63;11646.50;1092.35;300.5000;65535.0000;556.0000;255.5000;0.0000;0.0000;0.0000;
886;858.81;11644.02;1094.83;304.0000;65535.0000;542.5000;238.5000;0.0000;0.0000;0.0000;
887;858.99;11641.54;1097.31;303.0000;65535.0000;543.5000;240.5000;0.0000;0.0000;0.0000;
888;859.18;11639.06;1099.79;303.0000;65535.0000;523.0000;220.0000;0.0000;0.0000;0.0000;
889;859.36;11636.59;1102.27;292.5000;65535.0000;538.5000;246.0000;0.0000;0.0000;0.0000;
890;859.54;11634.11;1104.74;299.0000;65535.0000;528.5000;229.5000;0.0000;0.0000;0.0000;
891;859.72;11631.64;1107.22;305.5000;65535.0000;536.5000;231.0000;0.0000;0.0000;0.0000;
892;859.91;11629.16;1109.69;304.0000;65535.0000;553.0000;249.0000;0.0000;0.0000;0.0000;
893;860.09;11626.69;1112.16;316.0000;65535.0000;537.5000;221.5000;0.0000;0.0000;0.0000;
894;860.27;11624.22;1114.64;301.0000;65535.0000;538.0000;237.0000;0.0000;0.0000;0.0000;
895;860.46;11621.75;1117.11;290.5000;65535.0000;554.5000;264.0000;0.0000;0.0000;0.0000;
896;860.64;11619.28;1119.58;296.5000;65535.0000;540.5000;244.0000;0.0000;0.0000;0.0000;
897;860.82;11616.81;1122.04;298.0000;65535.0000;549.0000;251.0000;0.0000;0.0000;0.0000;
898;861.00;11614.34;1124.51;302.5000;65535.0000;539.5000;237.0000;0.0000;0.0000;0.0000;
899;861.19;11611.88;1126.98;301.5000;65535.0000;544.0000;242.5000;0.0000;0.0000;0.0000;
900;861.37;11609.41;1129.44;304.5000;65535.0000;514.5000;210.0000;0.0000;0.0000;0.0000;
901;861.55;11606.95;1131.90;300.0000;65535.0000;524.0000;224.0000;0.0000;0.0000;0.0000;
902;861.74;11604.49;1134.37;297.0000;65535.0000;523.5000;226.5000;0.0000;0.0000;0.0000;
903;861.92;11602.03;1136.83;293.0000;65535.0000;521.5000;228.5000;0.0000;0.0000;0.0000;
904;862.10;11599.57;1139.29;303.5000;65535.0000;510.0000;206.5000;0.0000;0.0000;0.0000;
905;862.28;11597.11;1141.75;304.5000;65535.0000;519.0000;214.5000;0.0000;0.0000;0.0000;
906;862.47;11594.65;1144.20;295.5000;65535.0000;526.5000;231.0000;0.0000;0.0000;0.0000;
907;862.65;11592.19;1146.66;294.5000;65535.0000;518.5000;224.0000;0.0000;0.0000;0.0000;
908;862.83;11589.74;1149.12;298.0000;65535.0000;528.5000;230.5000;0.0000;0.0000;0.0000;
909;863.02;11587.28;1151.57;298.5000;65535.0000;519.5000;221.0000;0.0000;0.0000;0.0000;
910;863.20;11584.83;1154.03;304.0000;65535.0000;517.5000;213.5000;0.0000;0.0000;0.0000;
911;863.38;11582.38;1156.48;296.0000;65535.0000;518.0000;222.0000;0.0000;0.0000;0.0000;
912;863.56;11579.93;1158.93;278.5000;65535.0000;521.5000;243.0000;0.0000;0.0000;0.0000;
913;863.75;11577.48;1161.38;300.0000;65535.0000;509.5000;209.5000;0.0000;0.0000;0.0000;
914;863.93;11575.03;1163.83;302.5000;65535.0000;521.5000;219.0000;0.0000;0.0000;0.0000;
915;864.11;11572.58;1166.27;301.0000;65535.0000;510.0000;209.0000;0.0000;0.0000;0.0000;
916;864.29;11570.13;1168.72;304.5000;65535.0000;495.5000;191.0000;0.0000;0.0000;0.0000;
917;864.48;11567.69;1171.17;306.0000;65535.0000;509.5000;203.5000;0.0000;0.0000;0.0000;
918;864.66;11565.24;1173.61;296.5000;65535.0000;507.5000;211.0000;0.0000;0.0000;0.0000;
919;864.84;11562.80;1176.05;300.0000;65535.0000;503.5000;203.5000;0.0000;0.0000;0.0000;
920;865.03;11560.36;1178.50;298.5000;65535.0000;511.0000;212.5000;0.0000;0.0000;0.0000;
921;865.21;11557.92;1180.94;299.5000;65535.0000;528.5000;229.0000;0.0000;0.0000;0.0000;
922;865.39;11555.48;1183.38;305.5000;65535.0000;512.5000;207.0000;0.0000;0.0000;0.0000;
923;865.57;11553.04;1185.82;297.5000;65535.0000;513.5000;216.0000;0.0000;0.0000;0.0000;
924;865.76;11550.60;1188.25;296.5000;65535.0000;509.0000;212.5000;0.0000;0.0000;0.0000;
925;865.94;11548.16;1190.69;303.5000;65535.0000;513.0000;209.5000;0.0000;0.0000;0.0000;
926;866.12;11545.73;1193.13;299.5000;65535.0000;504.5000;205.0000;0.0000;0.0000;0.0000;
927;866.30;11543.29;1195.56;303.5000;65535.0000;505.5000;202.0000;0.0000;0.0000;0.0000;
928;866.49;11540.86;1197.99;305.0000;65535.0000;528.0000;223.0000;0.0000;0.0000;0.0000;
929;866.67;11538.43;1200.43;306.5000;65535.0000;512.5000;206.0000;0.0000;0.0000;0.0000;
930;866.85;11536.00;1202.86;300.5000;65535.0000;527.0000;226.5000;0.0000;0.0000;0.0000;
931;867.03;11533.57;1205.29;296.5000;65535.0000;513.5000;217.0000;0.0000;0.0000;0.0000;
932;867.22;11531.14;1207.72;292.5000;65535.0000;505.5000;213.0000;0.0000;0.0000;0.0000;
933;867.40;11528.71;1210.14;302.0000;65535.0000;514.0000;212.0000;0.0000;0.0000;0.0000;
934;867.58;11526.28;1212.57;304.5000;65535.0000;507.0000;202.5000;0.0000;0.0000;0.0000;
935;867.76;11523.86;1215.00;303.0000;65535.0000;513.0000;210.0000;0.0000;0.0000;0.0000;
936;867.95;11521.43;1217.42;295.5000;65535.0000;520.0000;224.5000;0.0000;0.0000;0.0000;
937;868.13;11519.01;1219.84;299.5000;65535.0000;517.0000;217.5000;0.0000;0.0000;0.0000;
938;868.31;11516.59;1222.26;299.0000;65535.0000;525.0000;226.0000;0.0000;0.0000;0.0000;
939;868.50;11514.17;1224.69;295.0000;65535.0000;518.5000;223.5000;0.0000;0.0000;0.0000;
940;868.68;11511.75;1227.11;305.5000;65535.0000;524.5000;219.0000;0.0000;0.0000;0.0000;
941;868.86;11509.33;1229.52;301.5000;65535.0000;508.0000;206.5000;0.0000;0.0000;0.0000;
942;869.04;11506.91;1231.94;278.0000;65535.0000;517.0000;239.0000;0.0000;0.0000;0.0000;
943;869.23;11504.49;1234.36;295.5000;65535.0000;516.5000;221.0000;0.0000;0.0000;0.0000;
944;869.41;11502.08;1236.77;300.0000;65535.0000;528.5000;228.5000;0.0000;0.0000;0.0000;
945;869.59;11499.66;1239.19;304.0000;65535.0000;520.0000;216.0000;0.0000;0.0000;0.0000;
946;869.77;11497.25;1241.60;306.0000;65535.0000;513.0000;207.0000;0.0000;0.0000;0.0000;
947;869.96;11494.84;1244.01;302.0000;65535.0000;522.0000;220.0000;0.0000;0.0000;0.0000;
948;870.14;11492.43;1246.43;293.5000;65535.0000;512.0000;218.5000;0.0000;0.0000;0.0000;
949;870.32;11490.02;1248.84;300.0000;65535.0000;524.5000;224.5000;0.0000;0.0000;0.0000;
950;870.50;11487.61;1251.24;295.0000;65535.0000;530.0000;235.0000;0.0000;0.0000;0.0000;
951;870.69;11485.20;1253.65;301.5000;65535.0000;524.5000;223.0000;0.0000;0.0000;0.0000;
952;870.87;11482.79;1256.06;299.0000;65535.0000;525.0000;226.0000;0.0000;0.0000;0.0000;
953;871.05;11480.39;1258.46;298.0000;65535.0000;523.5000;225.5000;0.0000;0.0000;0.0000;
954;871.23;11477.98;1260.87;294.5000;65535.0000;526.5000;232.0000;0.0000;0.0000;0.0000;
955;871.42;11475.58;1263.27;299.5000;65535.0000;521.0000;221.5000;0.0000;0.0000;0.0000;
956;871.60;11473.18;1265.67;298.0000;65535.0000;524.0000;226.0000;0.0000;0.0000;0.0000;
957;871.78;11470.78;1268.08;301.5000;65535.0000;532.0000;230.5000;0.0000;0.0000;0.0000;
958;871.96;11468.38;1270.48;305.0000;65535.0000;525.5000;220.5000;0.0000;0.0000;0.0000;
959;872.15;11465.98;1272.88;297.0000;65535.0000;519.0000;222.0000;0.0000;0.0000;0.0000;
960;872.33;11463.58;1275.27;297.0000;65535.0000;525.5000;228.5000;0.0000;0.0000;0.0000;
961;872.51;11461.18;1277.67;294.5000;65535.0000;533.0000;238.5000;0.0000;0.0000;0.0000;
962;872.69;11458.79;1280.07;313.0000;65535.0000;528.5000;215.5000;0.0000;0.0000;0.0000;
963;872.88;11456.39;1282.46;302.5000;65535.0000;522.0000;219.5000;0.0000;0.0000;0.0000;
964;873.06;11454.00;1284.85;299.5000;65535.0000;531.0000;231.5000;0.0000;0.0000;0.0000;
965;873.24;11451.61;1287.25;295.0000;65535.0000;513.0000;218.0000;0.0000;0.0000;0.0000;
966;873.42;11449.21;1289.64;296.0000;65535.0000;531.0000;235.0000;0.0000;0.0000;0.0000;
967;873.60;11446.82;1292.03;296.0000;65535.0000;544.0000;248.0000;0.0000;0.0000;0.0000;
968;873.79;11444.44;1294.42;302.0000;65535.0000;529.5000;227.5000;0.0000;0.0000;0.0000;
969;873.97;11442.05;1296.81;306.0000;65535.0000;532.5000;226.5000;0.0000;0.0000;0.0000;
970;874.15;11439.66;1299.19;302.0000;65535.0000;515.5000;213.5000;0.0000;0.0000;0.0000;
971;874.33;11437.27;1301.58;296.5000;65535.0000;519.0000;222.5000;0.0000;0.0000;0.0000;
972;874.52;11434.89;1303.96;290.0000;65535.0000;524.0000;234.0000;0.0000;0.0000;0.0000;
973;874.70;11432.50;1306.35;299.5000;65535.0000;523.5000;224.0000;0.0000;0.0000;0.0000;
974;874.88;11430.12;1308.73;291.5000;65535.0000;531.0000;239.5000;0.0000;0.0000;0.0000;
975;875.06;11427.74;1311.11;302.5000;65535.0000;523.0000;220.5000;0.0000;0.0000;0.0000;
976;875.25;11425.36;1313.49;295.0000;65535.0000;517.0000;222.0000;0.0000;0.0000;0.0000;
977;875.43;11422.98;1315.87;300.5000;65535.0000;533.0000;232.5000;0.0000;0.0000;0.0000;
978;875.61;11420.60;1318.25;297.0000;65535.0000;541.5000;244.5000;0.0000;0.0000;0.0000;
979;875.79;11418.22;1320.63;294.0000;65535.0000;556.5000;262.5000;0.0000;0.0000;0.0000;
980;875.98;11415.85;1323.01;296.5000;65535.0000;548.5000;252.0000;0.0000;0.0000;0.0000;
981;876.16;11413.47;1325.38;300.0000;65535.0000;551.0000;251.0000;0.0000;0.0000;0.0000;
982;876.34;11411.10;1327.76;300.5000;65535.0000;533.5000;233.0000;0.0000;0.0000;0.0000;
983;876.52;11408.73;1330.13;302.0000;65535.0000;537.5000;235.5000;0.0000;0.0000;0.0000;
984;876.70;11406.35;1332.50;299.0000;65535.0000;545.0000;246.0000;0.0000;0.0000;0.0000;
985;876.89;11403.98;1334.87;299.5000;65535.0000;540.5000;241.0000;0.0000;0.0000;0.0000;
986;877.07;11401.61;1337.24;305.0000;65535.0000;539.5000;234.5000;0.0000;0.0000;0.0000;
987;877.25;11399.24;1339.61;302.5000;65535.0000;521.5000;219.0000;0.0000;0.0000;0.0000;
988;877.43;11396.88;1341.98;296.0000;65535.0000;528.5000;232.5000;0.0000;0.0000;0.0000;
989;877.62;11394.51;1344.34;298.0000;65535.0000;524.0000;226.0000;0.0000;0.0000;0.0000;
990;877.80;11392.14;1346.71;302.0000;65535.0000;526.5000;224.5000;0.0000;0.0000;0.0000;
991;877.98;11389.78;1349.07;303.0000;65535.0000;528.0000;225.0000;0.0000;0.0000;0.0000;
992;878.16;11387.42;1351.44;301.5000;65535.0000;523.5000;222.0000;0.0000;0.0000;0.0000;
993;878.34;11385.05;1353.80;294.5000;65535.0000;533.0000;238.5000;0.0000;0.0000;0.0000;
994;878.53;11382.69;1356.16;297.0000;65535.0000;513.5000;216.5000;0.0000;0.0000;0.0000;
995;878.71;11380.33;1358.52;300.0000;65535.0000;522.0000;222.0000;0.0000;0.0000;0.0000;
996;878.89;11377.97;1360.88;310.0000;65535.0000;525.0000;215.0000;0.0000;0.0000;0.0000;
997;879.07;11375.61;1363.24;304.5000;65535.0000;522.5000;218.0000;0.0000;0.0000;0.0000;
998;879.26;11373.26;1365.60;307.0000;65535.0000;535.0000;228.0000;0.0000;0.0000;0.0000;
999;879.44;11370.90;1367.95;306.5000;65535.0000;532.0000;225.5000;0.0000;0.0000;0.0000;
1000;879.62;11368.55;1370.31;300.0000;65535.0000;540.0000;240.0000;0.0000;0.0000;0.0000;
1001;879.80;11366.19;1372.66;299.5000;65535.0000;523.5000;224.0000;0.0000;0.0000;0.0000;
1002;879.98;11363.84;1375.01;296.0000;65535.0000;549.5000;253.5000;0.0000;0.0000;0.0000;
1003;880.17;11361.49;1377.37;298.5000;65535.0000;551.0000;252.5000;0.0000;0.0000;0.0000;
1004;880.35;11359.14;1379.72;304.0000;65535.0000;533.0000;229.0000;0.0000;0.0000;0.0000;
1005;880.53;11356.79;1382.07;303.0000;65535.0000;537.5000;234.5000;0.0000;0.0000;0.0000;
1006;880.71;11354.44;1384.42;312.5000;65535.0000;529.5000;217.0000;0.0000;0.0000;0.0000;
1007;880.90;11352.09;1386.76;300.0000;65535.0000;519.0000;219.0000;0.0000;0.0000;0.0000;
1008;881.08;11349.74;1389.11;301.5000;65535.0000;526.5000;225.0000;0.0000;0.0000;0.0000;
1009;881.26;11347.40;1391.46;296.0000;65535.0000;535.5000;239.5000;0.0000;0.0000;0.0000;
1010;881.44;11345.05;1393.80;307.0000;65535.0000;518.0000;211.0000;0.0000;0.0000;0.0000;
1011;881.62;11342.71;1396.14;306.0000;65535.0000;518.0000;212.0000;0.0000;0.0000;0.0000;
1012;881.81;11340.37;1398.49;290.5000;65535.0000;534.5000;244.0000;0.0000;0.0000;0.0000;
1013;881.99;11338.03;1400.83;301.0000;65535.0000;515.0000;214.0000;0.0000;0.0000;0.0000;
1014;882.17;11335.69;1403.17;302.0000;65535.0000;522.5000;220.5000;0.0000;0.0000;0.0000;
1015;882.35;11333.35;1405.51;297.5000;65535.0000;516.0000;218.5000;0.0000;0.0000;0.0000;
1016;882.53;11331.01;1407.84;298.0000;65535.0000;525.5000;227.5000;0.0000;0.0000;0.0000;
1017;882.72;11328.67;1410.18;297.5000;65535.0000;514.0000;216.5000;0.0000;0.0000;0.0000;
1018;882.90;11326.34;1412.52;303.0000;65535.0000;517.0000;214.0000;0.0000;0.0000;0.0000;
1019;883.08;11324.00;1414.85;300.0000;65535.0000;513.0000;213.0000;0.0000;0.0000;0.0000;
1020;883.26;11321.67;1417.19;308.5000;65535.0000;528.0000;219.5000;0.0000;0.0000;0.0000;
1021;883.44;11319.33;1419.52;300.5000;65535.0000;521.5000;221.0000;0.0000;0.0000;0.0000;
1022;883.63;11317.00;1421.85;315.5000;65535.0000;517.5000;202.0000;0.0000;0.0000;0.0000;
1023;883.81;11314.67;1424.18;303.0000;65535.0000;508.0000;205.0000;0.0000;0.0000;0.0000;
1024;883.99;11312.34;1426.51;300.5000;65535.0000;504.0000;203.5000;0.0000;0.0000;0.0000;
1025;884.17;11310.01;1428.84;299.5000;65535.0000;504.0000;204.5000;0.0000;0.0000;0.0000;
1026;884.35;11307.69;1431.17;302.5000;65535.0000;511.0000;208.5000;0.0000;0.0000;0.0000;
1027;884.54;11305.36;1433.49;303.5000;65535.0000;511.5000;208.0000;0.0000;0.0000;0.0000;
1028;884.72;11303.03;1435.82;306.0000;65535.0000;507.5000;201.5000;0.0000;0.0000;0.0000;
1029;884.90;11300.71;1438.14;312.5000;65535.0000;504.5000;192.0000;0.0000;0.0000;0.0000;
1030;885.08;11298.39;1440.47;295.5000;65535.0000;516.0000;220.5000;0.0000;0.0000;0.0000;
1031;885.26;11296.06;1442.79;296.5000;65535.0000;509.0000;212.5000;0.0000;0.0000;0.0000;
1032;885.45;11293.74;1445.11;298.0000;65535.0000;518.5000;220.5000;0.0000;0.0000;0.0000;
1033;885.63;11291.42;1447.43;299.5000;65535.0000;525.0000;225.5000;0.0000;0.0000;0.0000;
1034;885.81;11289.10;1449.75;304.0000;65535.0000;513.0000;209.0000;0.0000;0.0000;0.0000;
1035;885.99;11286.78;1452.07;306.0000;65535.0000;512.0000;206.0000;0.0000;0.0000;0.0000;
1036;886.17;11284.47;1454.39;303.5000;65535.0000;508.0000;204.5000;0.0000;0.0000;0.0000;
1037;886.36;11282.15;1456.70;301.5000;65535.0000;517.0000;215.5000;0.0000;0.0000;0.0000;
1038;886.54;11279.84;1459.02;304.0000;65535.0000;521.5000;217.5000;0.0000;0.0000;0.0000;
1039;886.72;11277.52;1461.33;298.0000;65535.0000;516.5000;218.5000;0.0000;0.0000;0.0000;
1040;886.90;11275.21;1463.64;304.0000;65535.0000;506.0000;202.0000;0.0000;0.0000;0.0000;
1041;887.08;11272.90;1465.96;302.0000;65535.0000;510.5000;208.5000;0.0000;0.0000;0.0000;
1042;887.27;11270.59;1468.27;300.5000;65535.0000;491.0000;190.5000;0.0000;0.0000;0.0000;
1043;887.45;11268.28;1470.58;308.0000;65535.0000;494.0000;186.0000;0.0000;0.0000;0.0000;
1044;887.63;11265.97;1472.89;298.5000;65535.0000;502.0000;203.5000;0.0000;0.0000;0.0000;
1045;887.81;11263.66;1475.19;302.5000;65535.0000;496.0000;193.5000;0.0000;0.0000;0.0000;
1046;887.99;11261.35;1477.50;295.0000;65535.0000;508.5000;213.5000;0.0000;0.0000;0.0000;
1047;888.17;11259.05;1479.81;298.0000;65535.0000;495.5000;197.5000;0.0000;0.0000;0.0000;
1048;888.36;11256.74;1482.11;292.5000;65535.0000;488.0000;195.5000;0.0000;0.0000;0.0000;
1049;888.54;11254.44;1484.42;298.0000;65535.0000;482.0000;184.0000;0.0000;0.0000;0.0000;
1050;888.72;11252.13;1486.72;304.5000;65535.0000;489.0000;184.5000;0.0000;0.0000;0.0000;
1051;888.90;11249.83;1489.02;300.5000;65535.0000;492.0000;191.5000;0.0000;0.0000;0.0000;
1052;889.08;11247.53;1491.32;309.0000;65535.0000;480.5000;171.5000;0.0000;0.0000;0.0000;
1053;889.27;11245.23;1493.62;299.0000;65535.0000;488.5000;189.5000;0.0000;0.0000;0.0000;
1054;889.45;11242.93;1495.92;285.5000;65535.0000;486.5000;201.0000;0.0000;0.0000;0.0000;
1055;889.63;11240.64;1498.22;298.5000;65535.0000;492.0000;193.5000;0.0000;0.0000;0.0000;
1056;889.81;11238.34;1500.51;304.0000;65535.0000;489.0000;185.0000;0.0000;0.0000;0.0000;
1057;889.99;11236.04;1502.81;304.0000;65535.0000;483.5000;179.5000;0.0000;0.0000;0.0000;
1058;890.17;11233.75;1505.10;306.5000;65535.0000;487.0000;180.5000;0.0000;0.0000;0.0000;
1059;890.36;11231.46;1507.40;295.0000;65535.0000;491.5000;196.5000;0.0000;0.0000;0.0000;
1060;890.54;11229.16;1509.69;289.5000;65535.0000;482.5000;193.0000;0.0000;0.0000;0.0000;
1061;890.72;11226.87;1511.98;301.5000;65535.0000;495.0000;193.5000;0.0000;0.0000;0.0000;
1062;890.90;11224.58;1514.27;305.0000;65535.0000;467.5000;162.5000;0.0000;0.0000;0.0000;
1063;891.08;11222.29;1516.56;304.5000;65535.0000;478.0000;173.5000;0.0000;0.0000;0.0000;
1064;891.27;11220.00;1518.85;300.0000;65535.0000;479.0000;179.0000;0.0000;0.0000;0.0000;
1065;891.45;11217.72;1521.14;301.0000;65535.0000;465.5000;164.5000;0.0000;0.0000;0.0000;
1066;891.63;11215.43;1523.42;296.5000;65535.0000;480.0000;183.5000;0.0000;0.0000;0.0000;
1067;891.81;11213.14;1525.71;301.0000;65535.0000;488.0000;187.0000;0.0000;0.0000;0.0000;
1068;891.99;11210.86;1527.99;305.0000;65535.0000;503.0000;198.0000;0.0000;0.0000;0.0000;
1069;892.17;11208.58;1530.28;304.5000;65535.0000;478.0000;173.5000;0.0000;0.0000;0.0000;
1070;892.36;11206.29;1532.56;294.0000;65535.0000;488.0000;194.0000;0.0000;0.0000;0.0000;
1071;892.54;11204.01;1534.84;293.5000;65535.0000;485.0000;191.5000;0.0000;0.0000;0.0000;
1072;892.72;11201.73;1537.12;298.0000;65535.0000;471.5000;173.5000;0.0000;0.0000;0.0000;
1073;892.90;11199.45;1539.40;302.5000;65535.0000;490.0000;187.5000;0.0000;0.0000;0.0000;
1074;893.08;11197.17;1541.68;298.0000;65535.0000;483.5000;185.5000;0.0000;0.0000;0.0000;
1075;893.26;11194.90;1543.96;302.0000;65535.0000;487.5000;185.5000;0.0000;0.0000;0.0000;
1076;893.45;11192.62;1546.23;308.0000;65535.0000;459.5000;151.5000;0.0000;0.0000;0.0000;
1077;893.63;11190.35;1548.51;301.5000;65535.0000;487.0000;185.5000;0.0000;0.0000;0.0000;
1078;893.81;11188.07;1550.78;298.5000;65535.0000;472.0000;173.5000;0.0000;0.0000;0.0000;
1079;893.99;11185.80;1553.06;288.5000;65535.0000;479.5000;191.0000;0.0000;0.0000;0.0000;
1080;894.17;11183.53;1555.33;309.5000;65535.0000;484.5000;175.0000;0.0000;0.0000;0.0000;
1081;894.35;11181.25;1557.60;303.0000;65535.0000;467.0000;164.0000;0.0000;0.0000;0.0000;
1082;894.54;11178.98;1559.87;301.5000;65535.0000;501.5000;200.0000;0.0000;0.0000;0.0000;
1083;894.72;11176.71;1562.14;297.5000;65535.0000;476.5000;179.0000;0.0000;0.0000;0.0000;
1084;894.90;11174.45;1564.41;310.0000;65535.0000;488.5000;178.5000;0.0000;0.0000;0.0000;
1085;895.08;11172.18;1566.67;296.5000;65535.0000;490.5000;194.0000;0.0000;0.0000;0.0000;
1086;895.26;11169.91;1568.94;299.0000;65535.0000;491.5000;192.5000;0.0000;0.0000;0.0000;
1087;895.44;11167.65;1571.21;294.0000;65535.0000;477.0000;183.0000;0.0000;0.0000;0.0000;
1088;895.63;11165.38;1573.47;296.0000;65535.0000;476.0000;180.0000;0.0000;0.0000;0.0000;
1089;895.81;11163.12;1575.73;290.5000;65535.0000;485.5000;195.0000;0.0000;0.0000;0.0000;
1090;895.99;11160.86;1578.00;302.5000;65535.0000;479.5000;177.0000;0.0000;0.0000;0.0000;
1091;896.17;11158.60;1580.26;306.0000;65535.0000;485.5000;179.5000;0.0000;0.0000;0.0000;
1092;896.35;11156.34;1582.52;302.5000;65535.0000;483.5000;181.0000;0.0000;0.0000;0.0000;
1093;896.53;11154.08;1584.78;295.5000;65535.0000;482.5000;187.0000;0.0000;0.0000;0.0000;
1094;896.71;11151.82;1587.03;297.0000;65535.0000;473.5000;176.5000;0.0000;0.0000;0.0000;
1095;896.90;11149.56;1589.29;300.5000;65535.0000;477.0000;176.5000;0.0000;0.0000;0.0000;
1096;897.08;11147.31;1591.55;292.0000;65535.0000;472.5000;180.5000;0.0000;0.0000;0.0000;
1097;897.26;11145.05;1593.80;299.0000;65535.0000;501.5000;202.5000;0.0000;0.0000;0.0000;
1098;897.44;11142.80;1596.06;310.0000;65535.0000;487.5000;177.5000;0.0000;0.0000;0.0000;
1099;897.62;11140.54;1598.31;306.0000;65535.0000;480.5000;174.5000;0.0000;0.0000;0.0000;
1100;897.80;11138.29;1600.56;300.0000;65535.0000;481.5000;181.5000;0.0000;0.0000;0.0000;
1101;897.99;11136.04;1602.81;293.5000;65535.0000;485.5000;192.0000;0.0000;0.0000;0.0000;
1102;898.17;11133.79;1605.06;314.5000;65535.0000;467.0000;152.5000;0.0000;0.0000;0.0000;
1103;898.35;11131.54;1607.31;297.0000;65535.0000;484.0000;187.0000;0.0000;0.0000;0.0000;
1104;898.53;11129.29;1609.56;300.0000;65535.0000;473.0000;173.0000;0.0000;0.0000;0.0000;
1105;898.71;11127.04;1611.81;301.5000;65535.0000;477.0000;175.5000;0.0000;0.0000;0.0000;
1106;898.89;11124.80;1614.06;297.0000;65535.0000;480.5000;183.5000;0.0000;0.0000;0.0000;
1107;899.07;11122.55;1616.30;292.5000;65535.0000;482.0000;189.5000;0.0000;0.0000;0.0000;
1108;899.26;11120.31;1618.54;300.0000;65535.0000;481.5000;181.5000;0.0000;0.0000;0.0000;
1109;899.44;11118.07;1620.79;294.0000;65535.0000;493.0000;199.0000;0.0000;0.0000;0.0000;
1110;899.62;11115.82;1623.03;303.0000;65535.0000;481.0000;178.0000;0.0000;0.0000;0.0000;
1111;899.80;11113.58;1625.27;303.5000;65535.0000;467.0000;163.5000;0.0000;0.0000;0.0000;
1112;899.98;11111.34;1627.51;288.5000;65535.0000;479.5000;191.0000;0.0000;0.0000;0.0000;
1113;900.16;11109.10;1629.75;298.5000;65535.0000;483.0000;184.5000;0.0000;0.0000;0.0000;
1114;900.34;11106.86;1631.99;295.5000;65535.0000;481.5000;186.0000;0.0000;0.0000;0.0000;
1115;900.53;11104.63;1634.23;295.5000;65535.0000;487.5000;192.0000;0.0000;0.0000;0.0000;
1116;900.71;11102.39;1636.46;300.5000;65535.0000;478.0000;177.5000;0.0000;0.0000;0.0000;
1117;900.89;11100.15;1638.70;304.5000;65535.0000;474.5000;170.0000;0.0000;0.0000;0.0000;
1118;901.07;11097.92;1640.93;288.5000;65535.0000;484.0000;195.5000;0.0000;0.0000;0.0000;
1119;901.25;11095.69;1643.17;296.5000;65535.0000;477.0000;180.5000;0.0000;0.0000;0.0000;
1120;901.43;11093.45;1645.40;297.0000;65535.0000;474.5000;177.5000;0.0000;0.0000;0.0000;
1121;901.61;11091.22;1647.63;294.0000;65535.0000;482.0000;188.0000;0.0000;0.0000;0.0000;
1122;901.80;11088.99;1649.86;299.0000;65535.0000;464.0000;165.0000;0.0000;0.0000;0.0000;
1123;901.98;11086.76;1652.09;297.0000;65535.0000;482.5000;185.5000;0.0000;0.0000;0.0000;
1124;902.16;11084.53;1654.32;294.5000;65535.0000;473.5000;179.0000;0.0000;0.0000;0.0000;
1125;902.34;11082.31;1656.55;297.0000;65535.0000;483.0000;186.0000;0.0000;0.0000;0.0000;
1126;902.52;11080.08;1658.77;300.0000;65535.0000;472.5000;172.5000;0.0000;0.0000;0.0000;
1127;902.70;11077.85;1661.00;299.0000;65535.0000;472.0000;173.0000;0.0000;0.0000;0.0000;
1128;902.88;11075.63;1663.22;295.5000;65535.0000;449.5000;154.0000;0.0000;0.0000;0.0000;
1129;903.06;11073.41;1665.45;295.0000;65535.0000;468.0000;173.0000;0.0000;0.0000;0.0000;
1130;903.25;11071.18;1667.67;300.5000;65535.0000;461.0000;160.5000;0.0000;0.0000;0.0000;
1131;903.43;11068.96;1669.89;299.0000;65535.0000;463.0000;164.0000;0.0000;0.0000;0.0000;
1132;903.61;11066.74;1672.11;302.5000;65535.0000;467.0000;164.5000;0.0000;0.0000;0.0000;
1133;903.79;11064.52;1674.33;297.0000;65535.0000;465.5000;168.5000;0.0000;0.0000;0.0000;
1134;903.97;11062.30;1676.55;307.0000;65535.0000;464.0000;157.0000;0.0000;0.0000;0.0000;
1135;904.15;11060.08;1678.77;307.5000;65535.0000;459.5000;152.0000;0.0000;0.0000;0.0000;
1136;904.33;11057.87;1680.99;298.5000;65535.0000;461.5000;163.0000;0.0000;0.0000;0.0000;
1137;904.51;11055.65;1683.20;295.5000;65535.0000;465.5000;170.0000;0.0000;0.0000;0.0000;
1138;904.70;11053.44;1685.42;303.5000;65535.0000;464.0000;160.5000;0.0000;0.0000;0.0000;
1139;904.88;11051.22;1687.63;298.5000;65535.0000;455.5000;157.0000;0.0000;0.0000;0.0000;
1140;905.06;11049.01;1689.84;293.5000;65535.0000;467.5000;174.0000;0.0000;0.0000;0.0000;
1141;905.24;11046.80;1692.06;299.5000;65535.0000;451.0000;151.5000;0.0000;0.0000;0.0000;
1142;905.42;11044.59;1694.27;296.0000;65535.0000;458.0000;162.0000;0.0000;0.0000;0.0000;
1143;905.60;11042.38;1696.48;300.0000;65535.0000;453.5000;153.5000;0.0000;0.0000;0.0000;
1144;905.78;11040.17;1698.69;298.5000;65535.0000;444.5000;146.0000;0.0000;0.0000;0.0000;
1145;905.96;11037.96;1700.89;284.5000;65535.0000;455.5000;171.0000;0.0000;0.0000;0.0000;
1146;906.15;11035.75;1703.10;306.5000;65535.0000;445.0000;138.5000;0.0000;0.0000;0.0000;
1147;906.33;11033.55;1705.31;301.5000;65535.0000;460.0000;158.5000;0.0000;0.0000;0.0000;
1148;906.51;11031.34;1707.51;297.0000;65535.0000;461.0000;164.0000;0.0000;0.0000;0.0000;
1149;906.69;11029.14;1709.72;298.0000;65535.0000;449.0000;151.0000;0.0000;0.0000;0.0000;
1150;906.87;11026.93;1711.92;309.5000;65535.0000;456.5000;147.0000;0.0000;0.0000;0.0000;
1151;907.05;11024.73;1714.12;293.0000;65535.0000;448.5000;155.5000;0.0000;0.0000;0.0000;
1152;907.23;11022.53;1716.32;295.5000;65535.0000;453.0000;157.5000;0.0000;0.0000;0.0000;
1153;907.41;11020.33;1718.52;297.5000;65535.0000;437.5000;140.0000;0.0000;0.0000;0.0000;
1154;907.60;11018.13;1720.72;294.5000;65535.0000;454.5000;160.0000;0.0000;0.0000;0.0000;
1155;907.78;11015.93;1722.92;299.5000;65535.0000;456.5000;157.0000;0.0000;0.0000;0.0000;
1156;907.96;11013.73;1725.12;302.0000;65535.0000;451.0000;149.0000;0.0000;0.0000;0.0000;
1157;908.14;11011.54;1727.32;309.0000;65535.0000;450.0000;141.0000;0.0000;0.0000;0.0000;
1158;908.32;11009.34;1729.51;300.5000;65535.0000;446.0000;145.5000;0.0000;0.0000;0.0000;
1159;908.50;11007.15;1731.71;307.5000;65535.0000;450.0000;142.5000;0.0000;0.0000;0.0000;
1160;908.68;11004.95;1733.90;306.5000;65535.0000;445.0000;138.5000;0.0000;0.0000;0.0000;
1161;908.86;11002.76;1736.09;290.0000;65535.0000;433.0000;143.0000;0.0000;0.0000;0.0000;
1162;909.04;11000.57;1738.28;300.5000;65535.0000;451.0000;150.5000;0.0000;0.0000;0.0000;
1163;909.22;10998.38;1740.48;298.0000;65535.0000;437.0000;139.0000;0.0000;0.0000;0.0000;
1164;909.41;10996.19;1742.66;299.5000;65535.0000;446.0000;146.5000;0.0000;0.0000;0.0000;
1165;909.59;10994.00;1744.85;299.5000;65535.0000;437.5000;138.0000;0.0000;0.0000;0.0000;
1166;909.77;10991.81;1747.04;293.5000;65535.0000;436.5000;143.0000;0.0000;0.0000;0.0000;
1167;909.95;10989.62;1749.23;301.0000;65535.0000;457.0000;156.0000;0.0000;0.0000;0.0000;
1168;910.13;10987.44;1751.41;301.5000;65535.0000;442.0000;140.5000;0.0000;0.0000;0.0000;
1169;910.31;10985.25;1753.60;299.5000;65535.0000;445.0000;145.5000;0.0000;0.0000;0.0000;
1170;910.49;10983.07;1755.78;302.5000;65535.0000;439.0000;136.5000;0.0000;0.0000;0.0000;
1171;910.67;10980.89;1757.97;297.5000;65535.0000;441.5000;144.0000;0.0000;0.0000;0.0000;
1172;910.85;10978.70;1760.15;299.5000;65535.0000;443.5000;144.0000;0.0000;0.0000;0.0000;
1173;911.04;10976.52;1762.33;305.0000;65535.0000;442.5000;137.5000;0.0000;0.0000;0.0000;
1174;911.22;10974.34;1764.51;302.0000;65535.0000;453.0000;151.0000;0.0000;0.0000;0.0000;
1175;911.40;10972.16;1766.69;311.0000;65535.0000;444.5000;133.5000;0.0000;0.0000;0.0000;
1176;911.58;10969.98;1768.87;305.0000;65535.0000;444.0000;139.0000;0.0000;0.0000;0.0000;
1177;911.76;10967.81;1771.05;307.5000;65535.0000;460.5000;153.0000;0.0000;0.0000;0.0000;
1178;911.94;10965.63;1773.22;286.0000;65535.0000;449.5000;163.5000;0.0000;0.0000;0.0000;
1179;912.12;10963.46;1775.40;298.0000;65535.0000;451.0000;153.0000;0.0000;0.0000;0.0000;
1180;912.30;10961.28;1777.57;296.5000;65535.0000;439.5000;143.0000;0.0000;0.0000;0.0000;
1181;912.48;10959.11;1779.75;298.5000;65535.0000;439.5000;141.0000;0.0000;0.0000;0.0000;
1182;912.66;10956.93;1781.92;298.5000;65535.0000;430.5000;132.0000;0.0000;0.0000;0.0000;
1183;912.84;10954.76;1784.09;300.5000;65535.0000;445.5000;145.0000;0.0000;0.0000;0.0000;
1184;913.03;10952.59;1786.26;303.5000;65535.0000;445.5000;142.0000;0.0000;0.0000;0.0000;
1185;913.21;10950.42;1788.43;301.0000;65535.0000;444.5000;143.5000;0.0000;0.0000;0.0000;
1186;913.39;10948.25;1790.60;299.0000;65535.0000;450.5000;151.5000;0.0000;0.0000;0.0000;
1187;913.57;10946.08;1792.77;309.5000;65535.0000;436.5000;127.0000;0.0000;0.0000;0.0000;
1188;913.75;10943.92;1794.94;299.5000;65535.0000;441.0000;141.5000;0.0000;0.0000;0.0000;
1189;913.93;10941.75;1797.10;296.0000;65535.0000;434.5000;138.5000;0.0000;0.0000;0.0000;
1190;914.11;10939.59;1799.27;302.0000;65535.0000;444.5000;142.5000;0.0000;0.0000;0.0000;
1191;914.29;10937.42;1801.43;302.5000;65535.0000;441.0000;138.5000;0.0000;0.0000;0.0000;
1192;914.47;10935.26;1803.60;308.0000;65535.0000;440.0000;132.0000;0.0000;0.0000;0.0000;
1193;914.65;10933.10;1805.76;298.5000;65535.0000;448.0000;149.5000;0.0000;0.0000;0.0000;
1194;914.83;10930.93;1807.92;298.0000;65535.0000;444.5000;146.5000;0.0000;0.0000;0.0000;
1195;915.02;10928.77;1810.08;295.5000;65535.0000;428.5000;133.0000;0.0000;0.0000;0.0000;
1196;915.20;10926.61;1812.24;299.5000;65535.0000;441.0000;141.5000;0.0000;0.0000;0.0000;
1197;915.38;10924.46;1814.40;297.5000;65535.0000;437.5000;140.0000;0.0000;0.0000;0.0000;
1198;915.56;10922.30;1816.56;298.5000;65535.0000;442.0000;143.5000;0.0000;0.0000;0.0000;
1199;915.74;10920.14;1818.71;299.5000;65535.0000;427.5000;128.0000;0.0000;0.0000;0.0000;
1200;915.92;10917.99;1820.87;296.5000;65535.0000;445.5000;149.0000;0.0000;0.0000;0.0000;
1201;916.10;10915.83;1823.02;294.5000;65535.0000;435.0000;140.5000;0.0000;0.0000;0.0000;
1202;916.28;10913.68;1825.18;299.5000;65535.0000;458.0000;158.5000;0.0000;0.0000;0.0000;
1203;916.46;10911.52;1827.33;300.5000;65535.0000;446.0000;145.5000;0.0000;0.0000;0.0000;
1204;916.64;10909.37;1829.48;304.0000;65535.0000;429.5000;125.5000;0.0000;0.0000;0.0000;
1205;916.82;10907.22;1831.63;306.0000;65535.0000;429.0000;123.0000;0.0000;0.0000;0.0000;
1206;917.00;10905.07;1833.78;303.0000;65535.0000;438.5000;135.5000;0.0000;0.0000;0.0000;
1207;917.19;10902.92;1835.93;301.0000;65535.0000;440.0000;139.0000;0.0000;0.0000;0.0000;
1208;917.37;10900.77;1838.08;289.5000;65535.0000;438.5000;149.0000;0.0000;0.0000;0.0000;
1209;917.55;10898.62;1840.23;299.5000;65535.0000;433.0000;133.5000;0.0000;0.0000;0.0000;
1210;917.73;10896.48;1842.38;302.0000;65535.0000;444.5000;142.5000;0.0000;0.0000;0.0000;
1211;917.91;10894.33;1844.52;316.5000;65535.0000;427.5000;111.0000;0.0000;0.0000;0.0000;
1212;918.09;10892.19;1846.67;293.5000;65535.0000;443.0000;149.5000;0.0000;0.0000;0.0000;
1213;918.27;10890.04;1848.81;289.5000;65535.0000;423.5000;134.0000;0.0000;0.0000;0.0000;
1214;918.45;10887.90;1850.95;291.5000;65535.0000;440.0000;148.5000;0.0000;0.0000;0.0000;
1215;918.63;10885.76;1853.09;301.5000;65535.0000;446.0000;144.5000;0.0000;0.0000;0.0000;
1216;918.81;10883.62;1855.23;307.0000;65535.0000;428.5000;121.5000;0.0000;0.0000;0.0000;
1217;918.99;10881.48;1857.37;310.0000;65535.0000;432.0000;122.0000;0.0000;0.0000;0.0000;
1218;919.17;10879.34;1859.51;297.0000;65535.0000;425.5000;128.5000;0.0000;0.0000;0.0000;
1219;919.35;10877.20;1861.65;296.5000;65535.0000;424.5000;128.0000;0.0000;0.0000;0.0000;
1220;919.53;10875.06;1863.79;298.5000;65535.0000;438.5000;140.0000;0.0000;0.0000;0.0000;
1221;919.72;10872.93;1865.93;293.5000;65535.0000;429.5000;136.0000;0.0000;0.0000;0.0000;
1222;919.90;10870.79;1868.06;297.0000;65535.0000;448.5000;151.5000;0.0000;0.0000;0.0000;
1223;920.08;10868.66;1870.20;304.5000;65535.0000;435.5000;131.0000;0.0000;0.0000;0.0000;
1224;920.26;10866.52;1872.33;295.5000;65535.0000;440.5000;145.0000;0.0000;0.0000;0.0000;
1225;920.44;10864.39;1874.46;296.5000;65535.0000;432.5000;136.0000;0.0000;0.0000;0.0000;
1226;920.62;10862.26;1876.59;295.5000;65535.0000;448.0000;152.5000;0.0000;0.0000;0.0000;
1227;920.80;10860.13;1878.72;314.5000;65535.0000;426.5000;112.0000;0.0000;0.0000;0.0000;
1228;920.98;10858.00;1880.85;299.5000;65535.0000;417.0000;117.5000;0.0000;0.0000;0.0000;
1229;921.16;10855.87;1882.98;303.5000;65535.0000;429.0000;125.5000;0.0000;0.0000;0.0000;
1230;921.34;10853.74;1885.11;295.5000;65535.0000;432.0000;136.5000;0.0000;0.0000;0.0000;
1231;921.52;10851.61;1887.24;301.5000;65535.0000;427.0000;125.5000;0.0000;0.0000;0.0000;
1232;921.70;10849.49;1889.37;298.0000;65535.0000;434.0000;136.0000;0.0000;0.0000;0.0000;
1233;921.88;10847.36;1891.49;299.0000;65535.0000;415.0000;116.0000;0.0000;0.0000;0.0000;
1234;922.06;10845.24;1893.61;305.5000;65535.0000;427.0000;121.5000;0.0000;0.0000;0.0000;
1235;922.24;10843.12;1895.74;297.0000;65535.0000;421.0000;124.0000;0.0000;0.0000;0.0000;
1236;922.42;10840.99;1897.86;289.0000;65535.0000;430.0000;141.0000;0.0000;0.0000;0.0000;
1237;922.61;10838.87;1899.98;300.5000;65535.0000;427.5000;127.0000;0.0000;0.0000;0.0000;
1238;922.79;10836.75;1902.10;300.0000;65535.0000;433.0000;133.0000;0.0000;0.0000;0.0000;
1239;922.97;10834.63;1904.22;303.5000;65535.0000;430.5000;127.0000;0.0000;0.0000;0.0000;
1240;923.15;10832.51;1906.34;303.0000;65535.0000;410.5000;107.5000;0.0000;0.0000;0.0000;
1241;923.33;10830.39;1908.46;309.0000;65535.0000;427.0000;118.0000;0.0000;0.0000;0.0000;
1242;923.51;10828.28;1910.58;304.5000;65535.0000;425.0000;120.5000;0.0000;0.0000;0.0000;
1243;923.69;10826.16;1912.69;286.0000;65535.0000;421.0000;135.0000;0.0000;0.0000;0.0000;
1244;923.87;10824.04;1914.81;297.5000;65535.0000;428.0000;130.5000;0.0000;0.0000;0.0000;
1245;924.05;10821.93;1916.92;287.5000;65535.0000;418.0000;130.5000;0.0000;0.0000;0.0000;
1246;924.23;10819.82;1919.04;295.5000;65535.0000;427.0000;131.5000;0.0000;0.0000;0.0000;
1247;924.41;10817.70;1921.15;299.0000;65535.0000;414.0000;115.0000;0.0000;0.0000;0.0000;
1248;924.59;10815.59;1923.26;297.0000;65535.0000;426.0000;129.0000;0.0000;0.0000;0.0000;
1249;924.77;10813.48;1925.37;295.0000;65535.0000;423.5000;128.5000;0.0000;0.0000;0.0000;
1250;924.95;10811.37;1927.48;298.5000;65535.0000;424.0000;125.5000;0.0000;0.0000;0.0000;
1251;925.13;10809.26;1929.59;297.0000;65535.0000;431.0000;134.0000;0.0000;0.0000;0.0000;
1252;925.31;10807.15;1931.70;297.0000;65535.0000;439.5000;142.5000;0.0000;0.0000;0.0000;
1253;925.49;10805.05;1933.81;299.5000;65535.0000;427.5000;128.0000;0.0000;0.0000;0.0000;
1254;925.67;10802.94;1935.91;298.0000;65535.0000;424.5000;126.5000;0.0000;0.0000;0.0000;
1255;925.85;10800.84;1938.02;300.5000;65535.0000;427.0000;126.5000;0.0000;0.0000;0.0000;
1256;926.03;10798.73;1940.12;305.5000;65535.0000;438.5000;133.0000;0.0000;0.0000;0.0000;
1257;926.22;10796.63;1942.23;297.0000;65535.0000;424.0000;127.0000;0.0000;0.0000;0.0000;
1258;926.40;10794.53;1944.33;302.5000;65535.0000;418.0000;115.5000;0.0000;0.0000;0.0000;
1259;926.58;10792.42;1946.43;302.0000;65535.0000;418.0000;116.0000;0.0000;0.0000;0.0000;
1260;926.76;10790.32;1948.53;298.5000;65535.0000;422.5000;124.0000;0.0000;0.0000;0.0000;
1261;926.94;10788.22;1950.63;297.0000;65535.0000;423.5000;126.5000;0.0000;0.0000;0.0000;
1262;927.12;10786.12;1952.73;298.5000;65535.0000;425.0000;126.5000;0.0000;0.0000;0.0000;
1263;927.30;10784.03;1954.83;300.5000;65535.0000;419.5000;119.0000;0.0000;0.0000;0.0000;
1264;927.48;10781.93;1956.92;300.5000;65535.0000;411.5000;111.0000;0.0000;0.0000;0.0000;
1265;927.66;10779.83;1959.02;307.5000;65535.0000;433.5000;126.0000;0.0000;0.0000;0.0000;
1266;927.84;10777.74;1961.12;298.5000;65535.0000;430.5000;132.0000;0.0000;0.0000;0.0000;
1267;928.02;10775.64;1963.21;304.5000;65535.0000;422.0000;117.5000;0.0000;0.0000;0.0000;
1268;928.20;10773.55;1965.30;310.0000;65535.0000;442.0000;132.0000;0.0000;0.0000;0.0000;
1269;928.38;10771.46;1967.40;305.0000;65535.0000;424.0000;119.0000;0.0000;0.0000;0.0000;
1270;928.56;10769.36;1969.49;298.0000;65535.0000;423.5000;125.5000;0.0000;0.0000;0.0000;
1271;928.74;10767.27;1971.58;299.5000;65535.0000;423.5000;124.0000;0.0000;0.0000;0.0000;
1272;928.92;10765.18;1973.67;297.5000;65535.0000;417.0000;119.5000;0.0000;0.0000;0.0000;
1273;929.10;10763.09;1975.76;307.0000;65535.0000;430.0000;123.0000;0.0000;0.0000;0.0000;
1274;929.28;10761.01;1977.85;306.5000;65535.0000;421.0000;114.5000;0.0000;0.0000;0.0000;
1275;929.46;10758.92;1979.94;300.5000;65535.0000;425.5000;125.0000;0.0000;0.0000;0.0000;
1276;929.64;10756.83;1982.02;306.5000;65535.0000;428.0000;121.5000;0.0000;0.0000;0.0000;
1277;929.82;10754.75;1984.11;297.0000;65535.0000;412.5000;115.5000;0.0000;0.0000;0.0000;
1278;930.00;10752.66;1986.19;299.0000;65535.0000;423.5000;124.5000;0.0000;0.0000;0.0000;
1279;930.18;10750.58;1988.28;294.5000;65535.0000;423.5000;129.0000;0.0000;0.0000;0.0000;
1280;930.36;10748.49;1990.36;305.0000;65535.0000;433.0000;128.0000;0.0000;0.0000;0.0000;
1281;930.54;10746.41;1992.44;301.5000;65535.0000;407.0000;105.5000;0.0000;0.0000;0.0000;
1282;930.72;10744.33;1994.52;301.5000;65535.0000;421.5000;120.0000;0.0000;0.0000;0.0000;
1283;930.90;10742.25;1996.60;301.0000;65535.0000;414.0000;113.0000;0.0000;0.0000;0.0000;
1284;931.08;10740.17;1998.68;294.5000;65535.0000;413.5000;119.0000;0.0000;0.0000;0.0000;
1285;931.26;10738.09;2000.76;300.0000;65535.0000;433.5000;133.5000;0.0000;0.0000;0.0000;
1286;931.44;10736.02;2002.84;298.5000;65535.0000;415.5000;117.0000;0.0000;0.0000;0.0000;
1287;931.62;10733.94;2004.91;300.0000;65535.0000;417.5000;117.5000;0.0000;0.0000;0.0000;
1288;931.80;10731.86;2006.99;299.5000;65535.0000;421.0000;121.5000;0.0000;0.0000;0.0000;
1289;931.98;10729.79;2009.07;297.0000;65535.0000;407.5000;110.5000;0.0000;0.0000;0.0000;
1290;932.17;10727.71;2011.14;305.5000;65535.0000;423.5000;118.0000;0.0000;0.0000;0.0000;
1291;932.35;10725.64;2013.21;299.5000;65535.0000;423.0000;123.5000;0.0000;0.0000;0.0000;
1292;932.53;10723.57;2015.29;300.0000;65535.0000;425.5000;125.5000;0.0000;0.0000;0.0000;
1293;932.71;10721.50;2017.36;295.0000;65535.0000;414.5000;119.5000;0.0000;0.0000;0.0000;
1294;932.89;10719.43;2019.43;300.5000;65535.0000;408.5000;108.0000;0.0000;0.0000;0.0000;
1295;933.07;10717.36;2021.50;299.5000;65535.0000;421.0000;121.5000;0.0000;0.0000;0.0000;
1296;933.25;10715.29;2023.57;299.5000;65535.0000;417.0000;117.5000;0.0000;0.0000;0.0000;
1297;933.43;10713.22;2025.63;303.5000;65535.0000;423.0000;119.5000;0.0000;0.0000;0.0000;
1298;933.61;10711.15;2027.70;304.5000;65535.0000;407.5000;103.0000;0.0000;0.0000;0.0000;
1299;933.79;10709.09;2029.77;296.5000;65535.0000;413.5000;117.0000;0.0000;0.0000;0.0000;
1300;933.97;10707.02;2031.83;302.0000;65535.0000;413.0000;111.0000;0.0000;0.0000;0.0000;
1301;934.15;10704.96;2033.90;298.0000;65535.0000;410.0000;112.0000;0.0000;0.0000;0.0000;
1302;934.33;10702.89;2035.96;304.5000;65535.0000;425.5000;121.0000;0.0000;0.0000;0.0000;
1303;934.51;10700.83;2038.02;300.5000;65535.0000;409.0000;108.5000;0.0000;0.0000;0.0000;
1304;934.69;10698.77;2040.08;299.5000;65535.0000;417.0000;117.5000;0.0000;0.0000;0.0000;
1305;934.87;10696.71;2042.15;289.5000;65535.0000;401.5000;112.0000;0.0000;0.0000;0.0000;
1306;935.05;10694.65;2044.21;302.0000;65535.0000;408.0000;106.0000;0.0000;0.0000;0.0000;
1307;935.23;10692.59;2046.26;301.5000;65535.0000;418.0000;116.5000;0.0000;0.0000;0.0000;
1308;935.41;10690.53;2048.32;306.5000;65535.0000;420.5000;114.0000;0.0000;0.0000;0.0000;
1309;935.59;10688.47;2050.38;298.0000;65535.0000;408.5000;110.5000;0.0000;0.0000;0.0000;
1310;935.77;10686.42;2052.44;302.5000;65535.0000;399.5000;97.0000;0.0000;0.0000;0.0000;
1311;935.95;10684.36;2054.49;299.5000;65535.0000;421.0000;121.5000;0.0000;0.0000;0.0000;
1312;936.13;10682.31;2056.55;302.5000;65535.0000;413.0000;110.5000;0.0000;0.0000;0.0000;
1313;936.31;10680.25;2058.60;296.5000;65535.0000;415.5000;119.0000;0.0000;0.0000;0.0000;
1314;936.49;10678.20;2060.65;300.5000;65535.0000;425.0000;124.5000;0.0000;0.0000;0.0000;
1315;936.67;10676.15;2062.71;297.5000;65535.0000;403.5000;106.0000;0.0000;0.0000;0.0000;
1316;936.85;10674.10;2064.76;301.5000;65535.0000;413.0000;111.5000;0.0000;0.0000;0.0000;
1317;937.03;10672.05;2066.81;301.5000;65535.0000;408.5000;107.0000;0.0000;0.0000;0.0000;
1318;937.21;10670.00;2068.86;298.0000;65535.0000;419.0000;121.0000;0.0000;0.0000;0.0000;
1319;937.39;10667.95;2070.91;294.0000;65535.0000;413.0000;119.0000;0.0000;0.0000;0.0000;
1320;937.57;10665.90;2072.95;303.0000;65535.0000;412.5000;109.5000;0.0000;0.0000;0.0000;
1321;937.75;10663.85;2075.00;312.5000;65535.0000;413.5000;101.0000;0.0000;0.0000;0.0000;
1322;937.93;10661.81;2077.05;297.0000;65535.0000;402.5000;105.5000;0.0000;0.0000;0.0000;
1323;938.11;10659.76;2079.09;294.5000;65535.0000;405.0000;110.5000;0.0000;0.0000;0.0000;
1324;938.29;10657.72;2081.14;303.5000;65535.0000;406.0000;102.5000;0.0000;0.0000;0.0000;
1325;938.47;10655.67;2083.18;297.0000;65535.0000;405.5000;108.5000;0.0000;0.0000;0.0000;
1326;938.65;10653.63;2085.22;302.0000;65535.0000;417.0000;115.0000;0.0000;0.0000;0.0000;
1327;938.83;10651.59;2087.26;301.0000;65535.0000;408.5000;107.5000;0.0000;0.0000;0.0000;
1328;939.01;10649.55;2089.31;300.0000;65535.0000;402.0000;102.0000;0.0000;0.0000;0.0000;
1329;939.19;10647.51;2091.35;296.5000;65535.0000;394.0000;97.5000;0.0000;0.0000;0.0000;
1330;939.37;10645.47;2093.38;302.5000;65535.0000;410.0000;107.5000;0.0000;0.0000;0.0000;
1331;939.55;10643.43;2095.42;299.0000;65535.0000;417.0000;118.0000;0.0000;0.0000;0.0000;
1332;939.73;10641.39;2097.46;297.0000;65535.0000;404.5000;107.5000;0.0000;0.0000;0.0000;
1333;939.91;10639.36;2099.50;298.5000;65535.0000;404.0000;105.5000;0.0000;0.0000;0.0000;
1334;940.09;10637.32;2101.53;294.0000;65535.0000;392.5000;98.5000;0.0000;0.0000;0.0000;
1335;940.27;10635.29;2103.57;302.0000;65535.0000;404.0000;102.0000;0.0000;0.0000;0.0000;
1336;940.45;10633.25;2105.60;300.0000;65535.0000;404.0000;104.0000;0.0000;0.0000;0.0000;
1337;940.63;10631.22;2107.63;298.5000;65535.0000;409.5000;111.0000;0.0000;0.0000;0.0000;
1338;940.81;10629.19;2109.67;304.0000;65535.0000;409.0000;105.0000;0.0000;0.0000;0.0000;
1339;940.99;10627.16;2111.70;305.5000;65535.0000;402.0000;96.5000;0.0000;0.0000;0.0000;
1340;941.17;10625.12;2113.73;303.5000;65535.0000;400.5000;97.0000;0.0000;0.0000;0.0000;
1341;941.35;10623.10;2115.76;306.5000;65535.0000;396.0000;89.5000;0.0000;0.0000;0.0000;
1342;941.53;10621.07;2117.79;299.5000;65535.0000;397.5000;98.0000;0.0000;0.0000;0.0000;
1343;941.70;10619.04;2119.82;301.5000;65535.0000;416.5000;115.0000;0.0000;0.0000;0.0000;
1344;941.88;10617.01;2121.84;296.5000;65535.0000;404.0000;107.5000;0.0000;0.0000;0.0000;
1345;942.06;10614.98;2123.87;297.0000;65535.0000;413.5000;116.5000;0.0000;0.0000;0.0000;
1346;942.24;10612.96;2125.89;291.0000;65535.0000;397.5000;106.5000;0.0000;0.0000;0.0000;
1347;942.42;10610.93;2127.92;299.0000;65535.0000;404.0000;105.0000;0.0000;0.0000;0.0000;
1348;942.60;10608.91;2129.94;297.5000;65535.0000;391.0000;93.5000;0.0000;0.0000;0.0000;
1349;942.78;10606.89;2131.97;299.5000;65535.0000;401.0000;101.5000;0.0000;0.0000;0.0000;
1350;942.96;10604.87;2133.99;304.0000;65535.0000;409.0000;105.0000;0.0000;0.0000;0.0000;
1351;943.14;10602.84;2136.01;302.0000;65535.0000;405.5000;103.5000;0.0000;0.0000;0.0000;
1352;943.32;10600.82;2138.03;302.0000;65535.0000;400.0000;98.0000;0.0000;0.0000;0.0000;
1353;943.50;10598.81;2140.05;304.0000;65535.0000;410.5000;106.5000;0.0000;0.0000;0.0000;
1354;943.68;10596.79;2142.07;301.5000;65535.0000;419.5000;118.0000;0.0000;0.0000;0.0000;
1355;943.86;10594.77;2144.08;298.0000;65535.0000;405.0000;107.0000;0.0000;0.0000;0.0000;
1356;944.04;10592.75;2146.10;303.0000;65535.0000;394.5000;91.5000;0.0000;0.0000;0.0000;
1357;944.22;10590.74;2148.12;303.0000;65535.0000;404.5000;101.5000;0.0000;0.0000;0.0000;
1358;944.40;10588.72;2150.13;301.0000;65535.0000;403.5000;102.5000;0.0000;0.0000;0.0000;
1359;944.58;10586.71;2152.15;294.0000;65535.0000;400.0000;106.0000;0.0000;0.0000;0.0000;
1360;944.76;10584.69;2154.16;302.0000;65535.0000;395.5000;93.5000;0.0000;0.0000;0.0000;
1361;944.94;10582.68;2156.17;292.5000;65535.0000;400.0000;107.5000;0.0000;0.0000;0.0000;
1362;945.12;10580.67;2158.19;306.0000;65535.0000;405.0000;99.0000;0.0000;0.0000;0.0000;
1363;945.30;10578.66;2160.20;297.5000;65535.0000;395.0000;97.5000;0.0000;0.0000;0.0000;
1364;945.48;10576.65;2162.21;300.0000;65535.0000;403.5000;103.5000;0.0000;0.0000;0.0000;
1365;945.66;10574.64;2164.22;300.5000;65535.0000;405.0000;104.5000;0.0000;0.0000;0.0000;
1366;945.84;10572.63;2166.22;291.5000;65535.0000;401.5000;110.0000;0.0000;0.0000;0.0000;
1367;946.02;10570.62;2168.23;303.5000;65535.0000;423.5000;120.0000;0.0000;0.0000;0.0000;
1368;946.20;10568.61;2170.24;307.0000;65535.0000;394.5000;87.5000;0.0000;0.0000;0.0000;
1369;946.38;10566.61;2172.24;294.5000;65535.0000;404.5000;110.0000;0.0000;0.0000;0.0000;
1370;946.56;10564.60;2174.25;294.5000;65535.0000;396.0000;101.5000;0.0000;0.0000;0.0000;
1371;946.74;10562.60;2176.25;299.0000;65535.0000;392.0000;93.0000;0.0000;0.0000;0.0000;
1372;946.92;10560.60;2178.26;297.5000;65535.0000;405.0000;107.5000;0.0000;0.0000;0.0000;
1373;947.10;10558.59;2180.26;296.0000;65535.0000;398.5000;102.5000;0.0000;0.0000;0.0000;
1374;947.28;10556.59;2182.26;302.0000;65535.0000;401.5000;99.5000;0.0000;0.0000;0.0000;
1375;947.46;10554.59;2184.26;299.0000;65535.0000;396.0000;97.0000;0.0000;0.0000;0.0000;
1376;947.63;10552.59;2186.26;291.5000;65535.0000;397.0000;105.5000;0.0000;0.0000;0.0000;
1377;947.81;10550.59;2188.26;299.0000;65535.0000;397.0000;98.0000;0.0000;0.0000;0.0000;
1378;947.99;10548.59;2190.26;293.5000;65535.0000;392.0000;98.5000;0.0000;0.0000;0.0000;
1379;948.17;10546.60;2192.26;306.0000;65535.0000;399.0000;93.0000;0.0000;0.0000;0.0000;
1380;948.35;10544.60;2194.25;312.0000;65535.0000;408.5000;96.5000;0.0000;0.0000;0.0000;
1381;948.53;10542.60;2196.25;303.0000;65535.0000;401.5000;98.5000;0.0000;0.0000;0.0000;
1382;948.71;10540.61;2198.25;303.0000;65535.0000;381.5000;78.5000;0.0000;0.0000;0.0000;
1383;948.89;10538.61;2200.24;298.5000;65535.0000;396.5000;98.0000;0.0000;0.0000;0.0000;
1384;949.07;10536.62;2202.23;298.5000;65535.0000;396.5000;98.0000;0.0000;0.0000;0.0000;
1385;949.25;10534.63;2204.23;296.5000;65535.0000;393.0000;96.5000;0.0000;0.0000;0.0000;
1386;949.43;10532.64;2206.22;315.5000;65535.0000;377.0000;61.5000;0.0000;0.0000;0.0000;
1387;949.61;10530.65;2208.21;299.5000;65535.0000;388.5000;89.0000;0.0000;0.0000;0.0000;
1388;949.79;10528.66;2210.20;300.5000;65535.0000;399.5000;99.0000;0.0000;0.0000;0.0000;
1389;949.97;10526.67;2212.19;298.0000;65535.0000;387.5000;89.5000;0.0000;0.0000;0.0000;
1390;950.15;10524.68;2214.18;292.0000;65535.0000;394.0000;102.0000;0.0000;0.0000;0.0000;
1391;950.33;10522.69;2216.16;304.0000;65535.0000;399.0000;95.0000;0.0000;0.0000;0.0000;
1392;950.51;10520.70;2218.15;300.5000;65535.0000;383.0000;82.5000;0.0000;0.0000;0.0000;
1393;950.69;10518.72;2220.14;297.5000;65535.0000;391.0000;93.5000;0.0000;0.0000;0.0000;
1394;950.87;10516.73;2222.12;306.0000;65535.0000;384.5000;78.5000;0.0000;0.0000;0.0000;
1395;951.05;10514.75;2224.11;290.5000;65535.0000;389.5000;99.0000;0.0000;0.0000;0.0000;
1396;951.22;10512.76;2226.09;304.5000;65535.0000;391.5000;87.0000;0.0000;0.0000;0.0000;
1397;951.40;10510.78;2228.07;302.0000;65535.0000;381.5000;79.5000;0.0000;0.0000;0.0000;
1398;951.58;10508.80;2230.05;304.0000;65535.0000;393.5000;89.5000;0.0000;0.0000;0.0000;
1399;951.76;10506.82;2232.03;297.0000;65535.0000;383.0000;86.0000;0.0000;0.0000;0.0000;
1400;951.94;10504.84;2234.01;299.5000;65535.0000;383.0000;83.5000;0.0000;0.0000;0.0000;
1401;952.12;10502.86;2235.99;301.5000;65535.0000;390.0000;88.5000;0.0000;0.0000;0.0000;
1402;952.30;10500.88;2237.97;301.5000;65535.0000;388.5000;87.0000;0.0000;0.0000;0.0000;
1403;952.48;10498.90;2239.95;299.0000;65535.0000;387.5000;88.5000;0.0000;0.0000;0.0000;
1404;952.66;10496.93;2241.93;295.5000;65535.0000;379.5000;84.0000;0.0000;0.0000;0.0000;
1405;952.84;10494.95;2243.90;301.5000;65535.0000;387.5000;86.0000;0.0000;0.0000;0.0000;
1406;953.02;10492.98;2245.88;310.0000;65535.0000;386.5000;76.5000;0.0000;0.0000;0.0000;
1407;953.20;10491.00;2247.85;300.5000;65535.0000;395.5000;95.0000;0.0000;0.0000;0.0000;
1408;953.38;10489.03;2249.82;296.5000;65535.0000;394.5000;98.0000;0.0000;0.0000;0.0000;
1409;953.56;10487.06;2251.80;304.0000;65535.0000;380.0000;76.0000;0.0000;0.0000;0.0000;
1410;953.74;10485.08;2253.77;299.5000;65535.0000;385.5000;86.0000;0.0000;0.0000;0.0000;
1411;953.92;10483.11;2255.74;297.5000;65535.0000;388.0000;90.5000;0.0000;0.0000;0.0000;
1412;954.09;10481.14;2257.71;300.5000;65535.0000;385.5000;85.0000;0.0000;0.0000;0.0000;
1413;954.27;10479.17;2259.68;298.0000;65535.0000;386.0000;88.0000;0.0000;0.0000;0.0000;
1414;954.45;10477.21;2261.65;302.5000;65535.0000;388.0000;85.5000;0.0000;0.0000;0.0000;
1415;954.63;10475.24;2263.62;310.0000;65535.0000;383.0000;73.0000;0.0000;0.0000;0.0000;
1416;954.81;10473.27;2265.58;300.0000;65535.0000;391.0000;91.0000;0.0000;0.0000;0.0000;
1417;954.99;10471.30;2267.55;303.0000;65535.0000;380.5000;77.5000;0.0000;0.0000;0.0000;
1418;955.17;10469.34;2269.51;297.0000;65535.0000;373.5000;76.5000;0.0000;0.0000;0.0000;
1419;955.35;10467.37;2271.48;302.0000;65535.0000;378.5000;76.5000;0.0000;0.0000;0.0000;
1420;955.53;10465.41;2273.44;295.0000;65535.0000;390.0000;95.0000;0.0000;0.0000;0.0000;
1421;955.71;10463.45;2275.41;302.5000;65535.0000;391.5000;89.0000;0.0000;0.0000;0.0000;
1422;955.89;10461.49;2277.37;282.5000;65535.0000;385.0000;102.5000;0.0000;0.0000;0.0000;
1423;956.07;10459.52;2279.33;300.5000;65535.0000;386.0000;85.5000;0.0000;0.0000;0.0000;
1424;956.25;10457.56;2281.29;299.0000;65535.0000;378.5000;79.5000;0.0000;0.0000;0.0000;
1425;956.42;10455.60;2283.25;298.0000;65535.0000;391.0000;93.0000;0.0000;0.0000;0.0000;
1426;956.60;10453.65;2285.21;298.0000;65535.0000;375.0000;77.0000;0.0000;0.0000;0.0000;
1427;956.78;10451.69;2287.17;298.5000;65535.0000;380.0000;81.5000;0.0000;0.0000;0.0000;
1428;956.96;10449.73;2289.12;295.5000;65535.0000;378.0000;82.5000;0.0000;0.0000;0.0000;
1429;957.14;10447.77;2291.08;302.0000;65535.0000;383.0000;81.0000;0.0000;0.0000;0.0000;
1430;957.32;10445.82;2293.03;294.5000;65535.0000;386.0000;91.5000;0.0000;0.0000;0.0000;
1431;957.50;10443.86;2294.99;300.0000;65535.0000;378.0000;78.0000;0.0000;0.0000;0.0000;
1432;957.68;10441.91;2296.94;301.5000;65535.0000;403.5000;102.0000;0.0000;0.0000;0.0000;
1433;957.86;10439.96;2298.90;298.5000;65535.0000;376.5000;78.0000;0.0000;0.0000;0.0000;
1434;958.04;10438.01;2300.85;301.0000;65535.0000;388.5000;87.5000;0.0000;0.0000;0.0000;
1435;958.22;10436.05;2302.80;306.0000;65535.0000;380.0000;74.0000;0.0000;0.0000;0.0000;
1436;958.40;10434.10;2304.75;299.5000;65535.0000;380.0000;80.5000;0.0000;0.0000;0.0000;
1437;958.57;10432.15;2306.70;301.5000;65535.0000;396.5000;95.0000;0.0000;0.0000;0.0000;
1438;958.75;10430.20;2308.65;290.0000;65535.0000;381.0000;91.0000;0.0000;0.0000;0.0000;
1439;958.93;10428.26;2310.60;302.0000;65535.0000;380.0000;78.0000;0.0000;0.0000;0.0000;
1440;959.11;10426.31;2312.54;294.5000;65535.0000;370.0000;75.5000;0.0000;0.0000;0.0000;
1441;959.29;10424.36;2314.49;298.5000;65535.0000;378.5000;80.0000;0.0000;0.0000;0.0000;
1442;959.47;10422.42;2316.44;300.5000;65535.0000;378.0000;77.5000;0.0000;0.0000;0.0000;
1443;959.65;10420.47;2318.38;297.0000;65535.0000;375.5000;78.5000;0.0000;0.0000;0.0000;
1444;959.83;10418.53;2320.33;309.5000;65535.0000;384.0000;74.5000;0.0000;0.0000;0.0000;
1445;960.01;10416.58;2322.27;298.0000;65535.0000;372.5000;74.5000;0.0000;0.0000;0.0000;
1446;960.19;10414.64;2324.21;298.5000;65535.0000;369.0000;70.5000;0.0000;0.0000;0.0000;
1447;960.37;10412.70;2326.15;301.0000;65535.0000;384.0000;83.0000;0.0000;0.0000;0.0000;
1448;960.54;10410.76;2328.09;309.0000;65535.0000;383.0000;74.0000;0.0000;0.0000;0.0000;
1449;960.72;10408.82;2330.04;307.0000;65535.0000;374.5000;67.5000;0.0000;0.0000;0.0000;
1450;960.90;10406.88;2331.97;297.5000;65535.0000;380.0000;82.5000;0.0000;0.0000;0.0000;
1451;961.08;10404.94;2333.91;303.0000;65535.0000;376.0000;73.0000;0.0000;0.0000;0.0000;
1452;961.26;10403.00;2335.85;303.5000;65535.0000;373.0000;69.5000;0.0000;0.0000;0.0000;
1453;961.44;10401.07;2337.79;297.5000;65535.0000;396.0000;98.5000;0.0000;0.0000;0.0000;
1454;961.62;10399.13;2339.72;318.0000;65535.0000;381.0000;63.0000;0.0000;0.0000;0.0000;
1455;961.80;10397.19;2341.66;295.5000;65535.0000;372.5000;77.0000;0.0000;0.0000;0.0000;
1456;961.98;10395.26;2343.59;308.0000;65535.0000;389.5000;81.5000;0.0000;0.0000;0.0000;
1457;962.16;10393.33;2345.53;298.5000;65535.0000;377.5000;79.0000;0.0000;0.0000;0.0000;
1458;962.33;10391.39;2347.46;298.5000;65535.0000;377.0000;78.5000;0.0000;0.0000;0.0000;
1459;962.51;10389.46;2349.39;302.5000;65535.0000;369.0000;66.5000;0.0000;0.0000;0.0000;
1460;962.69;10387.53;2351.32;294.0000;65535.0000;379.5000;85.5000;0.0000;0.0000;0.0000;
1461;962.87;10385.60;2353.25;297.0000;65535.0000;383.0000;86.0000;0.0000;0.0000;0.0000;
1462;963.05;10383.67;2355.18;299.0000;65535.0000;374.5000;75.5000;0.0000;0.0000;0.0000;
1463;963.23;10381.74;2357.11;300.5000;65535.0000;378.0000;77.5000;0.0000;0.0000;0.0000;
1464;963.41;10379.81;2359.04;298.5000;65535.0000;377.0000;78.5000;0.0000;0.0000;0.0000;
1465;963.59;10377.88;2360.97;299.0000;65535.0000;344.0000;45.0000;0.0000;0.0000;0.0000;
1466;963.77;10375.96;2362.90;299.5000;65535.0000;381.5000;82.0000;0.0000;0.0000;0.0000;
1467;963.95;10374.03;2364.82;298.0000;65535.0000;372.0000;74.0000;0.0000;0.0000;0.0000;
1468;964.12;10372.11;2366.75;297.5000;65535.0000;374.0000;76.5000;0.0000;0.0000;0.0000;
1469;964.30;10370.18;2368.67;298.5000;65535.0000;363.5000;65.0000;0.0000;0.0000;0.0000;
1470;964.48;10368.26;2370.59;310.0000;65535.0000;367.5000;57.5000;0.0000;0.0000;0.0000;
1471;964.66;10366.34;2372.52;303.5000;65535.0000;371.0000;67.5000;0.0000;0.0000;0.0000;
1472;964.84;10364.42;2374.44;293.5000;65535.0000;378.0000;84.5000;0.0000;0.0000;0.0000;
1473;965.02;10362.49;2376.36;301.0000;65535.0000;378.5000;77.5000;0.0000;0.0000;0.0000;
1474;965.20;10360.57;2378.28;302.0000;65535.0000;371.0000;69.0000;0.0000;0.0000;0.0000;
1475;965.38;10358.65;2380.20;302.0000;65535.0000;368.5000;66.5000;0.0000;0.0000;0.0000;
1476;965.56;10356.74;2382.12;301.5000;65535.0000;375.5000;74.0000;0.0000;0.0000;0.0000;
1477;965.73;10354.82;2384.04;295.0000;65535.0000;369.5000;74.5000;0.0000;0.0000;0.0000;
1478;965.91;10352.90;2385.95;304.0000;65535.0000;379.5000;75.5000;0.0000;0.0000;0.0000;
1479;966.09;10350.98;2387.87;305.0000;65535.0000;362.5000;57.5000;0.0000;0.0000;0.0000;
1480;966.27;10349.07;2389.78;301.0000;65535.0000;373.5000;72.5000;0.0000;0.0000;0.0000;
1481;966.45;10347.15;2391.70;295.5000;65535.0000;367.0000;71.5000;0.0000;0.0000;0.0000;
1482;966.63;10345.24;2393.61;298.0000;65535.0000;377.0000;79.0000;0.0000;0.0000;0.0000;
1483;966.81;10343.33;2395.53;298.0000;65535.0000;371.0000;73.0000;0.0000;0.0000;0.0000;
1484;966.99;10341.41;2397.44;296.5000;65535.0000;372.0000;75.5000;0.0000;0.0000;0.0000;
1485;967.16;10339.50;2399.35;308.5000;65535.0000;358.0000;49.5000;0.0000;0.0000;0.0000;
1486;967.34;10337.59;2401.26;302.5000;65535.0000;358.5000;56.0000;0.0000;0.0000;0.0000;
1487;967.52;10335.68;2403.17;300.5000;65535.0000;363.0000;62.5000;0.0000;0.0000;0.0000;
1488;967.70;10333.77;2405.08;300.5000;65535.0000;363.5000;63.0000;0.0000;0.0000;0.0000;
1489;967.88;10331.86;2406.99;295.0000;65535.0000;365.5000;70.5000;0.0000;0.0000;0.0000;
1490;968.06;10329.96;2408.90;297.5000;65535.0000;376.5000;79.0000;0.0000;0.0000;0.0000;
1491;968.24;10328.05;2410.80;298.5000;65535.0000;361.5000;63.0000;0.0000;0.0000;0.0000;
1492;968.42;10326.14;2412.71;298.5000;65535.0000;375.5000;77.0000;0.0000;0.0000;0.0000;
1493;968.59;10324.24;2414.61;298.0000;65535.0000;363.5000;65.5000;0.0000;0.0000;0.0000;
1494;968.77;10322.33;2416.52;302.0000;65535.0000;366.5000;64.5000;0.0000;0.0000;0.0000;
1495;968.95;10320.43;2418.42;304.5000;65535.0000;377.5000;73.0000;0.0000;0.0000;0.0000;
1496;969.13;10318.53;2420.33;299.5000;65535.0000;374.0000;74.5000;0.0000;0.0000;0.0000;
1497;969.31;10316.63;2422.23;303.0000;65535.0000;383.5000;80.5000;0.0000;0.0000;0.0000;
1498;969.49;10314.72;2424.13;295.5000;65535.0000;360.5000;65.0000;0.0000;0.0000;0.0000;
1499;969.67;10312.82;2426.03;300.0000;65535.0000;368.0000;68.0000;0.0000;0.0000;0.0000;
1500;969.85;10310.92;2427.93;300.5000;65535.0000;368.0000;67.5000;0.0000;0.0000;0.0000;
1501;970.02;10309.02;2429.83;299.0000;65535.0000;355.0000;56.0000;0.0000;0.0000;0.0000;
1502;970.20;10307.13;2431.73;307.5000;65535.0000;371.0000;63.5000;0.0000;0.0000;0.0000;
1503;970.38;10305.23;2433.62;300.5000;65535.0000;357.5000;57.0000;0.0000;0.0000;0.0000;
1504;970.56;10303.33;2435.52;299.0000;65535.0000;367.0000;68.0000;0.0000;0.0000;0.0000;
1505;970.74;10301.44;2437.42;295.5000;65535.0000;368.0000;72.5000;0.0000;0.0000;0.0000;
1506;970.92;10299.54;2439.31;303.5000;65535.0000;363.5000;60.0000;0.0000;0.0000;0.0000;
1507;971.10;10297.65;2441.21;299.5000;65535.0000;365.0000;65.5000;0.0000;0.0000;0.0000;
1508;971.27;10295.75;2443.10;291.0000;65535.0000;359.5000;68.5000;0.0000;0.0000;0.0000;
1509;971.45;10293.86;2444.99;306.5000;65535.0000;365.5000;59.0000;0.0000;0.0000;0.0000;
1510;971.63;10291.97;2446.89;278.5000;65535.0000;356.0000;77.5000;0.0000;0.0000;0.0000;
1511;971.81;10290.08;2448.78;306.0000;65535.0000;368.5000;62.5000;0.0000;0.0000;0.0000;
1512;971.99;10288.19;2450.67;301.0000;65535.0000;371.0000;70.0000;0.0000;0.0000;0.0000;
1513;972.17;10286.30;2452.56;297.5000;65535.0000;367.0000;69.5000;0.0000;0.0000;0.0000;
1514;972.35;10284.41;2454.45;309.0000;65535.0000;375.0000;66.0000;0.0000;0.0000;0.0000;
1515;972.52;10282.52;2456.33;302.0000;65535.0000;356.0000;54.0000;0.0000;0.0000;0.0000;
1516;972.70;10280.63;2458.22;299.5000;65535.0000;360.5000;61.0000;0.0000;0.0000;0.0000;
1517;972.88;10278.75;2460.11;301.0000;65535.0000;366.5000;65.5000;0.0000;0.0000;0.0000;
1518;973.06;10276.86;2461.99;300.0000;65535.0000;366.0000;66.0000;0.0000;0.0000;0.0000;
1519;973.24;10274.97;2463.88;304.5000;65535.0000;367.5000;63.0000;0.0000;0.0000;0.0000;
1520;973.42;10273.09;2465.76;297.0000;65535.0000;359.5000;62.5000;0.0000;0.0000;0.0000;
1521;973.60;10271.21;2467.65;299.5000;65535.0000;364.5000;65.0000;0.0000;0.0000;0.0000;
1522;973.77;10269.32;2469.53;299.0000;65535.0000;357.0000;58.0000;0.0000;0.0000;0.0000;
1523;973.95;10267.44;2471.41;299.5000;65535.0000;357.0000;57.5000;0.0000;0.0000;0.0000;
1524;974.13;10265.56;2473.29;298.5000;65535.0000;370.0000;71.5000;0.0000;0.0000;0.0000;
1525;974.31;10263.68;2475.17;313.0000;65535.0000;355.5000;42.5000;0.0000;0.0000;0.0000;
1526;974.49;10261.80;2477.05;312.5000;65535.0000;364.0000;51.5000;0.0000;0.0000;0.0000;
1527;974.67;10259.92;2478.93;301.0000;65535.0000;349.5000;48.5000;0.0000;0.0000;0.0000;
1528;974.84;10258.04;2480.81;303.0000;65535.0000;364.0000;61.0000;0.0000;0.0000;0.0000;
1529;975.02;10256.17;2482.69;300.5000;65535.0000;356.5000;56.0000;0.0000;0.0000;0.0000;
1530;975.20;10254.29;2484.56;302.5000;65535.0000;358.0000;55.5000;0.0000;0.0000;0.0000;
1531;975.38;10252.41;2486.44;297.0000;65535.0000;370.5000;73.5000;0.0000;0.0000;0.0000;
1532;975.56;10250.54;2488.32;297.5000;65535.0000;358.0000;60.5000;0.0000;0.0000;0.0000;
1533;975.74;10248.66;2490.19;303.0000;65535.0000;367.0000;64.0000;0.0000;0.0000;0.0000;
1534;975.92;10246.79;2492.06;304.5000;65535.0000;357.5000;53.0000;0.0000;0.0000;0.0000;
1535;976.09;10244.92;2493.94;295.5000;65535.0000;364.0000;68.5000;0.0000;0.0000;0.0000;
1536;976.27;10243.05;2495.81;306.0000;65535.0000;364.5000;58.5000;0.0000;0.0000;0.0000;
1537;976.45;10241.17;2497.68;299.5000;65535.0000;354.5000;55.0000;0.0000;0.0000;0.0000;
1538;976.63;10239.30;2499.55;302.5000;65535.0000;359.0000;56.5000;0.0000;0.0000;0.0000;
1539;976.81;10237.43;2501.42;292.0000;65535.0000;347.5000;55.5000;0.0000;0.0000;0.0000;
1540;976.99;10235.56;2503.29;299.0000;65535.0000;353.5000;54.5000;0.0000;0.0000;0.0000;
1541;977.16;10233.70;2505.16;301.5000;65535.0000;360.0000;58.5000;0.0000;0.0000;0.0000;
1542;977.34;10231.83;2507.02;303.0000;65535.0000;355.5000;52.5000;0.0000;0.0000;0.0000;
1543;977.52;10229.96;2508.89;306.5000;65535.0000;358.0000;51.5000;0.0000;0.0000;0.0000;
1544;977.70;10228.10;2510.76;298.0000;65535.0000;353.0000;55.0000;0.0000;0.0000;0.0000;
1545;977.88;10226.23;2512.62;296.0000;65535.0000;357.5000;61.5000;0.0000;0.0000;0.0000;
1546;978.06;10224.37;2514.49;298.0000;65535.0000;335.5000;37.5000;0.0000;0.0000;0.0000;
1547;978.23;10222.50;2516.35;298.5000;65535.0000;359.5000;61.0000;0.0000;0.0000;0.0000;
1548;978.41;10220.64;2518.21;303.5000;65535.0000;356.0000;52.5000;0.0000;0.0000;0.0000;
1549;978.59;10218.78;2520.08;295.0000;65535.0000;354.0000;59.0000;0.0000;0.0000;0.0000;
1550;978.77;10216.92;2521.94;285.0000;65535.0000;358.0000;73.0000;0.0000;0.0000;0.0000;
1551;978.95;10215.06;2523.80;298.5000;65535.0000;344.0000;45.5000;0.0000;0.0000;0.0000;
1552;979.13;10213.20;2525.66;304.0000;65535.0000;355.5000;51.5000;0.0000;0.0000;0.0000;
1553;979.30;10211.34;2527.52;298.0000;65535.0000;354.0000;56.0000;0.0000;0.0000;0.0000;
1554;979.48;10209.48;2529.38;299.0000;65535.0000;358.0000;59.0000;0.0000;0.0000;0.0000;
1555;979.66;10207.62;2531.23;303.5000;65535.0000;363.0000;59.5000;0.0000;0.0000;0.0000;
1556;979.84;10205.76;2533.09;279.0000;65535.0000;344.5000;65.5000;0.0000;0.0000;0.0000;
1557;980.02;10203.91;2534.95;302.5000;65535.0000;361.0000;58.5000;0.0000;0.0000;0.0000;
1558;980.20;10202.05;2536.80;302.0000;65535.0000;351.5000;49.5000;0.0000;0.0000;0.0000;
1559;980.37;10200.20;2538.66;302.0000;65535.0000;352.0000;50.0000;0.0000;0.0000;0.0000;
1560;980.55;10198.34;2540.51;298.0000;65535.0000;354.0000;56.0000;0.0000;0.0000;0.0000;
1561;980.73;10196.49;2542.36;295.5000;65535.0000;353.5000;58.0000;0.0000;0.0000;0.0000;
1562;980.91;10194.64;2544.22;298.5000;65535.0000;354.0000;55.5000;0.0000;0.0000;0.0000;
1563;981.09;10192.79;2546.07;295.5000;65535.0000;354.0000;58.5000;0.0000;0.0000;0.0000;
1564;981.26;10190.93;2547.92;302.5000;65535.0000;361.0000;58.5000;0.0000;0.0000;0.0000;
1565;981.44;10189.08;2549.77;305.0000;65535.0000;348.0000;43.0000;0.0000;0.0000;0.0000;
1566;981.62;10187.24;2551.62;295.0000;65535.0000;358.5000;63.5000;0.0000;0.0000;0.0000;
1567;981.80;10185.39;2553.47;304.0000;65535.0000;366.0000;62.0000;0.0000;0.0000;0.0000;
1568;981.98;10183.54;2555.31;297.5000;65535.0000;350.5000;53.0000;0.0000;0.0000;0.0000;
1569;982.16;10181.69;2557.16;294.5000;65535.0000;350.0000;55.5000;0.0000;0.0000;0.0000;
1570;982.33;10179.85;2559.01;299.0000;65535.0000;352.0000;53.0000;0.0000;0.0000;0.0000;
1571;982.51;10178.00;2560.85;311.5000;65535.0000;354.5000;43.0000;0.0000;0.0000;0.0000;
1572;982.69;10176.15;2562.70;301.0000;65535.0000;360.0000;59.0000;0.0000;0.0000;0.0000;
1573;982.87;10174.31;2564.54;302.0000;65535.0000;349.5000;47.5000;0.0000;0.0000;0.0000;
1574;983.05;10172.47;2566.39;298.0000;65535.0000;352.5000;54.5000;0.0000;0.0000;0.0000;
1575;983.22;10170.62;2568.23;293.5000;65535.0000;349.5000;56.0000;0.0000;0.0000;0.0000;
1576;983.40;10168.78;2570.07;299.5000;65535.0000;355.0000;55.5000;0.0000;0.0000;0.0000;
1577;983.58;10166.94;2571.91;296.0000;65535.0000;360.5000;64.5000;0.0000;0.0000;0.0000;
1578;983.76;10165.10;2573.75;294.5000;65535.0000;341.0000;46.5000;0.0000;0.0000;0.0000;
1579;983.94;10163.26;2575.59;303.0000;65535.0000;354.5000;51.5000;0.0000;0.0000;0.0000;
1580;984.11;10161.42;2577.43;301.5000;65535.0000;347.0000;45.5000;0.0000;0.0000;0.0000;
1581;984.29;10159.58;2579.27;307.0000;65535.0000;362.0000;55.0000;0.0000;0.0000;0.0000;
1582;984.47;10157.75;2581.11;316.5000;65535.0000;354.5000;38.0000;0.0000;0.0000;0.0000;
1583;984.65;10155.91;2582.94;295.5000;65535.0000;348.0000;52.5000;0.0000;0.0000;0.0000;
1584;984.83;10154.07;2584.78;307.0000;65535.0000;360.0000;53.0000;0.0000;0.0000;0.0000;
1585;985.00;10152.24;2586.61;295.0000;65535.0000;343.0000;48.0000;0.0000;0.0000;0.0000;
1586;985.18;10150.40;2588.45;303.5000;65535.0000;356.0000;52.5000;0.0000;0.0000;0.0000;
1587;985.36;10148.57;2590.28;297.5000;65535.0000;352.0000;54.5000;0.0000;0.0000;0.0000;
1588;985.54;10146.74;2592.12;302.5000;65535.0000;359.5000;57.0000;0.0000;0.0000;0.0000;
1589;985.72;10144.91;2593.95;293.5000;65535.0000;355.0000;61.5000;0.0000;0.0000;0.0000;
1590;985.89;10143.07;2595.78;298.0000;65535.0000;348.5000;50.5000;0.0000;0.0000;0.0000;
1591;986.07;10141.24;2597.61;301.5000;65535.0000;353.0000;51.5000;0.0000;0.0000;0.0000;
1592;986.25;10139.41;2599.44;297.5000;65535.0000;344.0000;46.5000;0.0000;0.0000;0.0000;
1593;986.43;10137.58;2601.27;299.5000;65535.0000;345.5000;46.0000;0.0000;0.0000;0.0000;
1594;986.61;10135.75;2603.10;307.5000;65535.0000;348.0000;40.5000;0.0000;0.0000;0.0000;
1595;986.78;10133.93;2604.93;301.5000;65535.0000;354.0000;52.5000;0.0000;0.0000;0.0000;
1596;986.96;10132.10;2606.75;305.5000;65535.0000;347.5000;42.0000;0.0000;0.0000;0.0000;
1597;987.14;10130.27;2608.58;300.0000;65535.0000;353.0000;53.0000;0.0000;0.0000;0.0000;
1598;987.32;10128.45;2610.41;302.5000;65535.0000;357.0000;54.5000;0.0000;0.0000;0.0000;
1599;987.50;10126.62;2612.23;300.5000;65535.0000;357.5000;57.0000;0.0000;0.0000;0.0000;
1600;987.67;10124.80;2614.05;298.0000;65535.0000;354.0000;56.0000;0.0000;0.0000;0.0000;
1601;987.85;10122.98;2615.88;300.0000;65535.0000;351.0000;51.0000;0.0000;0.0000;0.0000;
1602;988.03;10121.15;2617.70;289.5000;65535.0000;346.0000;56.5000;0.0000;0.0000;0.0000;
1603;988.21;10119.33;2619.52;305.0000;65535.0000;360.5000;55.5000;0.0000;0.0000;0.0000;
1604;988.39;10117.51;2621.34;295.5000;65535.0000;347.5000;52.0000;0.0000;0.0000;0.0000;
1605;988.56;10115.69;2623.16;304.0000;65535.0000;347.0000;43.0000;0.0000;0.0000;0.0000;
1606;988.74;10113.87;2624.98;304.5000;65535.0000;355.5000;51.0000;0.0000;0.0000;0.0000;
1607;988.92;10112.05;2626.80;296.0000;65535.0000;347.5000;51.5000;0.0000;0.0000;0.0000;
1608;989.10;10110.23;2628.62;301.0000;65535.0000;355.0000;54.0000;0.0000;0.0000;0.0000;
1609;989.27;10108.41;2630.44;296.5000;65535.0000;338.0000;41.5000;0.0000;0.0000;0.0000;
1610;989.45;10106.60;2632.26;297.0000;65535.0000;355.5000;58.5000;0.0000;0.0000;0.0000;
1611;989.63;10104.78;2634.07;307.0000;65535.0000;342.0000;35.0000;0.0000;0.0000;0.0000;
1612;989.81;10102.97;2635.89;298.5000;65535.0000;369.0000;70.5000;0.0000;0.0000;0.0000;
1613;989.99;10101.15;2637.70;305.5000;65535.0000;351.0000;45.5000;0.0000;0.0000;0.0000;
1614;990.16;10099.34;2639.52;297.5000;65535.0000;344.0000;46.5000;0.0000;0.0000;0.0000;
1615;990.34;10097.52;2641.33;291.0000;65535.0000;346.0000;55.0000;0.0000;0.0000;0.0000;
1616;990.52;10095.71;2643.14;297.5000;65535.0000;350.0000;52.5000;0.0000;0.0000;0.0000;
1617;990.70;10093.90;2644.95;299.5000;65535.0000;347.0000;47.5000;0.0000;0.0000;0.0000;
1618;990.88;10092.09;2646.76;298.0000;65535.0000;359.5000;61.5000;0.0000;0.0000;0.0000;
1619;991.05;10090.28;2648.57;292.0000;65535.0000;341.5000;49.5000;0.0000;0.0000;0.0000;
1620;991.23;10088.47;2650.38;306.0000;65535.0000;353.0000;47.0000;0.0000;0.0000;0.0000;
1621;991.41;10086.66;2652.19;294.5000;65535.0000;337.5000;43.0000;0.0000;0.0000;0.0000;
1622;991.59;10084.85;2654.00;303.5000;65535.0000;345.0000;41.5000;0.0000;0.0000;0.0000;
1623;991.76;10083.05;2655.81;295.0000;65535.0000;345.5000;50.5000;0.0000;0.0000;0.0000;
1624;991.94;10081.24;2657.62;299.5000;65535.0000;358.0000;58.5000;0.0000;0.0000;0.0000;
1625;992.12;10079.43;2659.42;300.0000;65535.0000;358.5000;58.5000;0.0000;0.0000;0.0000;
1626;992.30;10077.63;2661.23;300.0000;65535.0000;364.5000;64.5000;0.0000;0.0000;0.0000;
1627;992.47;10075.82;2663.03;295.0000;65535.0000;339.5000;44.5000;0.0000;0.0000;0.0000;
1628;992.65;10074.02;2664.83;299.0000;65535.0000;341.5000;42.5000;0.0000;0.0000;0.0000;
1629;992.83;10072.22;2666.64;299.0000;65535.0000;345.5000;46.5000;0.0000;0.0000;0.0000;
1630;993.01;10070.41;2668.44;299.0000;65535.0000;352.0000;53.0000;0.0000;0.0000;0.0000;
1631;993.19;10068.61;2670.24;310.5000;65535.0000;361.5000;51.0000;0.0000;0.0000;0.0000;
1632;993.36;10066.81;2672.04;305.0000;65535.0000;344.5000;39.5000;0.0000;0.0000;0.0000;
1633;993.54;10065.01;2673.84;292.5000;65535.0000;344.5000;52.0000;0.0000;0.0000;0.0000;
1634;993.72;10063.21;2675.64;302.0000;65535.0000;339.0000;37.0000;0.0000;0.0000;0.0000;
1635;993.90;10061.41;2677.44;300.0000;65535.0000;350.0000;50.0000;0.0000;0.0000;0.0000;
1636;994.07;10059.62;2679.24;297.5000;65535.0000;351.5000;54.0000;0.0000;0.0000;0.0000;
1637;994.25;10057.82;2681.04;310.5000;65535.0000;352.0000;41.5000;0.0000;0.0000;0.0000;
1638;994.43;10056.02;2682.83;299.0000;65535.0000;335.5000;36.5000;0.0000;0.0000;0.0000;
1639;994.61;10054.23;2684.63;299.0000;65535.0000;343.5000;44.5000;0.0000;0.0000;0.0000;
1640;994.78;10052.43;2686.42;299.0000;65535.0000;353.5000;54.5000;0.0000;0.0000;0.0000;
1641;994.96;10050.64;2688.22;300.5000;65535.0000;353.0000;52.5000;0.0000;0.0000;0.0000;
1642;995.14;10048.84;2690.01;308.5000;65535.0000;364.0000;55.5000;0.0000;0.0000;0.0000;
1643;995.32;10047.05;2691.80;293.5000;65535.0000;345.5000;52.0000;0.0000;0.0000;0.0000;
1644;995.49;10045.26;2693.60;297.5000;65535.0000;342.5000;45.0000;0.0000;0.0000;0.0000;
1645;995.67;10043.47;2695.39;287.0000;65535.0000;346.0000;59.0000;0.0000;0.0000;0.0000;
1646;995.85;10041.68;2697.18;299.5000;65535.0000;346.0000;46.5000;0.0000;0.0000;0.0000;
1647;996.03;10039.89;2698.97;304.5000;65535.0000;343.5000;39.0000;0.0000;0.0000;0.0000;
1648;996.20;10038.10;2700.76;281.0000;65535.0000;340.5000;59.5000;0.0000;0.0000;0.0000;
1649;996.38;10036.31;2702.55;305.5000;65535.0000;345.5000;40.0000;0.0000;0.0000;0.0000;
1650;996.56;10034.52;2704.33;296.5000;65535.0000;340.0000;43.5000;0.0000;0.0000;0.0000;
1651;996.74;10032.73;2706.12;305.5000;65535.0000;343.0000;37.5000;0.0000;0.0000;0.0000;
1652;996.92;10030.95;2707.91;301.5000;65535.0000;342.5000;41.0000;0.0000;0.0000;0.0000;
1653;997.09;10029.16;2709.69;298.0000;65535.0000;343.5000;45.5000;0.0000;0.0000;0.0000;
1654;997.27;10027.37;2711.48;305.0000;65535.0000;349.5000;44.5000;0.0000;0.0000;0.0000;
1655;997.45;10025.59;2713.26;300.5000;65535.0000;334.5000;34.0000;0.0000;0.0000;0.0000;
1656;997.63;10023.81;2715.05;300.5000;65535.0000;344.0000;43.5000;0.0000;0.0000;0.0000;
1657;997.80;10022.02;2716.83;290.5000;65535.0000;344.0000;53.5000;0.0000;0.0000;0.0000;
1658;997.98;10020.24;2718.61;294.5000;65535.0000;340.0000;45.5000;0.0000;0.0000;0.0000;
1659;998.16;10018.46;2720.39;298.5000;65535.0000;338.0000;39.5000;0.0000;0.0000;0.0000;
1660;998.33;10016.68;2722.17;293.0000;65535.0000;335.0000;42.0000;0.0000;0.0000;0.0000;
1661;998.51;10014.90;2723.95;313.0000;65535.0000;345.5000;32.5000;0.0000;0.0000;0.0000;
1662;998.69;10013.12;2725.73;301.0000;65535.0000;343.5000;42.5000;0.0000;0.0000;0.0000;
1663;998.87;10011.34;2727.51;300.0000;65535.0000;345.5000;45.5000;0.0000;0.0000;0.0000;
1664;999.04;10009.56;2729.29;302.5000;65535.0000;346.0000;43.5000;0.0000;0.0000;0.0000;
1665;999.22;10007.79;2731.07;297.5000;65535.0000;351.0000;53.5000;0.0000;0.0000;0.0000;
1666;999.40;10006.01;2732.84;302.5000;65535.0000;343.5000;41.0000;0.0000;0.0000;0.0000;
1667;999.58;10004.23;2734.62;294.5000;65535.0000;342.5000;48.0000;0.0000;0.0000;0.0000;
1668;999.75;10002.46;2736.40;301.5000;65535.0000;352.0000;50.5000;0.0000;0.0000;0.0000;
1669;999.93;10000.68;2738.17;301.0000;65535.0000;341.5000;40.5000;0.0000;0.0000;0.0000;
1670;1000.11;9998.91;2739.94;297.5000;65535.0000;340.0000;42.5000;0.0000;0.0000;0.0000;
1671;1000.29;9997.14;2741.72;299.5000;65535.0000;348.0000;48.5000;0.0000;0.0000;0.0000;
1672;1000.46;9995.36;2743.49;294.0000;65535.0000;340.0000;46.0000;0.0000;0.0000;0.0000;
1673;1000.64;9993.59;2745.26;305.0000;65535.0000;355.5000;50.5000;0.0000;0.0000;0.0000;
1674;1000.82;9991.82;2747.03;291.0000;65535.0000;339.5000;48.5000;0.0000;0.0000;0.0000;
1675;1001.00;9990.05;2748.80;297.0000;65535.0000;332.0000;35.0000;0.0000;0.0000;0.0000;
1676;1001.17;9988.28;2750.57;299.0000;65535.0000;342.0000;43.0000;0.0000;0.0000;0.0000;
1677;1001.35;9986.51;2752.34;306.0000;65535.0000;344.5000;38.5000;0.0000;0.0000;0.0000;
1678;1001.53;9984.75;2754.11;299.0000;65535.0000;345.5000;46.5000;0.0000;0.0000;0.0000;
1679;1001.71;9982.98;2755.88;298.0000;65535.0000;341.0000;43.0000;0.0000;0.0000;0.0000;
1680;1001.88;9981.21;2757.64;302.0000;65535.0000;342.0000;40.0000;0.0000;0.0000;0.0000;
1681;1002.06;9979.45;2759.41;298.0000;65535.0000;351.0000;53.0000;0.0000;0.0000;0.0000;
1682;1002.24;9977.68;2761.17;299.5000;65535.0000;337.0000;37.5000;0.0000;0.0000;0.0000;
1683;1002.41;9975.92;2762.94;306.0000;65535.0000;349.5000;43.5000;0.0000;0.0000;0.0000;
1684;1002.59;9974.15;2764.70;297.0000;65535.0000;341.5000;44.5000;0.0000;0.0000;0.0000;
1685;1002.77;9972.39;2766.46;301.0000;65535.0000;341.0000;40.0000;0.0000;0.0000;0.0000;
1686;1002.95;9970.63;2768.23;292.5000;65535.0000;332.5000;40.0000;0.0000;0.0000;0.0000;
1687;1003.12;9968.86;2769.99;305.0000;65535.0000;338.5000;33.5000;0.0000;0.0000;0.0000;
1688;1003.30;9967.10;2771.75;302.0000;65535.0000;346.5000;44.5000;0.0000;0.0000;0.0000;
1689;1003.48;9965.34;2773.51;304.0000;65535.0000;343.5000;39.5000;0.0000;0.0000;0.0000;
1690;1003.65;9963.58;2775.27;303.0000;65535.0000;362.0000;59.0000;0.0000;0.0000;0.0000;
1691;1003.83;9961.82;2777.03;306.5000;65535.0000;337.0000;30.5000;0.0000;0.0000;0.0000;
1692;1004.01;9960.07;2778.79;299.5000;65535.0000;340.0000;40.5000;0.0000;0.0000;0.0000;
1693;1004.19;9958.31;2780.55;307.5000;65535.0000;344.5000;37.0000;0.0000;0.0000;0.0000;
1694;1004.36;9956.55;2782.30;289.5000;65535.0000;343.0000;53.5000;0.0000;0.0000;0.0000;
1695;1004.54;9954.80;2784.06;305.0000;65535.0000;342.0000;37.0000;0.0000;0.0000;0.0000;
1696;1004.72;9953.04;2785.81;300.0000;65535.0000;337.5000;37.5000;0.0000;0.0000;0.0000;
1697;1004.90;9951.29;2787.57;303.5000;65535.0000;342.5000;39.0000;0.0000;0.0000;0.0000;
1698;1005.07;9949.53;2789.32;296.0000;65535.0000;334.5000;38.5000;0.0000;0.0000;0.0000;
1699;1005.25;9947.78;2791.08;306.0000;65535.0000;340.0000;34.0000;0.0000;0.0000;0.0000;
1700;1005.43;9946.02;2792.83;301.0000;65535.0000;344.5000;43.5000;0.0000;0.0000;0.0000;
1701;1005.60;9944.27;2794.58;299.5000;65535.0000;334.0000;34.5000;0.0000;0.0000;0.0000;
1702;1005.78;9942.52;2796.33;301.5000;65535.0000;344.0000;42.5000;0.0000;0.0000;0.0000;
1703;1005.96;9940.77;2798.08;299.0000;65535.0000;337.0000;38.0000;0.0000;0.0000;0.0000;
1704;1006.14;9939.02;2799.83;304.0000;65535.0000;334.5000;30.5000;0.0000;0.0000;0.0000;
1705;1006.31;9937.27;2801.58;304.5000;65535.0000;340.5000;36.0000;0.0000;0.0000;0.0000;
1706;1006.49;9935.52;2803.33;301.0000;65535.0000;336.0000;35.0000;0.0000;0.0000;0.0000;
1707;1006.67;9933.78;2805.08;304.0000;65535.0000;339.5000;35.5000;0.0000;0.0000;0.0000;
1708;1006.84;9932.03;2806.83;304.5000;65535.0000;336.0000;31.5000;0.0000;0.0000;0.0000;
1709;1007.02;9930.28;2808.57;300.0000;65535.0000;345.5000;45.5000;0.0000;0.0000;0.0000;
1710;1007.20;9928.54;2810.32;294.5000;65535.0000;347.5000;53.0000;0.0000;0.0000;0.0000;
1711;1007.37;9926.79;2812.06;306.0000;65535.0000;341.0000;35.0000;0.0000;0.0000;0.0000;
1712;1007.55;9925.05;2813.81;304.0000;65535.0000;351.5000;47.5000;0.0000;0.0000;0.0000;
1713;1007.73;9923.30;2815.55;295.5000;65535.0000;344.0000;48.5000;0.0000;0.0000;0.0000;
1714;1007.91;9921.56;2817.29;300.0000;65535.0000;351.0000;51.0000;0.0000;0.0000;0.0000;
1715;1008.08;9919.82;2819.04;294.0000;65535.0000;335.5000;41.5000;0.0000;0.0000;0.0000;
1716;1008.26;9918.08;2820.78;294.0000;65535.0000;346.5000;52.5000;0.0000;0.0000;0.0000;
1717;1008.44;9916.33;2822.52;306.0000;65535.0000;348.5000;42.5000;0.0000;0.0000;0.0000;
1718;1008.61;9914.59;2824.26;302.0000;65535.0000;343.0000;41.0000;0.0000;0.0000;0.0000;
1719;1008.79;9912.85;2826.00;304.0000;65535.0000;347.5000;43.5000;0.0000;0.0000;0.0000;
1720;1008.97;9911.12;2827.74;299.0000;65535.0000;348.5000;49.5000;0.0000;0.0000;0.0000;
1721;1009.15;9909.38;2829.48;308.0000;65535.0000;344.5000;36.5000;0.0000;0.0000;0.0000;
1722;1009.32;9907.64;2831.21;296.5000;65535.0000;340.0000;43.5000;0.0000;0.0000;0.0000;
1723;1009.50;9905.90;2832.95;295.0000;65535.0000;345.0000;50.0000;0.0000;0.0000;0.0000;
1724;1009.68;9904.17;2834.69;320.0000;65535.0000;350.0000;30.0000;0.0000;0.0000;0.0000;
1725;1009.85;9902.43;2836.42;296.0000;65535.0000;339.5000;43.5000;0.0000;0.0000;0.0000;
1726;1010.03;9900.70;2838.16;297.5000;65535.0000;344.0000;46.5000;0.0000;0.0000;0.0000;
1727;1010.21;9898.96;2839.89;299.0000;65535.0000;350.5000;51.5000;0.0000;0.0000;0.0000;
1728;1010.38;9897.23;2841.62;301.0000;65535.0000;343.0000;42.0000;0.0000;0.0000;0.0000;
1729;1010.56;9895.50;2843.36;303.5000;65535.0000;353.5000;50.0000;0.0000;0.0000;0.0000;
1730;1010.74;9893.76;2845.09;297.0000;65535.0000;347.0000;50.0000;0.0000;0.0000;0.0000;
1731;1010.91;9892.03;2846.82;302.5000;65535.0000;352.0000;49.5000;0.0000;0.0000;0.0000;
1732;1011.09;9890.30;2848.55;296.0000;65535.0000;352.5000;56.5000;0.0000;0.0000;0.0000;
1733;1011.27;9888.57;2850.28;301.5000;65535.0000;357.5000;56.0000;0.0000;0.0000;0.0000;
1734;1011.45;9886.84;2852.01;297.0000;65535.0000;344.5000;47.5000;0.0000;0.0000;0.0000;
1735;1011.62;9885.11;2853.74;298.5000;65535.0000;350.0000;51.5000;0.0000;0.0000;0.0000;
1736;1011.80;9883.39;2855.47;302.5000;65535.0000;351.5000;49.0000;0.0000;0.0000;0.0000;
1737;1011.98;9881.66;2857.19;289.0000;65535.0000;348.0000;59.0000;0.0000;0.0000;0.0000;
1738;1012.15;9879.93;2858.92;298.0000;65535.0000;357.5000;59.5000;0.0000;0.0000;0.0000;
1739;1012.33;9878.21;2860.65;293.0000;65535.0000;365.0000;72.0000;0.0000;0.0000;0.0000;
1740;1012.51;9876.48;2862.37;308.0000;65535.0000;360.0000;52.0000;0.0000;0.0000;0.0000;
1741;1012.68;9874.76;2864.10;305.5000;65535.0000;359.0000;53.5000;0.0000;0.0000;0.0000;
1742;1012.86;9873.03;2865.82;298.5000;65535.0000;362.0000;63.5000;0.0000;0.0000;0.0000;
1743;1013.04;9871.31;2867.54;304.0000;65535.0000;361.0000;57.0000;0.0000;0.0000;0.0000;
1744;1013.21;9869.59;2869.27;293.5000;65535.0000;360.0000;66.5000;0.0000;0.0000;0.0000;
1745;1013.39;9867.87;2870.99;299.0000;65535.0000;369.5000;70.5000;0.0000;0.0000;0.0000;
1746;1013.57;9866.14;2872.71;306.0000;65535.0000;360.5000;54.5000;0.0000;0.0000;0.0000;
1747;1013.74;9864.42;2874.43;303.5000;65535.0000;363.5000;60.0000;0.0000;0.0000;0.0000;
1748;1013.92;9862.70;2876.15;302.5000;65535.0000;371.0000;68.5000;0.0000;0.0000;0.0000;
1749;1014.10;9860.98;2877.87;298.0000;65535.0000;365.5000;67.5000;0.0000;0.0000;0.0000;
1750;1014.27;9859.27;2879.59;303.0000;65535.0000;372.0000;69.0000;0.0000;0.0000;0.0000;
1751;1014.45;9857.55;2881.31;298.5000;65535.0000;364.0000;65.5000;0.0000;0.0000;0.0000;
1752;1014.63;9855.83;2883.02;294.0000;65535.0000;374.5000;80.5000;0.0000;0.0000;0.0000;
1753;1014.80;9854.11;2884.74;311.5000;65535.0000;372.5000;61.0000;0.0000;0.0000;0.0000;
1754;1014.98;9852.40;2886.45;297.0000;65535.0000;356.0000;59.0000;0.0000;0.0000;0.0000;
1755;1015.16;9850.68;2888.17;298.5000;65535.0000;371.0000;72.5000;0.0000;0.0000;0.0000;
1756;1015.33;9848.97;2889.88;291.0000;65535.0000;368.0000;77.0000;0.0000;0.0000;0.0000;
1757;1015.51;9847.26;2891.60;301.0000;65535.0000;361.5000;60.5000;0.0000;0.0000;0.0000;
1758;1015.69;9845.54;2893.31;303.0000;65535.0000;376.0000;73.0000;0.0000;0.0000;0.0000;
1759;1015.86;9843.83;2895.02;298.5000;65535.0000;365.5000;67.0000;0.0000;0.0000;0.0000;
1760;1016.04;9842.12;2896.74;301.5000;65535.0000;377.0000;75.5000;0.0000;0.0000;0.0000;
1761;1016.22;9840.41;2898.45;296.5000;65535.0000;371.5000;75.0000;0.0000;0.0000;0.0000;
1762;1016.39;9838.70;2900.16;296.5000;65535.0000;375.0000;78.5000;0.0000;0.0000;0.0000;
1763;1016.57;9836.99;2901.87;298.5000;65535.0000;373.5000;75.0000;0.0000;0.0000;0.0000;
1764;1016.75;9835.28;2903.58;295.5000;65535.0000;368.0000;72.5000;0.0000;0.0000;0.0000;
1765;1016.92;9833.57;2905.28;301.0000;65535.0000;370.5000;69.5000;0.0000;0.0000;0.0000;
1766;1017.10;9831.86;2906.99;295.5000;65535.0000;363.5000;68.0000;0.0000;0.0000;0.0000;
1767;1017.28;9830.15;2908.70;307.5000;65535.0000;375.0000;67.5000;0.0000;0.0000;0.0000;
1768;1017.45;9828.45;2910.40;299.5000;65535.0000;366.0000;66.5000;0.0000;0.0000;0.0000;
1769;1017.63;9826.74;2912.11;299.0000;65535.0000;373.0000;74.0000;0.0000;0.0000;0.0000;
1770;1017.81;9825.04;2913.82;303.5000;65535.0000;361.5000;58.0000;0.0000;0.0000;0.0000;
1771;1017.98;9823.33;2915.52;304.0000;65535.0000;363.5000;59.5000;0.0000;0.0000;0.0000;
1772;1018.16;9821.63;2917.22;303.5000;65535.0000;371.0000;67.5000;0.0000;0.0000;0.0000;
1773;1018.34;9819.93;2918.93;298.5000;65535.0000;372.0000;73.5000;0.0000;0.0000;0.0000;
1774;1018.51;9818.22;2920.63;294.0000;65535.0000;368.0000;74.0000;0.0000;0.0000;0.0000;
1775;1018.69;9816.52;2922.33;292.0000;65535.0000;365.5000;73.5000;0.0000;0.0000;0.0000;
1776;1018.87;9814.82;2924.03;301.0000;65535.0000;358.0000;57.0000;0.0000;0.0000;0.0000;
1777;1019.04;9813.12;2925.73;300.5000;65535.0000;364.5000;64.0000;0.0000;0.0000;0.0000;
1778;1019.22;9811.42;2927.43;302.0000;65535.0000;362.0000;60.0000;0.0000;0.0000;0.0000;
1779;1019.40;9809.72;2929.13;309.0000;65535.0000;368.0000;59.0000;0.0000;0.0000;0.0000;
1780;1019.57;9808.02;2930.83;293.5000;65535.0000;365.5000;72.0000;0.0000;0.0000;0.0000;
1781;1019.75;9806.33;2932.53;299.5000;65535.0000;358.5000;59.0000;0.0000;0.0000;0.0000;
1782;1019.93;9804.63;2934.22;304.0000;65535.0000;362.0000;58.0000;0.0000;0.0000;0.0000;
1783;1020.10;9802.93;2935.92;308.5000;65535.0000;355.0000;46.5000;0.0000;0.0000;0.0000;
1784;1020.28;9801.24;2937.62;308.5000;65535.0000;365.0000;56.5000;0.0000;0.0000;0.0000;
1785;1020.46;9799.54;2939.31;302.0000;65535.0000;349.0000;47.0000;0.0000;0.0000;0.0000;
1786;1020.63;9797.85;2941.01;299.5000;65535.0000;367.5000;68.0000;0.0000;0.0000;0.0000;
1787;1020.81;9796.15;2942.70;288.5000;65535.0000;355.5000;67.0000;0.0000;0.0000;0.0000;
1788;1020.99;9794.46;2944.39;298.5000;65535.0000;354.0000;55.5000;0.0000;0.0000;0.0000;
1789;1021.16;9792.77;2946.09;309.0000;65535.0000;351.0000;42.0000;0.0000;0.0000;0.0000;
1790;1021.34;9791.08;2947.78;303.0000;65535.0000;357.5000;54.5000;0.0000;0.0000;0.0000;
1791;1021.51;9789.39;2949.47;301.0000;65535.0000;361.5000;60.5000;0.0000;0.0000;0.0000;
1792;1021.69;9787.69;2951.16;292.0000;65535.0000;345.0000;53.0000;0.0000;0.0000;0.0000;
1793;1021.87;9786.01;2952.85;300.0000;65535.0000;354.0000;54.0000;0.0000;0.0000;0.0000;
1794;1022.04;9784.32;2954.54;301.0000;65535.0000;350.0000;49.0000;0.0000;0.0000;0.0000;
1795;1022.22;9782.63;2956.23;298.5000;65535.0000;349.0000;50.5000;0.0000;0.0000;0.0000;
1796;1022.40;9780.94;2957.91;300.0000;65535.0000;360.0000;60.0000;0.0000;0.0000;0.0000;
1797;1022.57;9779.25;2959.60;300.5000;65535.0000;352.0000;51.5000;0.0000;0.0000;0.0000;
1798;1022.75;9777.57;2961.29;301.0000;65535.0000;350.0000;49.0000;0.0000;0.0000;0.0000;
1799;1022.93;9775.88;2962.97;300.5000;65535.0000;351.0000;50.5000;0.0000;0.0000;0.0000;
1800;1023.10;9774.19;2964.66;301.0000;65535.0000;348.0000;47.0000;0.0000;0.0000;0.0000;
1801;1023.28;9772.51;2966.34;298.0000;65535.0000;361.0000;63.0000;0.0000;0.0000;0.0000;
1802;1023.45;9770.83;2968.03;313.0000;65535.0000;344.5000;31.5000;0.0000;0.0000;0.0000;
1803;1023.63;9769.14;2969.71;302.5000;65535.0000;355.0000;52.5000;0.0000;0.0000;0.0000;
1804;1023.81;9767.46;2971.39;297.5000;65535.0000;342.0000;44.5000;0.0000;0.0000;0.0000;
1805;1023.98;9765.78;2973.07;307.5000;65535.0000;343.0000;35.5000;0.0000;0.0000;0.0000;
1806;1024.16;9764.10;2974.76;306.0000;65535.0000;344.5000;38.5000;0.0000;0.0000;0.0000;
1807;1024.34;9762.42;2976.44;298.0000;65535.0000;338.0000;40.0000;0.0000;0.0000;0.0000;
1808;1024.51;9760.74;2978.12;305.5000;65535.0000;346.5000;41.0000;0.0000;0.0000;0.0000;
1809;1024.69;9759.06;2979.80;293.5000;65535.0000;335.0000;41.5000;0.0000;0.0000;0.0000;
1810;1024.87;9757.38;2981.47;302.5000;65535.0000;344.5000;42.0000;0.0000;0.0000;0.0000;
1811;1025.04;9755.70;2983.15;301.5000;65535.0000;341.0000;39.5000;0.0000;0.0000;0.0000;
1812;1025.22;9754.02;2984.83;294.5000;65535.0000;332.5000;38.0000;0.0000;0.0000;0.0000;
1813;1025.39;9752.35;2986.51;310.0000;65535.0000;343.0000;33.0000;0.0000;0.0000;0.0000;
1814;1025.57;9750.67;2988.18;301.5000;65535.0000;331.0000;29.5000;0.0000;0.0000;0.0000;
1815;1025.75;9749.00;2989.86;302.5000;65535.0000;338.5000;36.0000;0.0000;0.0000;0.0000;
1816;1025.92;9747.32;2991.53;296.5000;65535.0000;335.0000;38.5000;0.0000;0.0000;0.0000;
1817;1026.10;9745.65;2993.21;300.0000;65535.0000;341.5000;41.5000;0.0000;0.0000;0.0000;
1818;1026.28;9743.97;2994.88;304.5000;65535.0000;336.5000;32.0000;0.0000;0.0000;0.0000;
1819;1026.45;9742.30;2996.55;294.0000;65535.0000;332.0000;38.0000;0.0000;0.0000;0.0000;
1820;1026.63;9740.63;2998.22;296.0000;65535.0000;330.5000;34.5000;0.0000;0.0000;0.0000;
1821;1026.80;9738.96;2999.90;298.0000;65535.0000;332.0000;34.0000;0.0000;0.0000;0.0000;
1822;1026.98;9737.29;3001.57;303.5000;65535.0000;332.5000;29.0000;0.0000;0.0000;0.0000;
1823;1027.16;9735.62;3003.24;306.0000;65535.0000;333.5000;27.5000;0.0000;0.0000;0.0000;
1824;1027.33;9733.95;3004.91;301.0000;65535.0000;324.5000;23.5000;0.0000;0.0000;0.0000;
1825;1027.51;9732.28;3006.58;314.5000;65535.0000;334.0000;19.5000;0.0000;0.0000;0.0000;
1826;1027.68;9730.61;3008.24;296.5000;65535.0000;324.0000;27.5000;0.0000;0.0000;0.0000;
1827;1027.86;9728.94;3009.91;298.0000;65535.0000;337.0000;39.0000;0.0000;0.0000;0.0000;
1828;1028.04;9727.27;3011.58;296.5000;65535.0000;328.0000;31.5000;0.0000;0.0000;0.0000;
1829;1028.21;9725.61;3013.24;293.5000;65535.0000;327.0000;33.5000;0.0000;0.0000;0.0000;
1830;1028.39;9723.94;3014.91;307.0000;65535.0000;328.5000;21.5000;0.0000;0.0000;0.0000;
1831;1028.57;9722.28;3016.58;309.5000;65535.0000;332.0000;22.5000;0.0000;0.0000;0.0000;
1832;1028.74;9720.61;3018.24;299.5000;65535.0000;310.0000;10.5000;0.0000;0.0000;0.0000;
1833;1028.92;9718.95;3019.90;299.5000;65535.0000;334.5000;35.0000;0.0000;0.0000;0.0000;
1834;1029.09;9717.29;3021.57;295.5000;65535.0000;327.0000;31.5000;0.0000;0.0000;0.0000;
1835;1029.27;9715.62;3023.23;313.5000;65535.0000;334.0000;20.5000;0.0000;0.0000;0.0000;
1836;1029.45;9713.96;3024.89;293.5000;65535.0000;330.5000;37.0000;0.0000;0.0000;0.0000;
1837;1029.62;9712.30;3026.55;305.0000;65535.0000;335.0000;30.0000;0.0000;0.0000;0.0000;
1838;1029.80;9710.64;3028.21;291.0000;65535.0000;323.0000;32.0000;0.0000;0.0000;0.0000;
1839;1029.97;9708.98;3029.87;299.0000;65535.0000;331.0000;32.0000;0.0000;0.0000;0.0000;
1840;1030.15;9707.32;3031.53;305.5000;65535.0000;333.5000;28.0000;0.0000;0.0000;0.0000;
1841;1030.33;9705.66;3033.19;294.5000;65535.0000;324.5000;30.0000;0.0000;0.0000;0.0000;
1842;1030.50;9704.01;3034.85;301.0000;65535.0000;332.0000;31.0000;0.0000;0.0000;0.0000;
1843;1030.68;9702.35;3036.51;295.0000;65535.0000;325.0000;30.0000;0.0000;0.0000;0.0000;
1844;1030.85;9700.69;3038.16;297.5000;65535.0000;330.5000;33.0000;0.0000;0.0000;0.0000;
1845;1031.03;9699.04;3039.82;296.0000;65535.0000;323.0000;27.0000;0.0000;0.0000;0.0000;
1846;1031.21;9697.38;3041.47;303.0000;65535.0000;329.0000;26.0000;0.0000;0.0000;0.0000;
1847;1031.38;9695.73;3043.13;310.5000;65535.0000;320.5000;10.0000;0.0000;0.0000;0.0000;
1848;1031.56;9694.07;3044.78;299.0000;65535.0000;320.0000;21.0000;0.0000;0.0000;0.0000;
1849;1031.73;9692.42;3046.44;297.0000;65535.0000;327.0000;30.0000;0.0000;0.0000;0.0000;
1850;1031.91;9690.77;3048.09;294.0000;65535.0000;318.5000;24.5000;0.0000;0.0000;0.0000;
1851;1032.09;9689.11;3049.74;301.0000;65535.0000;320.0000;19.0000;0.0000;0.0000;0.0000;
1852;1032.26;9687.46;3051.39;300.0000;65535.0000;327.0000;27.0000;0.0000;0.0000;0.0000;
1853;1032.44;9685.81;3053.04;299.5000;65535.0000;321.5000;22.0000;0.0000;0.0000;0.0000;
1854;1032.61;9684.16;3054.69;301.5000;65535.0000;332.0000;30.5000;0.0000;0.0000;0.0000;
1855;1032.79;9682.51;3056.34;293.5000;65535.0000;323.5000;30.0000;0.0000;0.0000;0.0000;
1856;1032.97;9680.86;3057.99;296.0000;65535.0000;328.5000;32.5000;0.0000;0.0000;0.0000;
1857;1033.14;9679.21;3059.64;286.5000;65535.0000;327.0000;40.5000;0.0000;0.0000;0.0000;
1858;1033.32;9677.57;3061.29;299.0000;65535.0000;332.5000;33.5000;0.0000;0.0000;0.0000;
1859;1033.49;9675.92;3062.93;303.5000;65535.0000;329.5000;26.0000;0.0000;0.0000;0.0000;
1860;1033.67;9674.27;3064.58;291.0000;65535.0000;321.5000;30.5000;0.0000;0.0000;0.0000;
1861;1033.85;9672.63;3066.23;304.0000;65535.0000;327.0000;23.0000;0.0000;0.0000;0.0000;
1862;1034.02;9670.98;3067.87;304.0000;65535.0000;326.5000;22.5000;0.0000;0.0000;0.0000;
1863;1034.20;9669.34;3069.52;295.5000;65535.0000;308.5000;13.0000;0.0000;0.0000;0.0000;
1864;1034.37;9667.69;3071.16;300.0000;65535.0000;328.0000;28.0000;0.0000;0.0000;0.0000;
1865;1034.55;9666.05;3072.80;301.0000;65535.0000;324.5000;23.5000;0.0000;0.0000;0.0000;
1866;1034.72;9664.41;3074.45;302.5000;65535.0000;329.0000;26.5000;0.0000;0.0000;0.0000;
1867;1034.90;9662.76;3076.09;292.5000;65535.0000;321.5000;29.0000;0.0000;0.0000;0.0000;
1868;1035.08;9661.12;3077.73;301.5000;65535.0000;331.0000;29.5000;0.0000;0.0000;0.0000;
1869;1035.25;9659.48;3079.37;294.5000;65535.0000;324.5000;30.0000;0.0000;0.0000;0.0000;
1870;1035.43;9657.84;3081.01;298.0000;65535.0000;324.5000;26.5000;0.0000;0.0000;0.0000;
1871;1035.60;9656.20;3082.65;302.0000;65535.0000;336.0000;34.0000;0.0000;0.0000;0.0000;
1872;1035.78;9654.56;3084.29;282.5000;65535.0000;324.0000;41.5000;0.0000;0.0000;0.0000;
1873;1035.96;9652.93;3085.93;296.5000;65535.0000;324.0000;27.5000;0.0000;0.0000;0.0000;
1874;1036.13;9651.29;3087.56;293.0000;65535.0000;320.5000;27.5000;0.0000;0.0000;0.0000;
1875;1036.31;9649.65;3089.20;297.0000;65535.0000;331.0000;34.0000;0.0000;0.0000;0.0000;
1876;1036.48;9648.02;3090.84;296.5000;65535.0000;326.5000;30.0000;0.0000;0.0000;0.0000;
1877;1036.66;9646.38;3092.47;304.5000;65535.0000;322.5000;18.0000;0.0000;0.0000;0.0000;
1878;1036.83;9644.74;3094.11;305.5000;65535.0000;330.0000;24.5000;0.0000;0.0000;0.0000;
1879;1037.01;9643.11;3095.74;296.0000;65535.0000;321.0000;25.0000;0.0000;0.0000;0.0000;
1880;1037.19;9641.48;3097.38;300.0000;65535.0000;332.0000;32.0000;0.0000;0.0000;0.0000;
1881;1037.36;9639.84;3099.01;298.5000;65535.0000;326.0000;27.5000;0.0000;0.0000;0.0000;
1882;1037.54;9638.21;3100.64;301.5000;65535.0000;326.5000;25.0000;0.0000;0.0000;0.0000;
1883;1037.71;9636.58;3102.27;308.5000;65535.0000;334.5000;26.0000;0.0000;0.0000;0.0000;
1884;1037.89;9634.95;3103.91;290.0000;65535.0000;328.0000;38.0000;0.0000;0.0000;0.0000;
1885;1038.06;9633.32;3105.54;298.0000;65535.0000;328.0000;30.0000;0.0000;0.0000;0.0000;
1886;1038.24;9631.69;3107.17;295.0000;65535.0000;336.5000;41.5000;0.0000;0.0000;0.0000;
1887;1038.42;9630.06;3108.80;290.0000;65535.0000;327.0000;37.0000;0.0000;0.0000;0.0000;
1888;1038.59;9628.43;3110.42;303.5000;65535.0000;331.0000;27.5000;0.0000;0.0000;0.0000;
1889;1038.77;9626.80;3112.05;298.5000;65535.0000;327.0000;28.5000;0.0000;0.0000;0.0000;
1890;1038.94;9625.17;3113.68;294.0000;65535.0000;328.5000;34.5000;0.0000;0.0000;0.0000;
1891;1039.12;9623.55;3115.31;297.5000;65535.0000;325.0000;27.5000;0.0000;0.0000;0.0000;
1892;1039.29;9621.92;3116.93;305.0000;65535.0000;326.0000;21.0000;0.0000;0.0000;0.0000;
1893;1039.47;9620.29;3118.56;305.5000;65535.0000;331.0000;25.5000;0.0000;0.0000;0.0000;
1894;1039.64;9618.67;3120.18;301.0000;65535.0000;308.0000;7.0000;0.0000;0.0000;0.0000;
1895;1039.82;9617.04;3121.81;303.5000;65535.0000;333.5000;30.0000;0.0000;0.0000;0.0000;
1896;1040.00;9615.42;3123.43;294.0000;65535.0000;331.0000;37.0000;0.0000;0.0000;0.0000;
1897;1040.17;9613.80;3125.06;307.5000;65535.0000;328.0000;20.5000;0.0000;0.0000;0.0000;
1898;1040.35;9612.18;3126.68;300.5000;65535.0000;328.0000;27.5000;0.0000;0.0000;0.0000;
1899;1040.52;9610.55;3128.30;299.0000;65535.0000;324.0000;25.0000;0.0000;0.0000;0.0000;
1900;1040.70;9608.93;3129.92;304.5000;65535.0000;327.0000;22.5000;0.0000;0.0000;0.0000;
1901;1040.87;9607.31;3131.54;302.5000;65535.0000;325.0000;22.5000;0.0000;0.0000;0.0000;
1902;1041.05;9605.69;3133.16;296.5000;65535.0000;333.0000;36.5000;0.0000;0.0000;0.0000;
1903;1041.23;9604.07;3134.78;292.5000;65535.0000;322.0000;29.5000;0.0000;0.0000;0.0000;
1904;1041.40;9602.45;3136.40;302.5000;65535.0000;327.0000;24.5000;0.0000;0.0000;0.0000;
1905;1041.58;9600.83;3138.02;297.5000;65535.0000;325.0000;27.5000;0.0000;0.0000;0.0000;
1906;1041.75;9599.22;3139.64;303.0000;65535.0000;323.5000;20.5000;0.0000;0.0000;0.0000;
1907;1041.93;9597.60;3141.25;299.5000;65535.0000;330.0000;30.5000;0.0000;0.0000;0.0000;
1908;1042.10;9595.98;3142.87;293.0000;65535.0000;321.0000;28.0000;0.0000;0.0000;0.0000;
1909;1042.28;9594.37;3144.49;303.0000;65535.0000;312.5000;9.5000;0.0000;0.0000;0.0000;
1910;1042.45;9592.75;3146.10;296.5000;65535.0000;325.5000;29.0000;0.0000;0.0000;0.0000;
1911;1042.63;9591.14;3147.71;305.0000;65535.0000;332.0000;27.0000;0.0000;0.0000;0.0000;
1912;1042.80;9589.52;3149.33;305.5000;65535.0000;326.5000;21.0000;0.0000;0.0000;0.0000;
1913;1042.98;9587.91;3150.94;298.0000;65535.0000;325.0000;27.0000;0.0000;0.0000;0.0000;
1914;1043.16;9586.30;3152.55;296.5000;65535.0000;330.0000;33.5000;0.0000;0.0000;0.0000;
1915;1043.33;9584.69;3154.17;292.0000;65535.0000;327.5000;35.5000;0.0000;0.0000;0.0000;
1916;1043.51;9583.08;3155.78;303.5000;65535.0000;333.5000;30.0000;0.0000;0.0000;0.0000;
1917;1043.68;9581.46;3157.39;296.0000;65535.0000;333.0000;37.0000;0.0000;0.0000;0.0000;
1918;1043.86;9579.85;3159.00;306.0000;65535.0000;329.5000;23.5000;0.0000;0.0000;0.0000;
1919;1044.03;9578.25;3160.61;313.5000;65535.0000;330.0000;16.5000;0.0000;0.0000;0.0000;
1920;1044.21;9576.64;3162.22;290.5000;65535.0000;328.0000;37.5000;0.0000;0.0000;0.0000;
1921;1044.38;9575.03;3163.83;298.0000;65535.0000;327.0000;29.0000;0.0000;0.0000;0.0000;
1922;1044.56;9573.42;3165.43;296.5000;65535.0000;324.0000;27.5000;0.0000;0.0000;0.0000;
1923;1044.73;9571.81;3167.04;303.5000;65535.0000;333.0000;29.5000;0.0000;0.0000;0.0000;
1924;1044.91;9570.21;3168.65;309.0000;65535.0000;329.5000;20.5000;0.0000;0.0000;0.0000;
1925;1045.08;9568.60;3170.25;301.5000;65535.0000;320.0000;18.5000;0.0000;0.0000;0.0000;
1926;1045.26;9567.00;3171.86;298.0000;65535.0000;326.0000;28.0000;0.0000;0.0000;0.0000;
1927;1045.44;9565.39;3173.46;300.5000;65535.0000;334.0000;33.5000;0.0000;0.0000;0.0000;
1928;1045.61;9563.79;3175.07;298.5000;65535.0000;325.0000;26.5000;0.0000;0.0000;0.0000;
1929;1045.79;9562.18;3176.67;304.0000;65535.0000;333.5000;29.5000;0.0000;0.0000;0.0000;
1930;1045.96;9560.58;3178.27;299.0000;65535.0000;332.0000;33.0000;0.0000;0.0000;0.0000;
1931;1046.14;9558.98;3179.88;306.5000;65535.0000;329.5000;23.0000;0.0000;0.0000;0.0000;
1932;1046.31;9557.38;3181.48;290.5000;65535.0000;320.5000;30.0000;0.0000;0.0000;0.0000;
1933;1046.49;9555.78;3183.08;300.5000;65535.0000;322.5000;22.0000;0.0000;0.0000;0.0000;
1934;1046.66;9554.18;3184.68;291.0000;65535.0000;326.0000;35.0000;0.0000;0.0000;0.0000;
1935;1046.84;9552.58;3186.28;302.5000;65535.0000;327.0000;24.5000;0.0000;0.0000;0.0000;
1936;1047.01;9550.98;3187.88;302.0000;65535.0000;332.0000;30.0000;0.0000;0.0000;0.0000;
1937;1047.19;9549.38;3189.48;292.0000;65535.0000;325.5000;33.5000;0.0000;0.0000;0.0000;
1938;1047.36;9547.78;3191.07;297.0000;65535.0000;325.0000;28.0000;0.0000;0.0000;0.0000;
1939;1047.54;9546.18;3192.67;303.5000;65535.0000;320.0000;16.5000;0.0000;0.0000;0.0000;
1940;1047.71;9544.59;3194.27;307.5000;65535.0000;338.0000;30.5000;0.0000;0.0000;0.0000;
1941;1047.89;9542.99;3195.86;302.0000;65535.0000;332.0000;30.0000;0.0000;0.0000;0.0000;
1942;1048.06;9541.39;3197.46;302.0000;65535.0000;323.5000;21.5000;0.0000;0.0000;0.0000;
1943;1048.24;9539.80;3199.05;296.5000;65535.0000;331.5000;35.0000;0.0000;0.0000;0.0000;
1944;1048.42;9538.21;3200.65;296.0000;65535.0000;325.5000;29.5000;0.0000;0.0000;0.0000;
1945;1048.59;9536.61;3202.24;302.5000;65535.0000;331.5000;29.0000;0.0000;0.0000;0.0000;
1946;1048.77;9535.02;3203.83;298.5000;65535.0000;338.5000;40.0000;0.0000;0.0000;0.0000;
1947;1048.94;9533.43;3205.43;300.5000;65535.0000;328.5000;28.0000;0.0000;0.0000;0.0000;
1948;1049.12;9531.83;3207.02;303.0000;65535.0000;330.5000;27.5000;0.0000;0.0000;0.0000;
1949;1049.29;9530.24;3208.61;287.5000;65535.0000;313.5000;26.0000;0.0000;0.0000;0.0000;
1950;1049.47;9528.65;3210.20;303.5000;65535.0000;326.5000;23.0000;0.0000;0.0000;0.0000;
1951;1049.64;9527.06;3211.79;293.5000;65535.0000;320.0000;26.5000;0.0000;0.0000;0.0000;
1952;1049.82;9525.47;3213.38;304.5000;65535.0000;327.5000;23.0000;0.0000;0.0000;0.0000;
1953;1049.99;9523.88;3214.97;301.0000;65535.0000;331.0000;30.0000;0.0000;0.0000;0.0000;
1954;1050.17;9522.30;3216.56;302.0000;65535.0000;321.0000;19.0000;0.0000;0.0000;0.0000;
1955;1050.34;9520.71;3218.14;290.0000;65535.0000;324.0000;34.0000;0.0000;0.0000;0.0000;
1956;1050.52;9519.12;3219.73;292.0000;65535.0000;317.0000;25.0000;0.0000;0.0000;0.0000;
1957;1050.69;9517.54;3221.32;297.0000;65535.0000;322.5000;25.5000;0.0000;0.0000;0.0000;
1958;1050.87;9515.95;3222.90;297.0000;65535.0000;324.0000;27.0000;0.0000;0.0000;0.0000;
1959;1051.04;9514.36;3224.49;306.0000;65535.0000;327.0000;21.0000;0.0000;0.0000;0.0000;
1960;1051.22;9512.78;3226.07;305.0000;65535.0000;319.0000;14.0000;0.0000;0.0000;0.0000;
1961;1051.39;9511.20;3227.66;292.0000;65535.0000;318.0000;26.0000;0.0000;0.0000;0.0000;
1962;1051.57;9509.61;3229.24;303.0000;65535.0000;319.0000;16.0000;0.0000;0.0000;0.0000;
1963;1051.74;9508.03;3230.82;296.0000;65535.0000;331.0000;35.0000;0.0000;0.0000;0.0000;
1964;1051.92;9506.45;3232.41;298.0000;65535.0000;323.5000;25.5000;0.0000;0.0000;0.0000;
1965;1052.09;9504.87;3233.99;301.5000;65535.0000;328.5000;27.0000;0.0000;0.0000;0.0000;
1966;1052.27;9503.28;3235.57;296.0000;65535.0000;318.0000;22.0000;0.0000;0.0000;0.0000;
1967;1052.44;9501.70;3237.15;304.5000;65535.0000;319.5000;15.0000;0.0000;0.0000;0.0000;
1968;1052.62;9500.12;3238.73;292.0000;65535.0000;320.0000;28.0000;0.0000;0.0000;0.0000;
1969;1052.79;9498.55;3240.31;298.0000;65535.0000;329.5000;31.5000;0.0000;0.0000;0.0000;
1970;1052.97;9496.97;3241.89;309.5000;65535.0000;325.0000;15.5000;0.0000;0.0000;0.0000;
1971;1053.14;9495.39;3243.46;302.0000;65535.0000;333.0000;31.0000;0.0000;0.0000;0.0000;
1972;1053.32;9493.81;3245.04;302.5000;65535.0000;317.0000;14.5000;0.0000;0.0000;0.0000;
1973;1053.49;9492.23;3246.62;295.5000;65535.0000;317.5000;22.0000;0.0000;0.0000;0.0000;
1974;1053.67;9490.66;3248.20;301.0000;65535.0000;328.0000;27.0000;0.0000;0.0000;0.0000;
1975;1053.84;9489.08;3249.77;300.5000;65535.0000;327.5000;27.0000;0.0000;0.0000;0.0000;
1976;1054.02;9487.51;3251.35;296.0000;65535.0000;325.0000;29.0000;0.0000;0.0000;0.0000;
1977;1054.19;9485.93;3252.92;311.5000;65535.0000;324.0000;12.5000;0.0000;0.0000;0.0000;
1978;1054.37;9484.36;3254.49;296.5000;65535.0000;325.5000;29.0000;0.0000;0.0000;0.0000;
1979;1054.54;9482.79;3256.07;299.0000;65535.0000;322.5000;23.5000;0.0000;0.0000;0.0000;
1980;1054.72;9481.21;3257.64;297.0000;65535.0000;317.5000;20.5000;0.0000;0.0000;0.0000;
1981;1054.89;9479.64;3259.21;300.0000;65535.0000;314.5000;14.5000;0.0000;0.0000;0.0000;
1982;1055.07;9478.07;3260.78;298.5000;65535.0000;324.0000;25.5000;0.0000;0.0000;0.0000;
1983;1055.24;9476.50;3262.35;300.5000;65535.0000;315.0000;14.5000;0.0000;0.0000;0.0000;
1984;1055.42;9474.93;3263.92;297.0000;65535.0000;320.5000;23.5000;0.0000;0.0000;0.0000;
1985;1055.59;9473.36;3265.49;293.5000;65535.0000;312.0000;18.5000;0.0000;0.0000;0.0000;
1986;1055.77;9471.79;3267.06;291.0000;65535.0000;312.0000;21.0000;0.0000;0.0000;0.0000;
1987;1055.94;9470.22;3268.63;303.0000;65535.0000;320.5000;17.5000;0.0000;0.0000;0.0000;
1988;1056.12;9468.65;3270.20;291.5000;65535.0000;327.0000;35.5000;0.0000;0.0000;0.0000;
1989;1056.29;9467.09;3271.77;310.0000;65535.0000;323.0000;13.0000;0.0000;0.0000;0.0000;
1990;1056.47;9465.52;3273.33;296.5000;65535.0000;304.5000;8.0000;0.0000;0.0000;0.0000;
1991;1056.64;9463.95;3274.90;300.0000;65535.0000;314.0000;14.0000;0.0000;0.0000;0.0000;
1992;1056.82;9462.39;3276.47;305.0000;65535.0000;319.0000;14.0000;0.0000;0.0000;0.0000;
1993;1056.99;9460.82;3278.03;302.5000;65535.0000;314.0000;11.5000;0.0000;0.0000;0.0000;
1994;1057.17;9459.26;3279.59;303.5000;65535.0000;316.5000;13.0000;0.0000;0.0000;0.0000;
1995;1057.34;9457.70;3281.16;302.5000;65535.0000;312.5000;10.0000;0.0000;0.0000;0.0000;
1996;1057.51;9456.13;3282.72;301.5000;65535.0000;317.0000;15.5000;0.0000;0.0000;0.0000;
1997;1057.69;9454.57;3284.28;289.0000;65535.0000;312.0000;23.0000;0.0000;0.0000;0.0000;
1998;1057.86;9453.01;3285.85;302.0000;65535.0000;322.0000;20.0000;0.0000;0.0000;0.0000;
1999;1058.04;9451.45;3287.41;297.0000;65535.0000;326.5000;29.5000;0.0000;0.0000;0.0000;
2000;1058.21;9449.89;3288.97;303.0000;65535.0000;321.5000;18.5000;0.0000;0.0000;0.0000;
2001;1058.39;9448.33;3290.53;313.0000;65535.0000;318.5000;5.5000;0.0000;0.0000;0.0000;
2002;1058.56;9446.77;3292.09;296.0000;65535.0000;323.0000;27.0000;0.0000;0.0000;0.0000;
2003;1058.74;9445.21;3293.65;301.5000;65535.0000;313.0000;11.5000;0.0000;0.0000;0.0000;
2004;1058.91;9443.65;3295.21;295.0000;65535.0000;308.5000;13.5000;0.0000;0.0000;0.0000;
2005;1059.09;9442.09;3296.76;300.5000;65535.0000;313.5000;13.0000;0.0000;0.0000;0.0000;
2006;1059.26;9440.53;3298.32;304.5000;65535.0000;316.5000;12.0000;0.0000;0.0000;0.0000;
2007;1059.44;9438.98;3299.88;307.0000;65535.0000;316.5000;9.5000;0.0000;0.0000;0.0000;
2008;1059.61;9437.42;3301.43;304.5000;65535.0000;320.5000;16.0000;0.0000;0.0000;0.0000;
2009;1059.79;9435.87;3302.99;292.5000;65535.0000;314.0000;21.5000;0.0000;0.0000;0.0000;
2010;1059.96;9434.31;3304.54;306.0000;65535.0000;313.0000;7.0000;0.0000;0.0000;0.0000;
2011;1060.14;9432.76;3306.10;299.0000;65535.0000;322.5000;23.5000;0.0000;0.0000;0.0000;
2012;1060.31;9431.20;3307.65;307.5000;65535.0000;309.0000;1.5000;0.0000;0.0000;0.0000;
2013;1060.48;9429.65;3309.20;301.0000;65535.0000;319.0000;18.0000;0.0000;0.0000;0.0000;
2014;1060.66;9428.10;3310.76;293.5000;65535.0000;313.0000;19.5000;0.0000;0.0000;0.0000;
2015;1060.83;9426.54;3312.31;301.5000;65535.0000;312.5000;11.0000;0.0000;0.0000;0.0000;
2016;1061.01;9424.99;3313.86;298.5000;65535.0000;313.5000;15.0000;0.0000;0.0000;0.0000;
2017;1061.18;9423.44;3315.41;302.5000;65535.0000;308.5000;6.0000;0.0000;0.0000;0.0000;
2018;1061.36;9421.89;3316.96;300.5000;65535.0000;314.5000;14.0000;0.0000;0.0000;0.0000;
2019;1061.53;9420.34;3318.51;314.5000;65535.0000;311.5000;-3.0000;0.0000;0.0000;0.0000;
2020;1061.71;9418.79;3320.06;303.0000;65535.0000;317.0000;14.0000;0.0000;0.0000;0.0000;
2021;1061.88;9417.24;3321.61;299.0000;65535.0000;295.0000;-4.0000;0.0000;0.0000;0.0000;
2022;1062.06;9415.70;3323.16;303.0000;65535.0000;316.0000;13.0000;0.0000;0.0000;0.0000;
2023;1062.23;9414.15;3324.70;306.5000;65535.0000;315.5000;9.0000;0.0000;0.0000;0.0000;
2024;1062.41;9412.60;3326.25;302.5000;65535.0000;311.0000;8.5000;0.0000;0.0000;0.0000;
2025;1062.58;9411.06;3327.80;303.5000;65535.0000;313.0000;9.5000;0.0000;0.0000;0.0000;
2026;1062.75;9409.51;3329.34;288.5000;65535.0000;307.0000;18.5000;0.0000;0.0000;0.0000;
2027;1062.93;9407.97;3330.89;311.0000;65535.0000;315.0000;4.0000;0.0000;0.0000;0.0000;
2028;1063.10;9406.42;3332.43;299.0000;65535.0000;324.5000;25.5000;0.0000;0.0000;0.0000;
2029;1063.28;9404.88;3333.98;301.0000;65535.0000;319.0000;18.0000;0.0000;0.0000;0.0000;
2030;1063.45;9403.33;3335.52;310.0000;65535.0000;316.0000;6.0000;0.0000;0.0000;0.0000;
2031;1063.63;9401.79;3337.06;297.0000;65535.0000;307.5000;10.5000;0.0000;0.0000;0.0000;
2032;1063.80;9400.25;3338.60;303.0000;65535.0000;310.5000;7.5000;0.0000;0.0000;0.0000;
2033;1063.98;9398.71;3340.14;303.0000;65535.0000;317.5000;14.5000;0.0000;0.0000;0.0000;
2034;1064.15;9397.17;3341.69;296.0000;65535.0000;311.5000;15.5000;0.0000;0.0000;0.0000;
2035;1064.32;9395.63;3343.23;297.5000;65535.0000;310.0000;12.5000;0.0000;0.0000;0.0000;
2036;1064.50;9394.09;3344.77;304.5000;65535.0000;300.0000;-4.5000;0.0000;0.0000;0.0000;
2037;1064.67;9392.55;3346.31;309.0000;65535.0000;310.0000;1.0000;0.0000;0.0000;0.0000;
2038;1064.85;9391.01;3347.84;294.0000;65535.0000;312.0000;18.0000;0.0000;0.0000;0.0000;
2039;1065.02;9389.47;3349.38;312.0000;65535.0000;313.5000;1.5000;0.0000;0.0000;0.0000;
2040;1065.20;9387.93;3350.92;302.0000;65535.0000;313.0000;11.0000;0.0000;0.0000;0.0000;
2041;1065.37;9386.40;3352.46;300.0000;65535.0000;308.5000;8.5000;0.0000;0.0000;0.0000;
2042;1065.55;9384.86;3353.99;308.0000;65535.0000;316.0000;8.0000;0.0000;0.0000;0.0000;
2043;1065.72;9383.33;3355.53;296.0000;65535.0000;314.5000;18.5000;0.0000;0.0000;0.0000;
2044;1065.89;9381.79;3357.06;301.5000;65535.0000;314.5000;13.0000;0.0000;0.0000;0.0000;
2045;1066.07;9380.26;3358.60;302.0000;65535.0000;306.5000;4.5000;0.0000;0.0000;0.0000;
2046;1066.24;9378.72;3360.13;302.0000;65535.0000;313.0000;11.0000;0.0000;0.0000;0.0000;
2047;1066.42;9377.19;3361.67;291.0000;65535.0000;312.5000;21.5000;0.0000;0.0000;0.0000;
