File Version;BWRam4.11_1
Date;2025-08-06 10:43:21
title;STJ
model;BTC675N
c code;STJ
operator;
port1;0
baud1;3
pixel_start;0
pixel_end;2047
step;1
units;3
bkcolor;16777215
show_mode;3
data_mode;0
pixel_mode;0
intigration times(ms);1000
average number;2
time_multiply;1
spectrometer_type;78
yaxis;0
yaxis_min;0
yaxis_max;65535
xaxis;1
xaxis_min;518
xaxis_max;2047
irrands_DispWLMin;100
irrands_DispWLMax;1000
yaxis_min_6;0
yaxis_max_6;65535
irradiance_unit;0
Color_Data_Flag;0
Color_StartWL;750
Color_EndWL;750
Color_IncWL;10
power_unit_index;1
photometric_index;0
Illuminant_index;2
observer_index;0
lab_l;0
lab_a;0
lab_b;0
radiometric_flag;0
coefs_a0;694.411199346341
coefs_a1;0.187975360760924
coefs_a2;-2.49613170583453E-06
coefs_a3;-2.7044233327918E-10
coefs_b0;-3653.98328080691
coefs_b1;5.37823587813241
coefs_b2;-0.000424012502126229
coefs_b3;3.69157294538032E-07
coefs_r0;1
coefs_r1;0
coefs_r2;0
coefs_r3;0
coefs_j0;1
coefs_j1;0
coefs_j2;0
coefs_j3;0
enable_coefs_r;0
all_data_save;1
select_option;-1
interval_time;1000
pixel_num;2048
sel_pixel_start;8
sel_pixel_end;2047
sel_pixel_delta;1
dark_compensate;0
dark_compensate_value_1;0
dark_compensate_value_2;0
dark_compensate_value_3;0
monitor pixel_0;0
monitor pixel_1;0
monitor pixel_2;0
monitor pixel_3;0
monitor pixel_4;0
monitor pixel_5;0
vertical_select_flag;0
vertical_line3;63
vertical_line4;63
vertical_line3_wv;390
vertical_line4_wv;390
vertical_line_flag;0
vertical_line_ratio;0
laser_wavelength;785
laser_powerlevel;0
overlay_js;0
Relative Intensity Correction Flag;0
Pixel;Wavelength;Wavenumber;Raman Shift;Dark;Reference;Raw data #1;Dark Subtracted #1;%TR #1;Absorbance #1;Irradiance (W/cm^2/nm) #1;
0;   ;   ;   ;360.5000;65535.0000;347.5000;-13.0000;0.0000;0.0000;0.0000;
1;   ;   ;   ;384.0000;65535.0000;330.0000;-54.0000;0.0000;0.0000;0.0000;
2;   ;   ;   ;358.5000;65535.0000;307.5000;-51.0000;0.0000;0.0000;0.0000;
3;   ;   ;   ;358.5000;65535.0000;303.0000;-55.5000;0.0000;0.0000;0.0000;
4;   ;   ;   ;352.5000;65535.0000;303.0000;-49.5000;0.0000;0.0000;0.0000;
5;   ;   ;   ;361.5000;65535.0000;307.0000;-54.5000;0.0000;0.0000;0.0000;
6;   ;   ;   ;353.0000;65535.0000;318.5000;-34.5000;0.0000;0.0000;0.0000;
7;   ;   ;   ;354.0000;65535.0000;304.5000;-49.5000;0.0000;0.0000;0.0000;
8;   ;   ;   ;361.5000;65535.0000;311.0000;-50.5000;0.0000;0.0000;0.0000;
9;   ;   ;   ;356.0000;65535.0000;310.5000;-45.5000;0.0000;0.0000;0.0000;
10;   ;   ;   ;355.0000;65535.0000;302.5000;-52.5000;0.0000;0.0000;0.0000;
11;   ;   ;   ;358.0000;65535.0000;312.5000;-45.5000;0.0000;0.0000;0.0000;
12;   ;   ;   ;360.0000;65535.0000;310.5000;-49.5000;0.0000;0.0000;0.0000;
13;   ;   ;   ;359.0000;65535.0000;311.5000;-47.5000;0.0000;0.0000;0.0000;
14;   ;   ;   ;351.0000;65535.0000;317.0000;-34.0000;0.0000;0.0000;0.0000;
15;   ;   ;   ;361.5000;65535.0000;305.5000;-56.0000;0.0000;0.0000;0.0000;
16;   ;   ;   ;360.0000;65535.0000;312.5000;-47.5000;0.0000;0.0000;0.0000;
17;   ;   ;   ;353.5000;65535.0000;307.0000;-46.5000;0.0000;0.0000;0.0000;
18;   ;   ;   ;361.5000;65535.0000;314.5000;-47.0000;0.0000;0.0000;0.0000;
19;   ;   ;   ;357.5000;65535.0000;314.5000;-43.0000;0.0000;0.0000;0.0000;
20;   ;   ;   ;373.0000;65535.0000;309.0000;-64.0000;0.0000;0.0000;0.0000;
21;   ;   ;   ;360.0000;65535.0000;298.0000;-62.0000;0.0000;0.0000;0.0000;
22;   ;   ;   ;356.5000;65535.0000;308.5000;-48.0000;0.0000;0.0000;0.0000;
23;   ;   ;   ;356.0000;65535.0000;303.0000;-53.0000;0.0000;0.0000;0.0000;
24;   ;   ;   ;352.5000;65535.0000;303.0000;-49.5000;0.0000;0.0000;0.0000;
25;   ;   ;   ;358.0000;65535.0000;309.0000;-49.0000;0.0000;0.0000;0.0000;
26;   ;   ;   ;359.0000;65535.0000;313.5000;-45.5000;0.0000;0.0000;0.0000;
27;   ;   ;   ;361.5000;65535.0000;313.0000;-48.5000;0.0000;0.0000;0.0000;
28;   ;   ;   ;357.5000;65535.0000;315.5000;-42.0000;0.0000;0.0000;0.0000;
29;   ;   ;   ;345.5000;65535.0000;319.5000;-26.0000;0.0000;0.0000;0.0000;
30;   ;   ;   ;363.0000;65535.0000;311.5000;-51.5000;0.0000;0.0000;0.0000;
31;   ;   ;   ;364.5000;65535.0000;312.0000;-52.5000;0.0000;0.0000;0.0000;
32;   ;   ;   ;362.5000;65535.0000;315.5000;-47.0000;0.0000;0.0000;0.0000;
33;   ;   ;   ;365.0000;65535.0000;312.5000;-52.5000;0.0000;0.0000;0.0000;
34;   ;   ;   ;355.5000;65535.0000;307.5000;-48.0000;0.0000;0.0000;0.0000;
35;   ;   ;   ;365.5000;65535.0000;314.0000;-51.5000;0.0000;0.0000;0.0000;
36;   ;   ;   ;354.0000;65535.0000;293.0000;-61.0000;0.0000;0.0000;0.0000;
37;   ;   ;   ;359.0000;65535.0000;306.0000;-53.0000;0.0000;0.0000;0.0000;
38;   ;   ;   ;367.0000;65535.0000;326.0000;-41.0000;0.0000;0.0000;0.0000;
39;   ;   ;   ;358.0000;65535.0000;304.5000;-53.5000;0.0000;0.0000;0.0000;
40;   ;   ;   ;354.5000;65535.0000;312.5000;-42.0000;0.0000;0.0000;0.0000;
41;   ;   ;   ;354.0000;65535.0000;308.0000;-46.0000;0.0000;0.0000;0.0000;
42;   ;   ;   ;358.0000;65535.0000;311.5000;-46.5000;0.0000;0.0000;0.0000;
43;   ;   ;   ;354.0000;65535.0000;312.5000;-41.5000;0.0000;0.0000;0.0000;
44;   ;   ;   ;363.5000;65535.0000;319.0000;-44.5000;0.0000;0.0000;0.0000;
45;   ;   ;   ;355.0000;65535.0000;316.0000;-39.0000;0.0000;0.0000;0.0000;
46;   ;   ;   ;352.5000;65535.0000;307.0000;-45.5000;0.0000;0.0000;0.0000;
47;   ;   ;   ;355.5000;65535.0000;320.5000;-35.0000;0.0000;0.0000;0.0000;
48;   ;   ;   ;359.5000;65535.0000;308.0000;-51.5000;0.0000;0.0000;0.0000;
49;   ;   ;   ;364.5000;65535.0000;312.5000;-52.0000;0.0000;0.0000;0.0000;
50;   ;   ;   ;369.5000;65535.0000;324.0000;-45.5000;0.0000;0.0000;0.0000;
51;   ;   ;   ;360.5000;65535.0000;298.5000;-62.0000;0.0000;0.0000;0.0000;
52;   ;   ;   ;355.5000;65535.0000;310.5000;-45.0000;0.0000;0.0000;0.0000;
53;   ;   ;   ;354.5000;65535.0000;320.5000;-34.0000;0.0000;0.0000;0.0000;
54;   ;   ;   ;350.5000;65535.0000;313.0000;-37.5000;0.0000;0.0000;0.0000;
55;   ;   ;   ;351.0000;65535.0000;317.0000;-34.0000;0.0000;0.0000;0.0000;
56;   ;   ;   ;362.5000;65535.0000;306.5000;-56.0000;0.0000;0.0000;0.0000;
57;   ;   ;   ;358.0000;65535.0000;311.0000;-47.0000;0.0000;0.0000;0.0000;
58;   ;   ;   ;358.5000;65535.0000;308.0000;-50.5000;0.0000;0.0000;0.0000;
59;   ;   ;   ;355.5000;65535.0000;321.5000;-34.0000;0.0000;0.0000;0.0000;
60;   ;   ;   ;355.0000;65535.0000;309.5000;-45.5000;0.0000;0.0000;0.0000;
61;   ;   ;   ;356.5000;65535.0000;308.0000;-48.5000;0.0000;0.0000;0.0000;
62;   ;   ;   ;353.0000;65535.0000;316.5000;-36.5000;0.0000;0.0000;0.0000;
63;   ;   ;   ;368.5000;65535.0000;314.5000;-54.0000;0.0000;0.0000;0.0000;
64;   ;   ;   ;357.0000;65535.0000;311.0000;-46.0000;0.0000;0.0000;0.0000;
65;   ;   ;   ;350.5000;65535.0000;304.0000;-46.5000;0.0000;0.0000;0.0000;
66;   ;   ;   ;360.0000;65535.0000;311.0000;-49.0000;0.0000;0.0000;0.0000;
67;   ;   ;   ;359.5000;65535.0000;312.0000;-47.5000;0.0000;0.0000;0.0000;
68;   ;   ;   ;365.5000;65535.0000;329.5000;-36.0000;0.0000;0.0000;0.0000;
69;   ;   ;   ;360.5000;65535.0000;300.5000;-60.0000;0.0000;0.0000;0.0000;
70;   ;   ;   ;357.5000;65535.0000;306.5000;-51.0000;0.0000;0.0000;0.0000;
71;   ;   ;   ;357.0000;65535.0000;312.0000;-45.0000;0.0000;0.0000;0.0000;
72;   ;   ;   ;358.0000;65535.0000;299.5000;-58.5000;0.0000;0.0000;0.0000;
73;   ;   ;   ;358.0000;65535.0000;308.5000;-49.5000;0.0000;0.0000;0.0000;
74;   ;   ;   ;362.0000;65535.0000;318.5000;-43.5000;0.0000;0.0000;0.0000;
75;   ;   ;   ;357.0000;65535.0000;306.0000;-51.0000;0.0000;0.0000;0.0000;
76;   ;   ;   ;350.0000;65535.0000;319.0000;-31.0000;0.0000;0.0000;0.0000;
77;   ;   ;   ;350.5000;65535.0000;304.0000;-46.5000;0.0000;0.0000;0.0000;
78;   ;   ;   ;360.0000;65535.0000;313.5000;-46.5000;0.0000;0.0000;0.0000;
79;   ;   ;   ;359.0000;65535.0000;303.5000;-55.5000;0.0000;0.0000;0.0000;
80;   ;   ;   ;348.5000;65535.0000;301.0000;-47.5000;0.0000;0.0000;0.0000;
81;   ;   ;   ;360.0000;65535.0000;305.5000;-54.5000;0.0000;0.0000;0.0000;
82;   ;   ;   ;353.5000;65535.0000;303.5000;-50.0000;0.0000;0.0000;0.0000;
83;   ;   ;   ;360.0000;65535.0000;314.5000;-45.5000;0.0000;0.0000;0.0000;
84;   ;   ;   ;358.0000;65535.0000;311.5000;-46.5000;0.0000;0.0000;0.0000;
85;   ;   ;   ;364.0000;65535.0000;312.0000;-52.0000;0.0000;0.0000;0.0000;
86;   ;   ;   ;358.5000;65535.0000;311.5000;-47.0000;0.0000;0.0000;0.0000;
87;   ;   ;   ;359.0000;65535.0000;308.0000;-51.0000;0.0000;0.0000;0.0000;
88;   ;   ;   ;356.0000;65535.0000;317.5000;-38.5000;0.0000;0.0000;0.0000;
89;   ;   ;   ;355.5000;65535.0000;292.0000;-63.5000;0.0000;0.0000;0.0000;
90;   ;   ;   ;357.0000;65535.0000;312.5000;-44.5000;0.0000;0.0000;0.0000;
91;   ;   ;   ;349.5000;65535.0000;311.5000;-38.0000;0.0000;0.0000;0.0000;
92;   ;   ;   ;363.0000;65535.0000;305.5000;-57.5000;0.0000;0.0000;0.0000;
93;   ;   ;   ;361.0000;65535.0000;309.5000;-51.5000;0.0000;0.0000;0.0000;
94;   ;   ;   ;358.5000;65535.0000;310.0000;-48.5000;0.0000;0.0000;0.0000;
95;   ;   ;   ;339.0000;65535.0000;312.0000;-27.0000;0.0000;0.0000;0.0000;
96;   ;   ;   ;359.5000;65535.0000;311.5000;-48.0000;0.0000;0.0000;0.0000;
97;   ;   ;   ;363.5000;65535.0000;310.5000;-53.0000;0.0000;0.0000;0.0000;
98;   ;   ;   ;365.0000;65535.0000;317.0000;-48.0000;0.0000;0.0000;0.0000;
99;   ;   ;   ;360.5000;65535.0000;309.5000;-51.0000;0.0000;0.0000;0.0000;
100;   ;   ;   ;352.5000;65535.0000;309.5000;-43.0000;0.0000;0.0000;0.0000;
101;   ;   ;   ;356.5000;65535.0000;300.5000;-56.0000;0.0000;0.0000;0.0000;
102;   ;   ;   ;353.5000;65535.0000;313.5000;-40.0000;0.0000;0.0000;0.0000;
103;   ;   ;   ;355.5000;65535.0000;313.0000;-42.5000;0.0000;0.0000;0.0000;
104;   ;   ;   ;361.5000;65535.0000;318.0000;-43.5000;0.0000;0.0000;0.0000;
105;   ;   ;   ;356.0000;65535.0000;309.0000;-47.0000;0.0000;0.0000;0.0000;
106;   ;   ;   ;349.0000;65535.0000;306.0000;-43.0000;0.0000;0.0000;0.0000;
107;   ;   ;   ;358.0000;65535.0000;305.5000;-52.5000;0.0000;0.0000;0.0000;
108;   ;   ;   ;357.0000;65535.0000;307.5000;-49.5000;0.0000;0.0000;0.0000;
109;   ;   ;   ;359.5000;65535.0000;309.5000;-50.0000;0.0000;0.0000;0.0000;
110;   ;   ;   ;338.5000;65535.0000;311.5000;-27.0000;0.0000;0.0000;0.0000;
111;   ;   ;   ;356.0000;65535.0000;319.5000;-36.5000;0.0000;0.0000;0.0000;
112;   ;   ;   ;355.5000;65535.0000;318.5000;-37.0000;0.0000;0.0000;0.0000;
113;   ;   ;   ;354.5000;65535.0000;309.5000;-45.0000;0.0000;0.0000;0.0000;
114;   ;   ;   ;360.5000;65535.0000;308.0000;-52.5000;0.0000;0.0000;0.0000;
115;   ;   ;   ;348.0000;65535.0000;314.5000;-33.5000;0.0000;0.0000;0.0000;
116;   ;   ;   ;361.0000;65535.0000;309.5000;-51.5000;0.0000;0.0000;0.0000;
117;   ;   ;   ;352.0000;65535.0000;315.5000;-36.5000;0.0000;0.0000;0.0000;
118;   ;   ;   ;351.5000;65535.0000;309.0000;-42.5000;0.0000;0.0000;0.0000;
119;   ;   ;   ;363.5000;65535.0000;310.5000;-53.0000;0.0000;0.0000;0.0000;
120;   ;   ;   ;354.0000;65535.0000;307.0000;-47.0000;0.0000;0.0000;0.0000;
121;   ;   ;   ;360.5000;65535.0000;313.0000;-47.5000;0.0000;0.0000;0.0000;
122;   ;   ;   ;351.5000;65535.0000;307.5000;-44.0000;0.0000;0.0000;0.0000;
123;   ;   ;   ;357.5000;65535.0000;300.5000;-57.0000;0.0000;0.0000;0.0000;
124;   ;   ;   ;359.0000;65535.0000;314.0000;-45.0000;0.0000;0.0000;0.0000;
125;   ;   ;   ;340.0000;65535.0000;308.5000;-31.5000;0.0000;0.0000;0.0000;
126;   ;   ;   ;360.0000;65535.0000;325.5000;-34.5000;0.0000;0.0000;0.0000;
127;   ;   ;   ;356.0000;65535.0000;314.0000;-42.0000;0.0000;0.0000;0.0000;
128;   ;   ;   ;361.5000;65535.0000;311.5000;-50.0000;0.0000;0.0000;0.0000;
129;   ;   ;   ;357.0000;65535.0000;318.5000;-38.5000;0.0000;0.0000;0.0000;
130;   ;   ;   ;355.5000;65535.0000;308.5000;-47.0000;0.0000;0.0000;0.0000;
131;   ;   ;   ;358.0000;65535.0000;311.5000;-46.5000;0.0000;0.0000;0.0000;
132;   ;   ;   ;362.0000;65535.0000;318.5000;-43.5000;0.0000;0.0000;0.0000;
133;   ;   ;   ;359.5000;65535.0000;309.0000;-50.5000;0.0000;0.0000;0.0000;
134;   ;   ;   ;360.0000;65535.0000;309.5000;-50.5000;0.0000;0.0000;0.0000;
135;   ;   ;   ;369.0000;65535.0000;313.5000;-55.5000;0.0000;0.0000;0.0000;
136;   ;   ;   ;356.5000;65535.0000;310.0000;-46.5000;0.0000;0.0000;0.0000;
137;   ;   ;   ;368.0000;65535.0000;308.5000;-59.5000;0.0000;0.0000;0.0000;
138;   ;   ;   ;357.5000;65535.0000;312.5000;-45.0000;0.0000;0.0000;0.0000;
139;   ;   ;   ;353.0000;65535.0000;309.0000;-44.0000;0.0000;0.0000;0.0000;
140;   ;   ;   ;366.0000;65535.0000;303.5000;-62.5000;0.0000;0.0000;0.0000;
141;   ;   ;   ;354.0000;65535.0000;320.5000;-33.5000;0.0000;0.0000;0.0000;
142;   ;   ;   ;350.0000;65535.0000;307.5000;-42.5000;0.0000;0.0000;0.0000;
143;   ;   ;   ;353.0000;65535.0000;305.0000;-48.0000;0.0000;0.0000;0.0000;
144;   ;   ;   ;355.5000;65535.0000;310.5000;-45.0000;0.0000;0.0000;0.0000;
145;   ;   ;   ;359.5000;65535.0000;310.0000;-49.5000;0.0000;0.0000;0.0000;
146;   ;   ;   ;356.0000;65535.0000;311.0000;-45.0000;0.0000;0.0000;0.0000;
147;   ;   ;   ;352.0000;65535.0000;305.0000;-47.0000;0.0000;0.0000;0.0000;
148;   ;   ;   ;351.5000;65535.0000;306.0000;-45.5000;0.0000;0.0000;0.0000;
149;   ;   ;   ;349.0000;65535.0000;305.5000;-43.5000;0.0000;0.0000;0.0000;
150;   ;   ;   ;350.0000;65535.0000;302.5000;-47.5000;0.0000;0.0000;0.0000;
151;   ;   ;   ;351.0000;65535.0000;313.0000;-38.0000;0.0000;0.0000;0.0000;
152;   ;   ;   ;359.5000;65535.0000;305.5000;-54.0000;0.0000;0.0000;0.0000;
153;   ;   ;   ;348.5000;65535.0000;311.5000;-37.0000;0.0000;0.0000;0.0000;
154;   ;   ;   ;351.0000;65535.0000;312.0000;-39.0000;0.0000;0.0000;0.0000;
155;   ;   ;   ;344.5000;65535.0000;309.0000;-35.5000;0.0000;0.0000;0.0000;
156;   ;   ;   ;359.5000;65535.0000;325.5000;-34.0000;0.0000;0.0000;0.0000;
157;   ;   ;   ;354.5000;65535.0000;309.5000;-45.0000;0.0000;0.0000;0.0000;
158;   ;   ;   ;359.0000;65535.0000;312.0000;-47.0000;0.0000;0.0000;0.0000;
159;   ;   ;   ;355.5000;65535.0000;313.5000;-42.0000;0.0000;0.0000;0.0000;
160;   ;   ;   ;358.0000;65535.0000;312.5000;-45.5000;0.0000;0.0000;0.0000;
161;   ;   ;   ;357.0000;65535.0000;309.5000;-47.5000;0.0000;0.0000;0.0000;
162;   ;   ;   ;357.0000;65535.0000;310.0000;-47.0000;0.0000;0.0000;0.0000;
163;   ;   ;   ;360.0000;65535.0000;308.5000;-51.5000;0.0000;0.0000;0.0000;
164;   ;   ;   ;355.5000;65535.0000;308.0000;-47.5000;0.0000;0.0000;0.0000;
165;   ;   ;   ;358.5000;65535.0000;328.0000;-30.5000;0.0000;0.0000;0.0000;
166;   ;   ;   ;363.0000;65535.0000;307.5000;-55.5000;0.0000;0.0000;0.0000;
167;   ;   ;   ;359.0000;65535.0000;317.0000;-42.0000;0.0000;0.0000;0.0000;
168;   ;   ;   ;366.0000;65535.0000;314.5000;-51.5000;0.0000;0.0000;0.0000;
169;   ;   ;   ;358.5000;65535.0000;322.5000;-36.0000;0.0000;0.0000;0.0000;
170;   ;   ;   ;378.5000;65535.0000;315.5000;-63.0000;0.0000;0.0000;0.0000;
171;   ;   ;   ;354.5000;65535.0000;322.0000;-32.5000;0.0000;0.0000;0.0000;
172;   ;   ;   ;356.5000;65535.0000;311.0000;-45.5000;0.0000;0.0000;0.0000;
173;   ;   ;   ;354.5000;65535.0000;295.0000;-59.5000;0.0000;0.0000;0.0000;
174;   ;   ;   ;349.0000;65535.0000;312.0000;-37.0000;0.0000;0.0000;0.0000;
175;   ;   ;   ;357.5000;65535.0000;315.5000;-42.0000;0.0000;0.0000;0.0000;
176;   ;   ;   ;362.0000;65535.0000;305.0000;-57.0000;0.0000;0.0000;0.0000;
177;   ;   ;   ;352.5000;65535.0000;311.5000;-41.0000;0.0000;0.0000;0.0000;
178;   ;   ;   ;350.5000;65535.0000;307.5000;-43.0000;0.0000;0.0000;0.0000;
179;   ;   ;   ;361.5000;65535.0000;309.5000;-52.0000;0.0000;0.0000;0.0000;
180;   ;   ;   ;348.0000;65535.0000;317.5000;-30.5000;0.0000;0.0000;0.0000;
181;   ;   ;   ;354.0000;65535.0000;312.0000;-42.0000;0.0000;0.0000;0.0000;
182;   ;   ;   ;354.5000;65535.0000;318.5000;-36.0000;0.0000;0.0000;0.0000;
183;   ;   ;   ;353.0000;65535.0000;308.5000;-44.5000;0.0000;0.0000;0.0000;
184;   ;   ;   ;359.5000;65535.0000;312.0000;-47.5000;0.0000;0.0000;0.0000;
185;   ;   ;   ;357.0000;65535.0000;307.5000;-49.5000;0.0000;0.0000;0.0000;
186;   ;   ;   ;358.5000;65535.0000;318.0000;-40.5000;0.0000;0.0000;0.0000;
187;   ;   ;   ;355.0000;65535.0000;311.0000;-44.0000;0.0000;0.0000;0.0000;
188;   ;   ;   ;353.0000;65535.0000;292.5000;-60.5000;0.0000;0.0000;0.0000;
189;   ;   ;   ;360.5000;65535.0000;320.0000;-40.5000;0.0000;0.0000;0.0000;
190;   ;   ;   ;356.0000;65535.0000;306.5000;-49.5000;0.0000;0.0000;0.0000;
191;   ;   ;   ;361.5000;65535.0000;315.0000;-46.5000;0.0000;0.0000;0.0000;
192;   ;   ;   ;353.0000;65535.0000;312.0000;-41.0000;0.0000;0.0000;0.0000;
193;   ;   ;   ;360.0000;65535.0000;322.0000;-38.0000;0.0000;0.0000;0.0000;
194;   ;   ;   ;359.0000;65535.0000;313.5000;-45.5000;0.0000;0.0000;0.0000;
195;   ;   ;   ;357.0000;65535.0000;320.0000;-37.0000;0.0000;0.0000;0.0000;
196;   ;   ;   ;355.5000;65535.0000;317.5000;-38.0000;0.0000;0.0000;0.0000;
197;   ;   ;   ;353.0000;65535.0000;317.0000;-36.0000;0.0000;0.0000;0.0000;
198;   ;   ;   ;366.5000;65535.0000;310.0000;-56.5000;0.0000;0.0000;0.0000;
199;   ;   ;   ;351.5000;65535.0000;310.0000;-41.5000;0.0000;0.0000;0.0000;
200;   ;   ;   ;358.0000;65535.0000;311.5000;-46.5000;0.0000;0.0000;0.0000;
201;   ;   ;   ;361.5000;65535.0000;313.0000;-48.5000;0.0000;0.0000;0.0000;
202;   ;   ;   ;351.0000;65535.0000;302.0000;-49.0000;0.0000;0.0000;0.0000;
203;   ;   ;   ;354.5000;65535.0000;301.5000;-53.0000;0.0000;0.0000;0.0000;
204;   ;   ;   ;354.0000;65535.0000;315.0000;-39.0000;0.0000;0.0000;0.0000;
205;   ;   ;   ;361.0000;65535.0000;307.0000;-54.0000;0.0000;0.0000;0.0000;
206;   ;   ;   ;354.5000;65535.0000;318.0000;-36.5000;0.0000;0.0000;0.0000;
207;   ;   ;   ;355.5000;65535.0000;314.5000;-41.0000;0.0000;0.0000;0.0000;
208;   ;   ;   ;359.0000;65535.0000;308.0000;-51.0000;0.0000;0.0000;0.0000;
209;   ;   ;   ;352.0000;65535.0000;313.5000;-38.5000;0.0000;0.0000;0.0000;
210;   ;   ;   ;356.5000;65535.0000;310.5000;-46.0000;0.0000;0.0000;0.0000;
211;   ;   ;   ;355.5000;65535.0000;312.5000;-43.0000;0.0000;0.0000;0.0000;
212;   ;   ;   ;358.0000;65535.0000;311.0000;-47.0000;0.0000;0.0000;0.0000;
213;   ;   ;   ;346.5000;65535.0000;312.0000;-34.5000;0.0000;0.0000;0.0000;
214;   ;   ;   ;352.5000;65535.0000;311.0000;-41.5000;0.0000;0.0000;0.0000;
215;   ;   ;   ;358.0000;65535.0000;308.5000;-49.5000;0.0000;0.0000;0.0000;
216;   ;   ;   ;354.5000;65535.0000;316.5000;-38.0000;0.0000;0.0000;0.0000;
217;   ;   ;   ;359.5000;65535.0000;304.5000;-55.0000;0.0000;0.0000;0.0000;
218;   ;   ;   ;359.0000;65535.0000;312.0000;-47.0000;0.0000;0.0000;0.0000;
219;   ;   ;   ;356.0000;65535.0000;309.0000;-47.0000;0.0000;0.0000;0.0000;
220;   ;   ;   ;366.5000;65535.0000;310.5000;-56.0000;0.0000;0.0000;0.0000;
221;   ;   ;   ;361.5000;65535.0000;312.5000;-49.0000;0.0000;0.0000;0.0000;
222;   ;   ;   ;360.5000;65535.0000;310.0000;-50.5000;0.0000;0.0000;0.0000;
223;   ;   ;   ;352.0000;65535.0000;312.5000;-39.5000;0.0000;0.0000;0.0000;
224;   ;   ;   ;361.0000;65535.0000;309.5000;-51.5000;0.0000;0.0000;0.0000;
225;   ;   ;   ;355.0000;65535.0000;309.5000;-45.5000;0.0000;0.0000;0.0000;
226;   ;   ;   ;353.5000;65535.0000;312.0000;-41.5000;0.0000;0.0000;0.0000;
227;   ;   ;   ;366.0000;65535.0000;310.5000;-55.5000;0.0000;0.0000;0.0000;
228;   ;   ;   ;355.5000;65535.0000;313.0000;-42.5000;0.0000;0.0000;0.0000;
229;   ;   ;   ;364.0000;65535.0000;304.5000;-59.5000;0.0000;0.0000;0.0000;
230;   ;   ;   ;356.5000;65535.0000;319.5000;-37.0000;0.0000;0.0000;0.0000;
231;   ;   ;   ;358.0000;65535.0000;309.5000;-48.5000;0.0000;0.0000;0.0000;
232;   ;   ;   ;359.0000;65535.0000;313.0000;-46.0000;0.0000;0.0000;0.0000;
233;   ;   ;   ;363.0000;65535.0000;303.0000;-60.0000;0.0000;0.0000;0.0000;
234;   ;   ;   ;363.5000;65535.0000;304.0000;-59.5000;0.0000;0.0000;0.0000;
235;   ;   ;   ;357.5000;65535.0000;312.5000;-45.0000;0.0000;0.0000;0.0000;
236;   ;   ;   ;351.0000;65535.0000;311.5000;-39.5000;0.0000;0.0000;0.0000;
237;   ;   ;   ;352.0000;65535.0000;310.5000;-41.5000;0.0000;0.0000;0.0000;
238;   ;   ;   ;363.0000;65535.0000;308.5000;-54.5000;0.0000;0.0000;0.0000;
239;   ;   ;   ;356.5000;65535.0000;316.0000;-40.5000;0.0000;0.0000;0.0000;
240;   ;   ;   ;364.5000;65535.0000;318.0000;-46.5000;0.0000;0.0000;0.0000;
241;   ;   ;   ;367.0000;65535.0000;318.5000;-48.5000;0.0000;0.0000;0.0000;
242;   ;   ;   ;364.0000;65535.0000;310.5000;-53.5000;0.0000;0.0000;0.0000;
243;   ;   ;   ;359.0000;65535.0000;302.0000;-57.0000;0.0000;0.0000;0.0000;
244;   ;   ;   ;364.5000;65535.0000;309.5000;-55.0000;0.0000;0.0000;0.0000;
245;   ;   ;   ;362.0000;65535.0000;311.0000;-51.0000;0.0000;0.0000;0.0000;
246;   ;   ;   ;370.0000;65535.0000;314.0000;-56.0000;0.0000;0.0000;0.0000;
247;   ;   ;   ;362.0000;65535.0000;310.0000;-52.0000;0.0000;0.0000;0.0000;
248;   ;   ;   ;360.5000;65535.0000;322.0000;-38.5000;0.0000;0.0000;0.0000;
249;   ;   ;   ;352.5000;65535.0000;315.5000;-37.0000;0.0000;0.0000;0.0000;
250;   ;   ;   ;358.0000;65535.0000;305.0000;-53.0000;0.0000;0.0000;0.0000;
251;   ;   ;   ;359.5000;65535.0000;306.5000;-53.0000;0.0000;0.0000;0.0000;
252;   ;   ;   ;354.0000;65535.0000;309.0000;-45.0000;0.0000;0.0000;0.0000;
253;   ;   ;   ;359.0000;65535.0000;301.5000;-57.5000;0.0000;0.0000;0.0000;
254;   ;   ;   ;355.5000;65535.0000;313.5000;-42.0000;0.0000;0.0000;0.0000;
255;   ;   ;   ;351.5000;65535.0000;305.5000;-46.0000;0.0000;0.0000;0.0000;
256;   ;   ;   ;358.0000;65535.0000;301.5000;-56.5000;0.0000;0.0000;0.0000;
257;   ;   ;   ;359.5000;65535.0000;306.5000;-53.0000;0.0000;0.0000;0.0000;
258;   ;   ;   ;359.5000;65535.0000;310.5000;-49.0000;0.0000;0.0000;0.0000;
259;   ;   ;   ;370.0000;65535.0000;316.5000;-53.5000;0.0000;0.0000;0.0000;
260;   ;   ;   ;364.0000;65535.0000;306.5000;-57.5000;0.0000;0.0000;0.0000;
261;   ;   ;   ;369.0000;65535.0000;306.0000;-63.0000;0.0000;0.0000;0.0000;
262;   ;   ;   ;352.0000;65535.0000;304.0000;-48.0000;0.0000;0.0000;0.0000;
263;   ;   ;   ;355.0000;65535.0000;306.5000;-48.5000;0.0000;0.0000;0.0000;
264;   ;   ;   ;355.5000;65535.0000;304.0000;-51.5000;0.0000;0.0000;0.0000;
265;   ;   ;   ;364.5000;65535.0000;311.5000;-53.0000;0.0000;0.0000;0.0000;
266;   ;   ;   ;356.5000;65535.0000;316.0000;-40.5000;0.0000;0.0000;0.0000;
267;   ;   ;   ;352.5000;65535.0000;308.0000;-44.5000;0.0000;0.0000;0.0000;
268;   ;   ;   ;356.5000;65535.0000;316.0000;-40.5000;0.0000;0.0000;0.0000;
269;   ;   ;   ;354.5000;65535.0000;311.5000;-43.0000;0.0000;0.0000;0.0000;
270;   ;   ;   ;356.0000;65535.0000;314.5000;-41.5000;0.0000;0.0000;0.0000;
271;   ;   ;   ;359.5000;65535.0000;308.0000;-51.5000;0.0000;0.0000;0.0000;
272;   ;   ;   ;353.5000;65535.0000;315.0000;-38.5000;0.0000;0.0000;0.0000;
273;   ;   ;   ;356.0000;65535.0000;310.5000;-45.5000;0.0000;0.0000;0.0000;
274;   ;   ;   ;362.0000;65535.0000;314.5000;-47.5000;0.0000;0.0000;0.0000;
275;   ;   ;   ;362.0000;65535.0000;312.5000;-49.5000;0.0000;0.0000;0.0000;
276;   ;   ;   ;355.0000;65535.0000;316.0000;-39.0000;0.0000;0.0000;0.0000;
277;   ;   ;   ;361.5000;65535.0000;311.5000;-50.0000;0.0000;0.0000;0.0000;
278;   ;   ;   ;357.5000;65535.0000;311.0000;-46.5000;0.0000;0.0000;0.0000;
279;   ;   ;   ;355.0000;65535.0000;307.0000;-48.0000;0.0000;0.0000;0.0000;
280;   ;   ;   ;356.0000;65535.0000;313.5000;-42.5000;0.0000;0.0000;0.0000;
281;   ;   ;   ;356.0000;65535.0000;315.0000;-41.0000;0.0000;0.0000;0.0000;
282;   ;   ;   ;356.0000;65535.0000;307.0000;-49.0000;0.0000;0.0000;0.0000;
283;   ;   ;   ;360.0000;65535.0000;313.0000;-47.0000;0.0000;0.0000;0.0000;
284;   ;   ;   ;353.5000;65535.0000;310.0000;-43.5000;0.0000;0.0000;0.0000;
285;   ;   ;   ;350.0000;65535.0000;311.0000;-39.0000;0.0000;0.0000;0.0000;
286;   ;   ;   ;351.0000;65535.0000;312.5000;-38.5000;0.0000;0.0000;0.0000;
287;   ;   ;   ;348.0000;65535.0000;324.5000;-23.5000;0.0000;0.0000;0.0000;
288;   ;   ;   ;373.5000;65535.0000;313.0000;-60.5000;0.0000;0.0000;0.0000;
289;   ;   ;   ;362.0000;65535.0000;306.5000;-55.5000;0.0000;0.0000;0.0000;
290;   ;   ;   ;367.5000;65535.0000;312.0000;-55.5000;0.0000;0.0000;0.0000;
291;   ;   ;   ;353.0000;65535.0000;297.0000;-56.0000;0.0000;0.0000;0.0000;
292;   ;   ;   ;370.0000;65535.0000;311.0000;-59.0000;0.0000;0.0000;0.0000;
293;   ;   ;   ;345.5000;65535.0000;314.5000;-31.0000;0.0000;0.0000;0.0000;
294;   ;   ;   ;351.5000;65535.0000;307.0000;-44.5000;0.0000;0.0000;0.0000;
295;   ;   ;   ;362.0000;65535.0000;320.0000;-42.0000;0.0000;0.0000;0.0000;
296;   ;   ;   ;351.0000;65535.0000;302.5000;-48.5000;0.0000;0.0000;0.0000;
297;   ;   ;   ;351.0000;65535.0000;315.0000;-36.0000;0.0000;0.0000;0.0000;
298;   ;   ;   ;358.0000;65535.0000;312.0000;-46.0000;0.0000;0.0000;0.0000;
299;   ;   ;   ;353.5000;65535.0000;317.5000;-36.0000;0.0000;0.0000;0.0000;
300;   ;   ;   ;350.5000;65535.0000;305.5000;-45.0000;0.0000;0.0000;0.0000;
301;   ;   ;   ;367.5000;65535.0000;319.0000;-48.5000;0.0000;0.0000;0.0000;
302;   ;   ;   ;356.0000;65535.0000;300.0000;-56.0000;0.0000;0.0000;0.0000;
303;   ;   ;   ;358.5000;65535.0000;308.5000;-50.0000;0.0000;0.0000;0.0000;
304;   ;   ;   ;363.0000;65535.0000;313.5000;-49.5000;0.0000;0.0000;0.0000;
305;   ;   ;   ;359.0000;65535.0000;320.0000;-39.0000;0.0000;0.0000;0.0000;
306;   ;   ;   ;360.0000;65535.0000;312.0000;-48.0000;0.0000;0.0000;0.0000;
307;   ;   ;   ;367.0000;65535.0000;316.5000;-50.5000;0.0000;0.0000;0.0000;
308;   ;   ;   ;358.0000;65535.0000;312.5000;-45.5000;0.0000;0.0000;0.0000;
309;   ;   ;   ;352.0000;65535.0000;328.5000;-23.5000;0.0000;0.0000;0.0000;
310;   ;   ;   ;357.0000;65535.0000;312.5000;-44.5000;0.0000;0.0000;0.0000;
311;   ;   ;   ;350.5000;65535.0000;307.0000;-43.5000;0.0000;0.0000;0.0000;
312;   ;   ;   ;351.5000;65535.0000;315.0000;-36.5000;0.0000;0.0000;0.0000;
313;   ;   ;   ;357.0000;65535.0000;307.5000;-49.5000;0.0000;0.0000;0.0000;
314;   ;   ;   ;356.0000;65535.0000;310.5000;-45.5000;0.0000;0.0000;0.0000;
315;   ;   ;   ;354.5000;65535.0000;315.0000;-39.5000;0.0000;0.0000;0.0000;
316;   ;   ;   ;352.0000;65535.0000;318.5000;-33.5000;0.0000;0.0000;0.0000;
317;   ;   ;   ;354.0000;65535.0000;314.5000;-39.5000;0.0000;0.0000;0.0000;
318;   ;   ;   ;351.5000;65535.0000;313.0000;-38.5000;0.0000;0.0000;0.0000;
319;   ;   ;   ;357.5000;65535.0000;316.0000;-41.5000;0.0000;0.0000;0.0000;
320;   ;   ;   ;356.0000;65535.0000;306.5000;-49.5000;0.0000;0.0000;0.0000;
321;   ;   ;   ;351.0000;65535.0000;311.5000;-39.5000;0.0000;0.0000;0.0000;
322;   ;   ;   ;358.5000;65535.0000;316.0000;-42.5000;0.0000;0.0000;0.0000;
323;   ;   ;   ;355.5000;65535.0000;315.0000;-40.5000;0.0000;0.0000;0.0000;
324;   ;   ;   ;357.0000;65535.0000;297.0000;-60.0000;0.0000;0.0000;0.0000;
325;   ;   ;   ;358.0000;65535.0000;311.0000;-47.0000;0.0000;0.0000;0.0000;
326;   ;   ;   ;358.0000;65535.0000;310.5000;-47.5000;0.0000;0.0000;0.0000;
327;   ;   ;   ;354.5000;65535.0000;303.5000;-51.0000;0.0000;0.0000;0.0000;
328;   ;   ;   ;356.0000;65535.0000;310.5000;-45.5000;0.0000;0.0000;0.0000;
329;   ;   ;   ;350.5000;65535.0000;315.5000;-35.0000;0.0000;0.0000;0.0000;
330;   ;   ;   ;360.5000;65535.0000;311.5000;-49.0000;0.0000;0.0000;0.0000;
331;   ;   ;   ;359.0000;65535.0000;317.0000;-42.0000;0.0000;0.0000;0.0000;
332;   ;   ;   ;355.0000;65535.0000;311.0000;-44.0000;0.0000;0.0000;0.0000;
333;   ;   ;   ;359.5000;65535.0000;303.0000;-56.5000;0.0000;0.0000;0.0000;
334;   ;   ;   ;359.0000;65535.0000;316.0000;-43.0000;0.0000;0.0000;0.0000;
335;   ;   ;   ;351.5000;65535.0000;314.5000;-37.0000;0.0000;0.0000;0.0000;
336;   ;   ;   ;367.5000;65535.0000;318.5000;-49.0000;0.0000;0.0000;0.0000;
337;   ;   ;   ;356.0000;65535.0000;310.5000;-45.5000;0.0000;0.0000;0.0000;
338;   ;   ;   ;359.0000;65535.0000;315.5000;-43.5000;0.0000;0.0000;0.0000;
339;   ;   ;   ;356.5000;65535.0000;315.5000;-41.0000;0.0000;0.0000;0.0000;
340;   ;   ;   ;358.5000;65535.0000;312.0000;-46.5000;0.0000;0.0000;0.0000;
341;   ;   ;   ;355.0000;65535.0000;317.0000;-38.0000;0.0000;0.0000;0.0000;
342;   ;   ;   ;362.5000;65535.0000;307.5000;-55.0000;0.0000;0.0000;0.0000;
343;   ;   ;   ;351.0000;65535.0000;315.0000;-36.0000;0.0000;0.0000;0.0000;
344;   ;   ;   ;354.0000;65535.0000;308.5000;-45.5000;0.0000;0.0000;0.0000;
345;   ;   ;   ;348.5000;65535.0000;308.5000;-40.0000;0.0000;0.0000;0.0000;
346;   ;   ;   ;361.0000;65535.0000;328.5000;-32.5000;0.0000;0.0000;0.0000;
347;   ;   ;   ;352.0000;65535.0000;310.0000;-42.0000;0.0000;0.0000;0.0000;
348;   ;   ;   ;356.5000;65535.0000;325.0000;-31.5000;0.0000;0.0000;0.0000;
349;   ;   ;   ;354.5000;65535.0000;308.5000;-46.0000;0.0000;0.0000;0.0000;
350;   ;   ;   ;356.5000;65535.0000;313.0000;-43.5000;0.0000;0.0000;0.0000;
351;   ;   ;   ;338.5000;65535.0000;309.5000;-29.0000;0.0000;0.0000;0.0000;
352;   ;   ;   ;352.5000;65535.0000;323.5000;-29.0000;0.0000;0.0000;0.0000;
353;   ;   ;   ;341.0000;65535.0000;311.0000;-30.0000;0.0000;0.0000;0.0000;
354;   ;   ;   ;356.5000;65535.0000;321.5000;-35.0000;0.0000;0.0000;0.0000;
355;   ;   ;   ;354.5000;65535.0000;310.0000;-44.5000;0.0000;0.0000;0.0000;
356;   ;   ;   ;355.5000;65535.0000;308.0000;-47.5000;0.0000;0.0000;0.0000;
357;   ;   ;   ;351.5000;65535.0000;309.5000;-42.0000;0.0000;0.0000;0.0000;
358;   ;   ;   ;354.0000;65535.0000;311.5000;-42.5000;0.0000;0.0000;0.0000;
359;   ;   ;   ;352.5000;65535.0000;315.0000;-37.5000;0.0000;0.0000;0.0000;
360;   ;   ;   ;363.5000;65535.0000;316.5000;-47.0000;0.0000;0.0000;0.0000;
361;   ;   ;   ;354.0000;65535.0000;298.5000;-55.5000;0.0000;0.0000;0.0000;
362;   ;   ;   ;352.5000;65535.0000;310.5000;-42.0000;0.0000;0.0000;0.0000;
363;   ;   ;   ;353.0000;65535.0000;311.0000;-42.0000;0.0000;0.0000;0.0000;
364;   ;   ;   ;357.5000;65535.0000;318.5000;-39.0000;0.0000;0.0000;0.0000;
365;   ;   ;   ;353.0000;65535.0000;320.0000;-33.0000;0.0000;0.0000;0.0000;
366;   ;   ;   ;359.0000;65535.0000;309.0000;-50.0000;0.0000;0.0000;0.0000;
367;   ;   ;   ;355.5000;65535.0000;317.0000;-38.5000;0.0000;0.0000;0.0000;
368;   ;   ;   ;359.5000;65535.0000;310.0000;-49.5000;0.0000;0.0000;0.0000;
369;   ;   ;   ;355.5000;65535.0000;302.5000;-53.0000;0.0000;0.0000;0.0000;
370;   ;   ;   ;356.0000;65535.0000;320.0000;-36.0000;0.0000;0.0000;0.0000;
371;   ;   ;   ;358.0000;65535.0000;315.5000;-42.5000;0.0000;0.0000;0.0000;
372;   ;   ;   ;364.5000;65535.0000;319.5000;-45.0000;0.0000;0.0000;0.0000;
373;   ;   ;   ;350.5000;65535.0000;310.0000;-40.5000;0.0000;0.0000;0.0000;
374;   ;   ;   ;354.0000;65535.0000;311.5000;-42.5000;0.0000;0.0000;0.0000;
375;   ;   ;   ;354.0000;65535.0000;308.5000;-45.5000;0.0000;0.0000;0.0000;
376;   ;   ;   ;354.0000;65535.0000;309.0000;-45.0000;0.0000;0.0000;0.0000;
377;   ;   ;   ;359.5000;65535.0000;316.0000;-43.5000;0.0000;0.0000;0.0000;
378;   ;   ;   ;358.0000;65535.0000;308.0000;-50.0000;0.0000;0.0000;0.0000;
379;   ;   ;   ;350.0000;65535.0000;318.5000;-31.5000;0.0000;0.0000;0.0000;
380;   ;   ;   ;363.0000;65535.0000;315.5000;-47.5000;0.0000;0.0000;0.0000;
381;   ;   ;   ;350.0000;65535.0000;313.0000;-37.0000;0.0000;0.0000;0.0000;
382;   ;   ;   ;353.0000;65535.0000;328.5000;-24.5000;0.0000;0.0000;0.0000;
383;   ;   ;   ;353.0000;65535.0000;309.0000;-44.0000;0.0000;0.0000;0.0000;
384;   ;   ;   ;353.0000;65535.0000;314.0000;-39.0000;0.0000;0.0000;0.0000;
385;   ;   ;   ;358.0000;65535.0000;323.5000;-34.5000;0.0000;0.0000;0.0000;
386;   ;   ;   ;354.0000;65535.0000;317.5000;-36.5000;0.0000;0.0000;0.0000;
387;   ;   ;   ;353.0000;65535.0000;311.0000;-42.0000;0.0000;0.0000;0.0000;
388;   ;   ;   ;357.5000;65535.0000;310.0000;-47.5000;0.0000;0.0000;0.0000;
389;   ;   ;   ;359.5000;65535.0000;311.0000;-48.5000;0.0000;0.0000;0.0000;
390;   ;   ;   ;362.0000;65535.0000;309.0000;-53.0000;0.0000;0.0000;0.0000;
391;   ;   ;   ;356.5000;65535.0000;314.5000;-42.0000;0.0000;0.0000;0.0000;
392;   ;   ;   ;352.5000;65535.0000;315.5000;-37.0000;0.0000;0.0000;0.0000;
393;   ;   ;   ;351.0000;65535.0000;312.0000;-39.0000;0.0000;0.0000;0.0000;
394;   ;   ;   ;363.0000;65535.0000;315.5000;-47.5000;0.0000;0.0000;0.0000;
395;   ;   ;   ;352.5000;65535.0000;313.0000;-39.5000;0.0000;0.0000;0.0000;
396;   ;   ;   ;372.0000;65535.0000;315.5000;-56.5000;0.0000;0.0000;0.0000;
397;   ;   ;   ;357.5000;65535.0000;307.0000;-50.5000;0.0000;0.0000;0.0000;
398;   ;   ;   ;351.0000;65535.0000;318.5000;-32.5000;0.0000;0.0000;0.0000;
399;   ;   ;   ;366.5000;65535.0000;314.0000;-52.5000;0.0000;0.0000;0.0000;
400;   ;   ;   ;358.0000;65535.0000;322.5000;-35.5000;0.0000;0.0000;0.0000;
401;   ;   ;   ;359.5000;65535.0000;319.5000;-40.0000;0.0000;0.0000;0.0000;
402;   ;   ;   ;367.5000;65535.0000;312.5000;-55.0000;0.0000;0.0000;0.0000;
403;   ;   ;   ;356.0000;65535.0000;314.0000;-42.0000;0.0000;0.0000;0.0000;
404;   ;   ;   ;359.5000;65535.0000;308.5000;-51.0000;0.0000;0.0000;0.0000;
405;   ;   ;   ;353.5000;65535.0000;312.5000;-41.0000;0.0000;0.0000;0.0000;
406;   ;   ;   ;355.0000;65535.0000;319.0000;-36.0000;0.0000;0.0000;0.0000;
407;   ;   ;   ;361.0000;65535.0000;317.0000;-44.0000;0.0000;0.0000;0.0000;
408;   ;   ;   ;363.0000;65535.0000;325.0000;-38.0000;0.0000;0.0000;0.0000;
409;   ;   ;   ;349.5000;65535.0000;312.0000;-37.5000;0.0000;0.0000;0.0000;
410;   ;   ;   ;347.5000;65535.0000;319.0000;-28.5000;0.0000;0.0000;0.0000;
411;   ;   ;   ;348.5000;65535.0000;312.5000;-36.0000;0.0000;0.0000;0.0000;
412;   ;   ;   ;347.5000;65535.0000;312.5000;-35.0000;0.0000;0.0000;0.0000;
413;   ;   ;   ;356.0000;65535.0000;327.5000;-28.5000;0.0000;0.0000;0.0000;
414;   ;   ;   ;355.5000;65535.0000;314.5000;-41.0000;0.0000;0.0000;0.0000;
415;   ;   ;   ;354.0000;65535.0000;325.5000;-28.5000;0.0000;0.0000;0.0000;
416;   ;   ;   ;352.0000;65535.0000;311.0000;-41.0000;0.0000;0.0000;0.0000;
417;   ;   ;   ;357.0000;65535.0000;310.0000;-47.0000;0.0000;0.0000;0.0000;
418;   ;   ;   ;360.0000;65535.0000;320.5000;-39.5000;0.0000;0.0000;0.0000;
419;   ;   ;   ;351.5000;65535.0000;314.0000;-37.5000;0.0000;0.0000;0.0000;
420;   ;   ;   ;359.0000;65535.0000;321.0000;-38.0000;0.0000;0.0000;0.0000;
421;   ;   ;   ;363.0000;65535.0000;321.0000;-42.0000;0.0000;0.0000;0.0000;
422;   ;   ;   ;351.5000;65535.0000;317.0000;-34.5000;0.0000;0.0000;0.0000;
423;   ;   ;   ;355.0000;65535.0000;322.5000;-32.5000;0.0000;0.0000;0.0000;
424;   ;   ;   ;354.0000;65535.0000;321.0000;-33.0000;0.0000;0.0000;0.0000;
425;   ;   ;   ;366.5000;65535.0000;331.0000;-35.5000;0.0000;0.0000;0.0000;
426;   ;   ;   ;354.5000;65535.0000;317.0000;-37.5000;0.0000;0.0000;0.0000;
427;   ;   ;   ;360.0000;65535.0000;322.5000;-37.5000;0.0000;0.0000;0.0000;
428;   ;   ;   ;352.0000;65535.0000;317.5000;-34.5000;0.0000;0.0000;0.0000;
429;   ;   ;   ;355.5000;65535.0000;321.5000;-34.0000;0.0000;0.0000;0.0000;
430;   ;   ;   ;366.5000;65535.0000;319.5000;-47.0000;0.0000;0.0000;0.0000;
431;   ;   ;   ;355.5000;65535.0000;322.5000;-33.0000;0.0000;0.0000;0.0000;
432;   ;   ;   ;359.0000;65535.0000;322.5000;-36.5000;0.0000;0.0000;0.0000;
433;   ;   ;   ;353.0000;65535.0000;313.5000;-39.5000;0.0000;0.0000;0.0000;
434;   ;   ;   ;352.0000;65535.0000;321.0000;-31.0000;0.0000;0.0000;0.0000;
435;   ;   ;   ;355.5000;65535.0000;323.5000;-32.0000;0.0000;0.0000;0.0000;
436;   ;   ;   ;349.5000;65535.0000;312.5000;-37.0000;0.0000;0.0000;0.0000;
437;   ;   ;   ;353.0000;65535.0000;317.5000;-35.5000;0.0000;0.0000;0.0000;
438;   ;   ;   ;359.5000;65535.0000;324.0000;-35.5000;0.0000;0.0000;0.0000;
439;   ;   ;   ;350.0000;65535.0000;324.5000;-25.5000;0.0000;0.0000;0.0000;
440;   ;   ;   ;351.0000;65535.0000;310.0000;-41.0000;0.0000;0.0000;0.0000;
441;   ;   ;   ;354.5000;65535.0000;323.0000;-31.5000;0.0000;0.0000;0.0000;
442;   ;   ;   ;356.0000;65535.0000;325.0000;-31.0000;0.0000;0.0000;0.0000;
443;   ;   ;   ;352.5000;65535.0000;316.5000;-36.0000;0.0000;0.0000;0.0000;
444;   ;   ;   ;357.0000;65535.0000;331.0000;-26.0000;0.0000;0.0000;0.0000;
445;   ;   ;   ;344.5000;65535.0000;321.0000;-23.5000;0.0000;0.0000;0.0000;
446;   ;   ;   ;355.5000;65535.0000;324.0000;-31.5000;0.0000;0.0000;0.0000;
447;   ;   ;   ;356.0000;65535.0000;320.0000;-36.0000;0.0000;0.0000;0.0000;
448;   ;   ;   ;356.0000;65535.0000;326.0000;-30.0000;0.0000;0.0000;0.0000;
449;   ;   ;   ;354.0000;65535.0000;324.5000;-29.5000;0.0000;0.0000;0.0000;
450;   ;   ;   ;363.0000;65535.0000;322.5000;-40.5000;0.0000;0.0000;0.0000;
451;   ;   ;   ;353.5000;65535.0000;332.0000;-21.5000;0.0000;0.0000;0.0000;
452;   ;   ;   ;351.0000;65535.0000;316.5000;-34.5000;0.0000;0.0000;0.0000;
453;   ;   ;   ;356.0000;65535.0000;324.5000;-31.5000;0.0000;0.0000;0.0000;
454;   ;   ;   ;349.0000;65535.0000;330.5000;-18.5000;0.0000;0.0000;0.0000;
455;   ;   ;   ;354.0000;65535.0000;322.5000;-31.5000;0.0000;0.0000;0.0000;
456;   ;   ;   ;371.5000;65535.0000;329.0000;-42.5000;0.0000;0.0000;0.0000;
457;   ;   ;   ;355.0000;65535.0000;327.0000;-28.0000;0.0000;0.0000;0.0000;
458;   ;   ;   ;356.0000;65535.0000;323.0000;-33.0000;0.0000;0.0000;0.0000;
459;   ;   ;   ;357.0000;65535.0000;334.0000;-23.0000;0.0000;0.0000;0.0000;
460;   ;   ;   ;355.0000;65535.0000;331.0000;-24.0000;0.0000;0.0000;0.0000;
461;   ;   ;   ;349.5000;65535.0000;328.5000;-21.0000;0.0000;0.0000;0.0000;
462;   ;   ;   ;358.5000;65535.0000;327.5000;-31.0000;0.0000;0.0000;0.0000;
463;   ;   ;   ;354.5000;65535.0000;330.5000;-24.0000;0.0000;0.0000;0.0000;
464;   ;   ;   ;358.5000;65535.0000;326.0000;-32.5000;0.0000;0.0000;0.0000;
465;   ;   ;   ;353.5000;65535.0000;326.5000;-27.0000;0.0000;0.0000;0.0000;
466;   ;   ;   ;359.0000;65535.0000;335.5000;-23.5000;0.0000;0.0000;0.0000;
467;   ;   ;   ;355.5000;65535.0000;333.0000;-22.5000;0.0000;0.0000;0.0000;
468;   ;   ;   ;356.5000;65535.0000;335.5000;-21.0000;0.0000;0.0000;0.0000;
469;   ;   ;   ;347.0000;65535.0000;338.5000;-8.5000;0.0000;0.0000;0.0000;
470;   ;   ;   ;354.0000;65535.0000;336.5000;-17.5000;0.0000;0.0000;0.0000;
471;   ;   ;   ;351.5000;65535.0000;334.5000;-17.0000;0.0000;0.0000;0.0000;
472;   ;   ;   ;348.0000;65535.0000;323.0000;-25.0000;0.0000;0.0000;0.0000;
473;   ;   ;   ;360.0000;65535.0000;339.0000;-21.0000;0.0000;0.0000;0.0000;
474;   ;   ;   ;356.0000;65535.0000;334.0000;-22.0000;0.0000;0.0000;0.0000;
475;   ;   ;   ;352.0000;65535.0000;334.5000;-17.5000;0.0000;0.0000;0.0000;
476;   ;   ;   ;344.0000;65535.0000;338.5000;-5.5000;0.0000;0.0000;0.0000;
477;   ;   ;   ;355.0000;65535.0000;348.0000;-7.0000;0.0000;0.0000;0.0000;
478;   ;   ;   ;355.5000;65535.0000;347.0000;-8.5000;0.0000;0.0000;0.0000;
479;   ;   ;   ;356.5000;65535.0000;343.0000;-13.5000;0.0000;0.0000;0.0000;
480;   ;   ;   ;356.5000;65535.0000;354.5000;-2.0000;0.0000;0.0000;0.0000;
481;   ;   ;   ;357.5000;65535.0000;355.0000;-2.5000;0.0000;0.0000;0.0000;
482;   ;   ;   ;352.0000;65535.0000;356.0000;4.0000;0.0000;0.0000;0.0000;
483;   ;   ;   ;357.5000;65535.0000;371.0000;13.5000;0.0000;0.0000;0.0000;
484;   ;   ;   ;348.5000;65535.0000;368.0000;19.5000;0.0000;0.0000;0.0000;
485;   ;   ;   ;363.5000;65535.0000;366.0000;2.5000;0.0000;0.0000;0.0000;
486;   ;   ;   ;346.5000;65535.0000;346.0000;-0.5000;0.0000;0.0000;0.0000;
487;   ;   ;   ;346.0000;65535.0000;346.0000;0.0000;0.0000;0.0000;0.0000;
488;   ;   ;   ;351.0000;65535.0000;340.0000;-11.0000;0.0000;0.0000;0.0000;
489;   ;   ;   ;359.5000;65535.0000;351.5000;-8.0000;0.0000;0.0000;0.0000;
490;   ;   ;   ;360.0000;65535.0000;353.0000;-7.0000;0.0000;0.0000;0.0000;
491;   ;   ;   ;358.0000;65535.0000;355.0000;-3.0000;0.0000;0.0000;0.0000;
492;   ;   ;   ;353.5000;65535.0000;356.0000;2.5000;0.0000;0.0000;0.0000;
493;   ;   ;   ;352.5000;65535.0000;359.0000;6.5000;0.0000;0.0000;0.0000;
494;   ;   ;   ;355.0000;65535.0000;365.0000;10.0000;0.0000;0.0000;0.0000;
495;   ;   ;   ;356.0000;65535.0000;371.5000;15.5000;0.0000;0.0000;0.0000;
496;   ;   ;   ;350.5000;65535.0000;362.0000;11.5000;0.0000;0.0000;0.0000;
497;   ;   ;   ;353.0000;65535.0000;365.5000;12.5000;0.0000;0.0000;0.0000;
498;   ;   ;   ;351.5000;65535.0000;370.5000;19.0000;0.0000;0.0000;0.0000;
499;   ;   ;   ;345.5000;65535.0000;371.0000;25.5000;0.0000;0.0000;0.0000;
500;   ;   ;   ;352.5000;65535.0000;373.0000;20.5000;0.0000;0.0000;0.0000;
501;   ;   ;   ;349.0000;65535.0000;375.5000;26.5000;0.0000;0.0000;0.0000;
502;   ;   ;   ;350.0000;65535.0000;373.5000;23.5000;0.0000;0.0000;0.0000;
503;   ;   ;   ;358.0000;65535.0000;377.5000;19.5000;0.0000;0.0000;0.0000;
504;   ;   ;   ;357.0000;65535.0000;388.0000;31.0000;0.0000;0.0000;0.0000;
505;   ;   ;   ;346.5000;65535.0000;384.5000;38.0000;0.0000;0.0000;0.0000;
506;   ;   ;   ;347.5000;65535.0000;380.0000;32.5000;0.0000;0.0000;0.0000;
507;   ;   ;   ;348.5000;65535.0000;397.0000;48.5000;0.0000;0.0000;0.0000;
508;   ;   ;   ;353.5000;65535.0000;389.0000;35.5000;0.0000;0.0000;0.0000;
509;   ;   ;   ;354.0000;65535.0000;396.5000;42.5000;0.0000;0.0000;0.0000;
510;   ;   ;   ;357.0000;65535.0000;393.0000;36.0000;0.0000;0.0000;0.0000;
511;   ;   ;   ;355.5000;65535.0000;401.5000;46.0000;0.0000;0.0000;0.0000;
512;   ;   ;   ;352.5000;65535.0000;404.0000;51.5000;0.0000;0.0000;0.0000;
513;   ;   ;   ;346.5000;65535.0000;401.5000;55.0000;0.0000;0.0000;0.0000;
514;   ;   ;   ;343.0000;65535.0000;408.0000;65.0000;0.0000;0.0000;0.0000;
515;   ;   ;   ;352.5000;65535.0000;395.0000;42.5000;0.0000;0.0000;0.0000;
516;   ;   ;   ;346.5000;65535.0000;418.5000;72.0000;0.0000;0.0000;0.0000;
517;   ;   ;   ;345.0000;65535.0000;403.0000;58.0000;0.0000;0.0000;0.0000;
518;791.08;12641.03;97.83;359.0000;65535.0000;421.5000;62.5000;0.0000;0.0000;0.0000;
519;791.26;12638.07;100.79;358.0000;65535.0000;412.0000;54.0000;0.0000;0.0000;0.0000;
520;791.45;12635.11;103.74;354.5000;65535.0000;423.5000;69.0000;0.0000;0.0000;0.0000;
521;791.63;12632.16;106.70;351.5000;65535.0000;430.0000;78.5000;0.0000;0.0000;0.0000;
522;791.82;12629.20;109.65;346.5000;65535.0000;440.0000;93.5000;0.0000;0.0000;0.0000;
523;792.00;12626.25;112.60;349.0000;65535.0000;429.0000;80.0000;0.0000;0.0000;0.0000;
524;792.19;12623.30;115.56;362.0000;65535.0000;447.5000;85.5000;0.0000;0.0000;0.0000;
525;792.37;12620.35;118.50;351.5000;65535.0000;441.0000;89.5000;0.0000;0.0000;0.0000;
526;792.56;12617.40;121.45;347.5000;65535.0000;453.0000;105.5000;0.0000;0.0000;0.0000;
527;792.74;12614.45;124.40;361.5000;65535.0000;446.0000;84.5000;0.0000;0.0000;0.0000;
528;792.93;12611.51;127.34;353.5000;65535.0000;468.0000;114.5000;0.0000;0.0000;0.0000;
529;793.11;12608.57;130.29;337.0000;65535.0000;463.0000;126.0000;0.0000;0.0000;0.0000;
530;793.30;12605.62;133.23;352.0000;65535.0000;485.5000;133.5000;0.0000;0.0000;0.0000;
531;793.48;12602.68;136.17;347.5000;65535.0000;521.5000;174.0000;0.0000;0.0000;0.0000;
532;793.67;12599.74;139.11;346.0000;65535.0000;556.0000;210.0000;0.0000;0.0000;0.0000;
533;793.85;12596.81;142.05;357.5000;65535.0000;627.0000;269.5000;0.0000;0.0000;0.0000;
534;794.04;12593.87;144.98;354.5000;65535.0000;707.5000;353.0000;0.0000;0.0000;0.0000;
535;794.22;12590.94;147.92;351.0000;65535.0000;825.0000;474.0000;0.0000;0.0000;0.0000;
536;794.41;12588.00;150.85;354.5000;65535.0000;1009.0000;654.5000;0.0000;0.0000;0.0000;
537;794.59;12585.07;153.78;352.5000;65535.0000;1245.5000;893.0000;0.0000;0.0000;0.0000;
538;794.78;12582.14;156.71;339.5000;65535.0000;1503.0000;1163.5000;0.0000;0.0000;0.0000;
539;794.96;12579.21;159.64;355.5000;65535.0000;1796.0000;1440.5000;0.0000;0.0000;0.0000;
540;795.15;12576.28;162.57;357.0000;65535.0000;2133.5000;1776.5000;0.0000;0.0000;0.0000;
541;795.33;12573.36;165.50;347.5000;65535.0000;2356.5000;2009.0000;0.0000;0.0000;0.0000;
542;795.52;12570.43;168.42;352.5000;65535.0000;2563.5000;2211.0000;0.0000;0.0000;0.0000;
543;795.70;12567.51;171.34;359.0000;65535.0000;2733.0000;2374.0000;0.0000;0.0000;0.0000;
544;795.89;12564.59;174.26;350.0000;65535.0000;2842.5000;2492.5000;0.0000;0.0000;0.0000;
545;796.07;12561.67;177.18;360.5000;65535.0000;2926.0000;2565.5000;0.0000;0.0000;0.0000;
546;796.26;12558.75;180.10;364.5000;65535.0000;2967.5000;2603.0000;0.0000;0.0000;0.0000;
547;796.44;12555.83;183.02;355.5000;65535.0000;3031.5000;2676.0000;0.0000;0.0000;0.0000;
548;796.63;12552.92;185.94;350.5000;65535.0000;3051.0000;2700.5000;0.0000;0.0000;0.0000;
549;796.81;12550.00;188.85;350.0000;65535.0000;3131.0000;2781.0000;0.0000;0.0000;0.0000;
550;797.00;12547.09;191.76;356.0000;65535.0000;3148.5000;2792.5000;0.0000;0.0000;0.0000;
551;797.18;12544.18;194.68;362.0000;65535.0000;3195.5000;2833.5000;0.0000;0.0000;0.0000;
552;797.37;12541.27;197.59;351.5000;65535.0000;3256.5000;2905.0000;0.0000;0.0000;0.0000;
553;797.55;12538.36;200.49;354.5000;65535.0000;3330.5000;2976.0000;0.0000;0.0000;0.0000;
554;797.74;12535.45;203.40;354.5000;65535.0000;3354.0000;2999.5000;0.0000;0.0000;0.0000;
555;797.92;12532.55;206.31;355.5000;65535.0000;3388.0000;3032.5000;0.0000;0.0000;0.0000;
556;798.11;12529.64;209.21;359.5000;65535.0000;3398.0000;3038.5000;0.0000;0.0000;0.0000;
557;798.29;12526.74;212.11;356.0000;65535.0000;3440.0000;3084.0000;0.0000;0.0000;0.0000;
558;798.48;12523.84;215.02;357.0000;65535.0000;3410.5000;3053.5000;0.0000;0.0000;0.0000;
559;798.66;12520.94;217.92;349.5000;65535.0000;3446.5000;3097.0000;0.0000;0.0000;0.0000;
560;798.85;12518.04;220.81;349.0000;65535.0000;3443.0000;3094.0000;0.0000;0.0000;0.0000;
561;799.03;12515.14;223.71;366.0000;65535.0000;3432.0000;3066.0000;0.0000;0.0000;0.0000;
562;799.22;12512.25;226.61;354.0000;65535.0000;3428.0000;3074.0000;0.0000;0.0000;0.0000;
563;799.40;12509.35;229.50;356.0000;65535.0000;3370.0000;3014.0000;0.0000;0.0000;0.0000;
564;799.59;12506.46;232.39;356.5000;65535.0000;3358.5000;3002.0000;0.0000;0.0000;0.0000;
565;799.77;12503.57;235.28;350.5000;65535.0000;3265.0000;2914.5000;0.0000;0.0000;0.0000;
566;799.96;12500.68;238.17;350.0000;65535.0000;3238.0000;2888.0000;0.0000;0.0000;0.0000;
567;800.14;12497.79;241.06;359.5000;65535.0000;3167.0000;2807.5000;0.0000;0.0000;0.0000;
568;800.33;12494.90;243.95;352.5000;65535.0000;3086.0000;2733.5000;0.0000;0.0000;0.0000;
569;800.51;12492.02;246.84;365.5000;65535.0000;3096.0000;2730.5000;0.0000;0.0000;0.0000;
570;800.70;12489.13;249.72;351.5000;65535.0000;3022.0000;2670.5000;0.0000;0.0000;0.0000;
571;800.88;12486.25;252.60;351.5000;65535.0000;2997.5000;2646.0000;0.0000;0.0000;0.0000;
572;801.07;12483.37;255.48;352.0000;65535.0000;2941.0000;2589.0000;0.0000;0.0000;0.0000;
573;801.25;12480.49;258.36;357.0000;65535.0000;2947.0000;2590.0000;0.0000;0.0000;0.0000;
574;801.44;12477.61;261.24;357.0000;65535.0000;2914.5000;2557.5000;0.0000;0.0000;0.0000;
575;801.62;12474.73;264.12;358.5000;65535.0000;2883.0000;2524.5000;0.0000;0.0000;0.0000;
576;801.81;12471.86;267.00;363.5000;65535.0000;2881.0000;2517.5000;0.0000;0.0000;0.0000;
577;801.99;12468.98;269.87;352.5000;65535.0000;2862.5000;2510.0000;0.0000;0.0000;0.0000;
578;802.17;12466.11;272.74;349.5000;65535.0000;2815.0000;2465.5000;0.0000;0.0000;0.0000;
579;802.36;12463.24;275.61;357.5000;65535.0000;2860.0000;2502.5000;0.0000;0.0000;0.0000;
580;802.54;12460.37;278.48;359.0000;65535.0000;2842.5000;2483.5000;0.0000;0.0000;0.0000;
581;802.73;12457.50;281.35;355.5000;65535.0000;2798.5000;2443.0000;0.0000;0.0000;0.0000;
582;802.91;12454.63;284.22;350.5000;65535.0000;2815.5000;2465.0000;0.0000;0.0000;0.0000;
583;803.10;12451.77;287.09;354.5000;65535.0000;2832.0000;2477.5000;0.0000;0.0000;0.0000;
584;803.28;12448.90;289.95;353.5000;65535.0000;2790.5000;2437.0000;0.0000;0.0000;0.0000;
585;803.47;12446.04;292.81;365.5000;65535.0000;2774.5000;2409.0000;0.0000;0.0000;0.0000;
586;803.65;12443.18;295.67;356.0000;65535.0000;2800.0000;2444.0000;0.0000;0.0000;0.0000;
587;803.84;12440.32;298.54;363.0000;65535.0000;2809.5000;2446.5000;0.0000;0.0000;0.0000;
588;804.02;12437.46;301.39;354.5000;65535.0000;2820.5000;2466.0000;0.0000;0.0000;0.0000;
589;804.21;12434.60;304.25;355.5000;65535.0000;2773.5000;2418.0000;0.0000;0.0000;0.0000;
590;804.39;12431.75;307.11;355.0000;65535.0000;2770.0000;2415.0000;0.0000;0.0000;0.0000;
591;804.58;12428.89;309.96;363.0000;65535.0000;2783.0000;2420.0000;0.0000;0.0000;0.0000;
592;804.76;12426.04;312.81;353.5000;65535.0000;2775.0000;2421.5000;0.0000;0.0000;0.0000;
593;804.95;12423.19;315.67;361.5000;65535.0000;2795.5000;2434.0000;0.0000;0.0000;0.0000;
594;805.13;12420.34;318.52;355.5000;65535.0000;2766.0000;2410.5000;0.0000;0.0000;0.0000;
595;805.32;12417.49;321.37;347.5000;65535.0000;2771.5000;2424.0000;0.0000;0.0000;0.0000;
596;805.50;12414.64;324.21;348.5000;65535.0000;2729.5000;2381.0000;0.0000;0.0000;0.0000;
597;805.69;12411.79;327.06;350.5000;65535.0000;2737.0000;2386.5000;0.0000;0.0000;0.0000;
598;805.87;12408.95;329.90;360.5000;65535.0000;2724.5000;2364.0000;0.0000;0.0000;0.0000;
599;806.05;12406.11;332.75;359.5000;65535.0000;2701.0000;2341.5000;0.0000;0.0000;0.0000;
600;806.24;12403.26;335.59;351.5000;65535.0000;2703.0000;2351.5000;0.0000;0.0000;0.0000;
601;806.42;12400.42;338.43;342.0000;65535.0000;2712.0000;2370.0000;0.0000;0.0000;0.0000;
602;806.61;12397.58;341.27;354.0000;65535.0000;2722.5000;2368.5000;0.0000;0.0000;0.0000;
603;806.79;12394.75;344.11;354.5000;65535.0000;2707.5000;2353.0000;0.0000;0.0000;0.0000;
604;806.98;12391.91;346.94;371.5000;65535.0000;2691.0000;2319.5000;0.0000;0.0000;0.0000;
605;807.16;12389.08;349.78;359.5000;65535.0000;2678.5000;2319.0000;0.0000;0.0000;0.0000;
606;807.35;12386.24;352.61;361.5000;65535.0000;2651.0000;2289.5000;0.0000;0.0000;0.0000;
607;807.53;12383.41;355.44;350.0000;65535.0000;2697.0000;2347.0000;0.0000;0.0000;0.0000;
608;807.72;12380.58;358.28;352.0000;65535.0000;2663.0000;2311.0000;0.0000;0.0000;0.0000;
609;807.90;12377.75;361.10;350.5000;65535.0000;2672.0000;2321.5000;0.0000;0.0000;0.0000;
610;808.09;12374.92;363.93;355.5000;65535.0000;2667.0000;2311.5000;0.0000;0.0000;0.0000;
611;808.27;12372.09;366.76;355.0000;65535.0000;2692.5000;2337.5000;0.0000;0.0000;0.0000;
612;808.46;12369.27;369.58;355.5000;65535.0000;2669.0000;2313.5000;0.0000;0.0000;0.0000;
613;808.64;12366.45;372.41;350.0000;65535.0000;2691.5000;2341.5000;0.0000;0.0000;0.0000;
614;808.82;12363.62;375.23;347.0000;65535.0000;2683.0000;2336.0000;0.0000;0.0000;0.0000;
615;809.01;12360.80;378.05;350.5000;65535.0000;2676.0000;2325.5000;0.0000;0.0000;0.0000;
616;809.19;12357.98;380.87;372.5000;65535.0000;2665.0000;2292.5000;0.0000;0.0000;0.0000;
617;809.38;12355.16;383.69;355.0000;65535.0000;2690.0000;2335.0000;0.0000;0.0000;0.0000;
618;809.56;12352.35;386.51;353.0000;65535.0000;2687.5000;2334.5000;0.0000;0.0000;0.0000;
619;809.75;12349.53;389.32;367.5000;65535.0000;2672.5000;2305.0000;0.0000;0.0000;0.0000;
620;809.93;12346.72;392.14;358.5000;65535.0000;2690.5000;2332.0000;0.0000;0.0000;0.0000;
621;810.12;12343.90;394.95;356.0000;65535.0000;2679.0000;2323.0000;0.0000;0.0000;0.0000;
622;810.30;12341.09;397.76;363.0000;65535.0000;2668.5000;2305.5000;0.0000;0.0000;0.0000;
623;810.49;12338.28;400.57;355.5000;65535.0000;2657.0000;2301.5000;0.0000;0.0000;0.0000;
624;810.67;12335.47;403.38;354.0000;65535.0000;2648.0000;2294.0000;0.0000;0.0000;0.0000;
625;810.85;12332.67;406.19;347.0000;65535.0000;2674.0000;2327.0000;0.0000;0.0000;0.0000;
626;811.04;12329.86;408.99;351.5000;65535.0000;2684.5000;2333.0000;0.0000;0.0000;0.0000;
627;811.22;12327.05;411.80;360.0000;65535.0000;2681.5000;2321.5000;0.0000;0.0000;0.0000;
628;811.41;12324.25;414.60;358.5000;65535.0000;2666.5000;2308.0000;0.0000;0.0000;0.0000;
629;811.59;12321.45;417.40;353.5000;65535.0000;2628.5000;2275.0000;0.0000;0.0000;0.0000;
630;811.78;12318.65;420.20;351.5000;65535.0000;2613.0000;2261.5000;0.0000;0.0000;0.0000;
631;811.96;12315.85;423.00;350.0000;65535.0000;2622.0000;2272.0000;0.0000;0.0000;0.0000;
632;812.15;12313.05;425.80;351.5000;65535.0000;2653.0000;2301.5000;0.0000;0.0000;0.0000;
633;812.33;12310.26;428.60;351.0000;65535.0000;2641.0000;2290.0000;0.0000;0.0000;0.0000;
634;812.52;12307.46;431.39;351.0000;65535.0000;2631.0000;2280.0000;0.0000;0.0000;0.0000;
635;812.70;12304.67;434.19;357.0000;65535.0000;2652.0000;2295.0000;0.0000;0.0000;0.0000;
636;812.88;12301.87;436.98;367.0000;65535.0000;2648.0000;2281.0000;0.0000;0.0000;0.0000;
637;813.07;12299.08;439.77;354.5000;65535.0000;2622.0000;2267.5000;0.0000;0.0000;0.0000;
638;813.25;12296.29;442.56;350.5000;65535.0000;2648.5000;2298.0000;0.0000;0.0000;0.0000;
639;813.44;12293.50;445.35;354.0000;65535.0000;2603.5000;2249.5000;0.0000;0.0000;0.0000;
640;813.62;12290.72;448.14;355.0000;65535.0000;2638.0000;2283.0000;0.0000;0.0000;0.0000;
641;813.81;12287.93;450.92;354.5000;65535.0000;2640.0000;2285.5000;0.0000;0.0000;0.0000;
642;813.99;12285.15;453.71;358.0000;65535.0000;2612.0000;2254.0000;0.0000;0.0000;0.0000;
643;814.18;12282.37;456.49;352.5000;65535.0000;2629.0000;2276.5000;0.0000;0.0000;0.0000;
644;814.36;12279.58;459.27;352.5000;65535.0000;2622.0000;2269.5000;0.0000;0.0000;0.0000;
645;814.54;12276.80;462.05;357.0000;65535.0000;2647.0000;2290.0000;0.0000;0.0000;0.0000;
646;814.73;12274.02;464.83;361.0000;65535.0000;2637.0000;2276.0000;0.0000;0.0000;0.0000;
647;814.91;12271.25;467.61;347.5000;65535.0000;2662.0000;2314.5000;0.0000;0.0000;0.0000;
648;815.10;12268.47;470.38;342.5000;65535.0000;2638.5000;2296.0000;0.0000;0.0000;0.0000;
649;815.28;12265.70;473.16;346.5000;65535.0000;2639.0000;2292.5000;0.0000;0.0000;0.0000;
650;815.47;12262.92;475.93;350.5000;65535.0000;2679.5000;2329.0000;0.0000;0.0000;0.0000;
651;815.65;12260.15;478.70;346.0000;65535.0000;2650.0000;2304.0000;0.0000;0.0000;0.0000;
652;815.84;12257.38;481.47;361.0000;65535.0000;2691.0000;2330.0000;0.0000;0.0000;0.0000;
653;816.02;12254.61;484.24;351.0000;65535.0000;2630.0000;2279.0000;0.0000;0.0000;0.0000;
654;816.20;12251.84;487.01;352.0000;65535.0000;2652.5000;2300.5000;0.0000;0.0000;0.0000;
655;816.39;12249.08;489.78;351.5000;65535.0000;2625.0000;2273.5000;0.0000;0.0000;0.0000;
656;816.57;12246.31;492.54;352.0000;65535.0000;2656.5000;2304.5000;0.0000;0.0000;0.0000;
657;816.76;12243.55;495.31;354.5000;65535.0000;2624.5000;2270.0000;0.0000;0.0000;0.0000;
658;816.94;12240.78;498.07;356.0000;65535.0000;2643.5000;2287.5000;0.0000;0.0000;0.0000;
659;817.13;12238.02;500.83;361.5000;65535.0000;2619.5000;2258.0000;0.0000;0.0000;0.0000;
660;817.31;12235.26;503.59;349.0000;65535.0000;2663.0000;2314.0000;0.0000;0.0000;0.0000;
661;817.49;12232.50;506.35;345.5000;65535.0000;2632.5000;2287.0000;0.0000;0.0000;0.0000;
662;817.68;12229.75;509.11;354.5000;65535.0000;2628.0000;2273.5000;0.0000;0.0000;0.0000;
663;817.86;12226.99;511.86;361.5000;65535.0000;2627.0000;2265.5000;0.0000;0.0000;0.0000;
664;818.05;12224.23;514.62;361.0000;65535.0000;2615.0000;2254.0000;0.0000;0.0000;0.0000;
665;818.23;12221.48;517.37;354.5000;65535.0000;2641.0000;2286.5000;0.0000;0.0000;0.0000;
666;818.42;12218.73;520.12;343.0000;65535.0000;2634.5000;2291.5000;0.0000;0.0000;0.0000;
667;818.60;12215.98;522.88;347.0000;65535.0000;2622.0000;2275.0000;0.0000;0.0000;0.0000;
668;818.78;12213.23;525.62;346.0000;65535.0000;2645.5000;2299.5000;0.0000;0.0000;0.0000;
669;818.97;12210.48;528.37;356.0000;65535.0000;2618.5000;2262.5000;0.0000;0.0000;0.0000;
670;819.15;12207.73;531.12;350.0000;65535.0000;2611.0000;2261.0000;0.0000;0.0000;0.0000;
671;819.34;12204.99;533.86;357.5000;65535.0000;2608.5000;2251.0000;0.0000;0.0000;0.0000;
672;819.52;12202.24;536.61;350.5000;65535.0000;2582.0000;2231.5000;0.0000;0.0000;0.0000;
673;819.71;12199.50;539.35;345.0000;65535.0000;2608.0000;2263.0000;0.0000;0.0000;0.0000;
674;819.89;12196.76;542.09;358.0000;65535.0000;2601.0000;2243.0000;0.0000;0.0000;0.0000;
675;820.07;12194.02;544.83;352.5000;65535.0000;2632.5000;2280.0000;0.0000;0.0000;0.0000;
676;820.26;12191.28;547.57;352.0000;65535.0000;2566.5000;2214.5000;0.0000;0.0000;0.0000;
677;820.44;12188.54;550.31;356.5000;65535.0000;2567.0000;2210.5000;0.0000;0.0000;0.0000;
678;820.63;12185.81;553.05;353.5000;65535.0000;2520.5000;2167.0000;0.0000;0.0000;0.0000;
679;820.81;12183.07;555.78;351.5000;65535.0000;2624.0000;2272.5000;0.0000;0.0000;0.0000;
680;821.00;12180.34;558.51;353.5000;65535.0000;2548.0000;2194.5000;0.0000;0.0000;0.0000;
681;821.18;12177.61;561.25;352.5000;65535.0000;2568.0000;2215.5000;0.0000;0.0000;0.0000;
682;821.36;12174.88;563.98;355.0000;65535.0000;2590.0000;2235.0000;0.0000;0.0000;0.0000;
683;821.55;12172.15;566.71;346.0000;65535.0000;2592.0000;2246.0000;0.0000;0.0000;0.0000;
684;821.73;12169.42;569.44;352.0000;65535.0000;2559.5000;2207.5000;0.0000;0.0000;0.0000;
685;821.92;12166.69;572.16;352.0000;65535.0000;2563.5000;2211.5000;0.0000;0.0000;0.0000;
686;822.10;12163.97;574.89;353.0000;65535.0000;2580.0000;2227.0000;0.0000;0.0000;0.0000;
687;822.28;12161.24;577.61;352.5000;65535.0000;2559.5000;2207.0000;0.0000;0.0000;0.0000;
688;822.47;12158.52;580.34;359.0000;65535.0000;2554.0000;2195.0000;0.0000;0.0000;0.0000;
689;822.65;12155.80;583.06;360.0000;65535.0000;2591.5000;2231.5000;0.0000;0.0000;0.0000;
690;822.84;12153.08;585.78;351.5000;65535.0000;2589.5000;2238.0000;0.0000;0.0000;0.0000;
691;823.02;12150.36;588.50;351.0000;65535.0000;2583.5000;2232.5000;0.0000;0.0000;0.0000;
692;823.21;12147.64;591.21;349.5000;65535.0000;2584.5000;2235.0000;0.0000;0.0000;0.0000;
693;823.39;12144.92;593.93;353.0000;65535.0000;2595.5000;2242.5000;0.0000;0.0000;0.0000;
694;823.57;12142.21;596.65;356.5000;65535.0000;2574.0000;2217.5000;0.0000;0.0000;0.0000;
695;823.76;12139.49;599.36;365.0000;65535.0000;2575.0000;2210.0000;0.0000;0.0000;0.0000;
696;823.94;12136.78;602.07;346.5000;65535.0000;2557.5000;2211.0000;0.0000;0.0000;0.0000;
697;824.13;12134.07;604.78;349.0000;65535.0000;2595.5000;2246.5000;0.0000;0.0000;0.0000;
698;824.31;12131.36;607.49;351.5000;65535.0000;2598.0000;2246.5000;0.0000;0.0000;0.0000;
699;824.49;12128.65;610.20;350.0000;65535.0000;2564.5000;2214.5000;0.0000;0.0000;0.0000;
700;824.68;12125.94;612.91;352.0000;65535.0000;2560.0000;2208.0000;0.0000;0.0000;0.0000;
701;824.86;12123.24;615.62;356.0000;65535.0000;2562.0000;2206.0000;0.0000;0.0000;0.0000;
702;825.05;12120.53;618.32;350.0000;65535.0000;2542.5000;2192.5000;0.0000;0.0000;0.0000;
703;825.23;12117.83;621.02;356.0000;65535.0000;2562.5000;2206.5000;0.0000;0.0000;0.0000;
704;825.41;12115.13;623.73;357.5000;65535.0000;2579.5000;2222.0000;0.0000;0.0000;0.0000;
705;825.60;12112.43;626.43;354.0000;65535.0000;2539.0000;2185.0000;0.0000;0.0000;0.0000;
706;825.78;12109.73;629.13;358.5000;65535.0000;2558.5000;2200.0000;0.0000;0.0000;0.0000;
707;825.97;12107.03;631.83;349.0000;65535.0000;2525.5000;2176.5000;0.0000;0.0000;0.0000;
708;826.15;12104.33;634.52;347.0000;65535.0000;2533.5000;2186.5000;0.0000;0.0000;0.0000;
709;826.33;12101.64;637.22;352.5000;65535.0000;2516.5000;2164.0000;0.0000;0.0000;0.0000;
710;826.52;12098.94;639.91;354.0000;65535.0000;2531.0000;2177.0000;0.0000;0.0000;0.0000;
711;826.70;12096.25;642.61;350.0000;65535.0000;2576.0000;2226.0000;0.0000;0.0000;0.0000;
712;826.89;12093.56;645.30;366.0000;65535.0000;2553.5000;2187.5000;0.0000;0.0000;0.0000;
713;827.07;12090.87;647.99;352.5000;65535.0000;2532.0000;2179.5000;0.0000;0.0000;0.0000;
714;827.25;12088.18;650.68;354.5000;65535.0000;2527.0000;2172.5000;0.0000;0.0000;0.0000;
715;827.44;12085.49;653.37;356.5000;65535.0000;2541.5000;2185.0000;0.0000;0.0000;0.0000;
716;827.62;12082.80;656.05;351.0000;65535.0000;2549.5000;2198.5000;0.0000;0.0000;0.0000;
717;827.81;12080.12;658.74;357.0000;65535.0000;2506.0000;2149.0000;0.0000;0.0000;0.0000;
718;827.99;12077.43;661.42;360.5000;65535.0000;2525.5000;2165.0000;0.0000;0.0000;0.0000;
719;828.17;12074.75;664.10;350.5000;65535.0000;2542.0000;2191.5000;0.0000;0.0000;0.0000;
720;828.36;12072.07;666.79;352.5000;65535.0000;2523.5000;2171.0000;0.0000;0.0000;0.0000;
721;828.54;12069.39;669.47;356.5000;65535.0000;2547.5000;2191.0000;0.0000;0.0000;0.0000;
722;828.73;12066.71;672.15;352.0000;65535.0000;2485.5000;2133.5000;0.0000;0.0000;0.0000;
723;828.91;12064.03;674.82;348.5000;65535.0000;2546.5000;2198.0000;0.0000;0.0000;0.0000;
724;829.09;12061.35;677.50;358.5000;65535.0000;2476.0000;2117.5000;0.0000;0.0000;0.0000;
725;829.28;12058.68;680.17;355.0000;65535.0000;2468.0000;2113.0000;0.0000;0.0000;0.0000;
726;829.46;12056.00;682.85;350.0000;65535.0000;2470.0000;2120.0000;0.0000;0.0000;0.0000;
727;829.65;12053.33;685.52;351.5000;65535.0000;2479.5000;2128.0000;0.0000;0.0000;0.0000;
728;829.83;12050.66;688.19;353.0000;65535.0000;2475.0000;2122.0000;0.0000;0.0000;0.0000;
729;830.01;12047.99;690.86;354.0000;65535.0000;2495.5000;2141.5000;0.0000;0.0000;0.0000;
730;830.20;12045.32;693.53;359.0000;65535.0000;2449.5000;2090.5000;0.0000;0.0000;0.0000;
731;830.38;12042.65;696.20;359.5000;65535.0000;2461.5000;2102.0000;0.0000;0.0000;0.0000;
732;830.57;12039.99;698.87;351.5000;65535.0000;2452.5000;2101.0000;0.0000;0.0000;0.0000;
733;830.75;12037.32;701.53;355.0000;65535.0000;2463.0000;2108.0000;0.0000;0.0000;0.0000;
734;830.93;12034.66;704.19;351.0000;65535.0000;2452.0000;2101.0000;0.0000;0.0000;0.0000;
735;831.12;12032.00;706.86;348.5000;65535.0000;2478.0000;2129.5000;0.0000;0.0000;0.0000;
736;831.30;12029.34;709.52;355.5000;65535.0000;2397.0000;2041.5000;0.0000;0.0000;0.0000;
737;831.48;12026.68;712.18;355.0000;65535.0000;2446.0000;2091.0000;0.0000;0.0000;0.0000;
738;831.67;12024.02;714.84;351.0000;65535.0000;2523.5000;2172.5000;0.0000;0.0000;0.0000;
739;831.85;12021.36;717.49;360.0000;65535.0000;2516.5000;2156.5000;0.0000;0.0000;0.0000;
740;832.04;12018.70;720.15;353.5000;65535.0000;2522.0000;2168.5000;0.0000;0.0000;0.0000;
741;832.22;12016.05;722.80;356.5000;65535.0000;2576.0000;2219.5000;0.0000;0.0000;0.0000;
742;832.40;12013.40;725.46;359.0000;65535.0000;2609.5000;2250.5000;0.0000;0.0000;0.0000;
743;832.59;12010.74;728.11;360.0000;65535.0000;2536.0000;2176.0000;0.0000;0.0000;0.0000;
744;832.77;12008.09;730.76;353.0000;65535.0000;2495.0000;2142.0000;0.0000;0.0000;0.0000;
745;832.96;12005.44;733.41;357.0000;65535.0000;2450.5000;2093.5000;0.0000;0.0000;0.0000;
746;833.14;12002.79;736.06;352.0000;65535.0000;2458.5000;2106.5000;0.0000;0.0000;0.0000;
747;833.32;12000.15;738.71;356.0000;65535.0000;2441.0000;2085.0000;0.0000;0.0000;0.0000;
748;833.51;11997.50;741.35;356.0000;65535.0000;2405.5000;2049.5000;0.0000;0.0000;0.0000;
749;833.69;11994.86;744.00;345.5000;65535.0000;2462.0000;2116.5000;0.0000;0.0000;0.0000;
750;833.87;11992.21;746.64;348.5000;65535.0000;2401.5000;2053.0000;0.0000;0.0000;0.0000;
751;834.06;11989.57;749.28;353.5000;65535.0000;2407.0000;2053.5000;0.0000;0.0000;0.0000;
752;834.24;11986.93;751.93;349.5000;65535.0000;2412.0000;2062.5000;0.0000;0.0000;0.0000;
753;834.43;11984.29;754.57;356.5000;65535.0000;2405.0000;2048.5000;0.0000;0.0000;0.0000;
754;834.61;11981.65;757.20;362.0000;65535.0000;2441.5000;2079.5000;0.0000;0.0000;0.0000;
755;834.79;11979.01;759.84;362.0000;65535.0000;2444.5000;2082.5000;0.0000;0.0000;0.0000;
756;834.98;11976.38;762.48;359.5000;65535.0000;2387.0000;2027.5000;0.0000;0.0000;0.0000;
757;835.16;11973.74;765.11;351.5000;65535.0000;2401.5000;2050.0000;0.0000;0.0000;0.0000;
758;835.34;11971.11;767.75;344.0000;65535.0000;2416.5000;2072.5000;0.0000;0.0000;0.0000;
759;835.53;11968.48;770.38;347.5000;65535.0000;2409.5000;2062.0000;0.0000;0.0000;0.0000;
760;835.71;11965.84;773.01;357.5000;65535.0000;2372.5000;2015.0000;0.0000;0.0000;0.0000;
761;835.90;11963.22;775.64;356.0000;65535.0000;2355.0000;1999.0000;0.0000;0.0000;0.0000;
762;836.08;11960.59;778.27;347.0000;65535.0000;2379.0000;2032.0000;0.0000;0.0000;0.0000;
763;836.26;11957.96;780.89;354.5000;65535.0000;2398.0000;2043.5000;0.0000;0.0000;0.0000;
764;836.45;11955.33;783.52;350.0000;65535.0000;2373.0000;2023.0000;0.0000;0.0000;0.0000;
765;836.63;11952.71;786.15;364.5000;65535.0000;2361.5000;1997.0000;0.0000;0.0000;0.0000;
766;836.81;11950.08;788.77;353.5000;65535.0000;2377.5000;2024.0000;0.0000;0.0000;0.0000;
767;837.00;11947.46;791.39;352.5000;65535.0000;2346.0000;1993.5000;0.0000;0.0000;0.0000;
768;837.18;11944.84;794.01;344.5000;65535.0000;2320.0000;1975.5000;0.0000;0.0000;0.0000;
769;837.37;11942.22;796.63;345.5000;65535.0000;2345.5000;2000.0000;0.0000;0.0000;0.0000;
770;837.55;11939.60;799.25;341.5000;65535.0000;2347.5000;2006.0000;0.0000;0.0000;0.0000;
771;837.73;11936.99;801.87;358.5000;65535.0000;2309.0000;1950.5000;0.0000;0.0000;0.0000;
772;837.92;11934.37;804.48;355.5000;65535.0000;2289.0000;1933.5000;0.0000;0.0000;0.0000;
773;838.10;11931.75;807.10;356.0000;65535.0000;2296.5000;1940.5000;0.0000;0.0000;0.0000;
774;838.28;11929.14;809.71;352.5000;65535.0000;2303.0000;1950.5000;0.0000;0.0000;0.0000;
775;838.47;11926.53;812.33;348.0000;65535.0000;2326.5000;1978.5000;0.0000;0.0000;0.0000;
776;838.65;11923.92;814.94;346.5000;65535.0000;2288.0000;1941.5000;0.0000;0.0000;0.0000;
777;838.83;11921.31;817.55;350.5000;65535.0000;2272.0000;1921.5000;0.0000;0.0000;0.0000;
778;839.02;11918.70;820.16;362.0000;65535.0000;2293.5000;1931.5000;0.0000;0.0000;0.0000;
779;839.20;11916.09;822.76;347.5000;65535.0000;2285.0000;1937.5000;0.0000;0.0000;0.0000;
780;839.38;11913.48;825.37;350.0000;65535.0000;2288.5000;1938.5000;0.0000;0.0000;0.0000;
781;839.57;11910.88;827.97;349.5000;65535.0000;2262.0000;1912.5000;0.0000;0.0000;0.0000;
782;839.75;11908.28;830.58;351.0000;65535.0000;2277.0000;1926.0000;0.0000;0.0000;0.0000;
783;839.94;11905.67;833.18;348.0000;65535.0000;2283.0000;1935.0000;0.0000;0.0000;0.0000;
784;840.12;11903.07;835.78;355.0000;65535.0000;2298.5000;1943.5000;0.0000;0.0000;0.0000;
785;840.30;11900.47;838.38;348.0000;65535.0000;2243.5000;1895.5000;0.0000;0.0000;0.0000;
786;840.49;11897.87;840.98;344.5000;65535.0000;2231.5000;1887.0000;0.0000;0.0000;0.0000;
787;840.67;11895.27;843.58;355.0000;65535.0000;2272.5000;1917.5000;0.0000;0.0000;0.0000;
788;840.85;11892.68;846.18;362.5000;65535.0000;2298.0000;1935.5000;0.0000;0.0000;0.0000;
789;841.04;11890.08;848.77;356.5000;65535.0000;2247.0000;1890.5000;0.0000;0.0000;0.0000;
790;841.22;11887.49;851.36;350.0000;65535.0000;2269.0000;1919.0000;0.0000;0.0000;0.0000;
791;841.40;11884.90;853.96;348.0000;65535.0000;2232.0000;1884.0000;0.0000;0.0000;0.0000;
792;841.59;11882.30;856.55;347.5000;65535.0000;2215.5000;1868.0000;0.0000;0.0000;0.0000;
793;841.77;11879.71;859.14;351.5000;65535.0000;2246.5000;1895.0000;0.0000;0.0000;0.0000;
794;841.95;11877.12;861.73;355.5000;65535.0000;2238.0000;1882.5000;0.0000;0.0000;0.0000;
795;842.14;11874.54;864.32;351.5000;65535.0000;2241.0000;1889.5000;0.0000;0.0000;0.0000;
796;842.32;11871.95;866.90;350.5000;65535.0000;2263.5000;1913.0000;0.0000;0.0000;0.0000;
797;842.51;11869.36;869.49;350.5000;65535.0000;2260.5000;1910.0000;0.0000;0.0000;0.0000;
798;842.69;11866.78;872.07;345.5000;65535.0000;2212.5000;1867.0000;0.0000;0.0000;0.0000;
799;842.87;11864.20;874.66;350.5000;65535.0000;2225.0000;1874.5000;0.0000;0.0000;0.0000;
800;843.06;11861.62;877.24;350.5000;65535.0000;2226.5000;1876.0000;0.0000;0.0000;0.0000;
801;843.24;11859.03;879.82;345.5000;65535.0000;2207.0000;1861.5000;0.0000;0.0000;0.0000;
802;843.42;11856.46;882.40;357.0000;65535.0000;2226.0000;1869.0000;0.0000;0.0000;0.0000;
803;843.61;11853.88;884.98;348.0000;65535.0000;2188.5000;1840.5000;0.0000;0.0000;0.0000;
804;843.79;11851.30;887.55;352.5000;65535.0000;2215.5000;1863.0000;0.0000;0.0000;0.0000;
805;843.97;11848.72;890.13;346.0000;65535.0000;2216.5000;1870.5000;0.0000;0.0000;0.0000;
806;844.16;11846.15;892.70;355.5000;65535.0000;2183.0000;1827.5000;0.0000;0.0000;0.0000;
807;844.34;11843.58;895.28;357.0000;65535.0000;2207.5000;1850.5000;0.0000;0.0000;0.0000;
808;844.52;11841.00;897.85;354.0000;65535.0000;2206.0000;1852.0000;0.0000;0.0000;0.0000;
809;844.71;11838.43;900.42;348.0000;65535.0000;2191.0000;1843.0000;0.0000;0.0000;0.0000;
810;844.89;11835.86;902.99;350.0000;65535.0000;2163.5000;1813.5000;0.0000;0.0000;0.0000;
811;845.07;11833.29;905.56;356.0000;65535.0000;2203.5000;1847.5000;0.0000;0.0000;0.0000;
812;845.26;11830.73;908.13;350.0000;65535.0000;2175.5000;1825.5000;0.0000;0.0000;0.0000;
813;845.44;11828.16;910.69;358.5000;65535.0000;2164.5000;1806.0000;0.0000;0.0000;0.0000;
814;845.62;11825.60;913.26;351.5000;65535.0000;2172.0000;1820.5000;0.0000;0.0000;0.0000;
815;845.81;11823.03;915.82;350.5000;65535.0000;2168.5000;1818.0000;0.0000;0.0000;0.0000;
816;845.99;11820.47;918.38;344.5000;65535.0000;2175.5000;1831.0000;0.0000;0.0000;0.0000;
817;846.17;11817.91;920.95;355.5000;65535.0000;2164.0000;1808.5000;0.0000;0.0000;0.0000;
818;846.36;11815.35;923.51;354.5000;65535.0000;2169.5000;1815.0000;0.0000;0.0000;0.0000;
819;846.54;11812.79;926.06;356.5000;65535.0000;2177.5000;1821.0000;0.0000;0.0000;0.0000;
820;846.72;11810.23;928.62;357.0000;65535.0000;2173.5000;1816.5000;0.0000;0.0000;0.0000;
821;846.91;11807.67;931.18;349.5000;65535.0000;2189.0000;1839.5000;0.0000;0.0000;0.0000;
822;847.09;11805.12;933.73;355.0000;65535.0000;2169.0000;1814.0000;0.0000;0.0000;0.0000;
823;847.27;11802.56;936.29;349.5000;65535.0000;2171.5000;1822.0000;0.0000;0.0000;0.0000;
824;847.46;11800.01;938.84;345.0000;65535.0000;2173.0000;1828.0000;0.0000;0.0000;0.0000;
825;847.64;11797.46;941.39;355.5000;65535.0000;2142.5000;1787.0000;0.0000;0.0000;0.0000;
826;847.82;11794.91;943.94;357.5000;65535.0000;2165.5000;1808.0000;0.0000;0.0000;0.0000;
827;848.01;11792.36;946.49;349.0000;65535.0000;2185.0000;1836.0000;0.0000;0.0000;0.0000;
828;848.19;11789.81;949.04;353.5000;65535.0000;2195.5000;1842.0000;0.0000;0.0000;0.0000;
829;848.37;11787.26;951.59;351.5000;65535.0000;2140.5000;1789.0000;0.0000;0.0000;0.0000;
830;848.56;11784.72;954.13;352.0000;65535.0000;2149.5000;1797.5000;0.0000;0.0000;0.0000;
831;848.74;11782.17;956.68;350.5000;65535.0000;2169.5000;1819.0000;0.0000;0.0000;0.0000;
832;848.92;11779.63;959.22;351.0000;65535.0000;2157.0000;1806.0000;0.0000;0.0000;0.0000;
833;849.11;11777.09;961.77;350.5000;65535.0000;2131.0000;1780.5000;0.0000;0.0000;0.0000;
834;849.29;11774.55;964.31;353.0000;65535.0000;2143.0000;1790.0000;0.0000;0.0000;0.0000;
835;849.47;11772.01;966.85;361.5000;65535.0000;2148.0000;1786.5000;0.0000;0.0000;0.0000;
836;849.66;11769.47;969.39;357.0000;65535.0000;2133.5000;1776.5000;0.0000;0.0000;0.0000;
837;849.84;11766.93;971.92;342.0000;65535.0000;2089.5000;1747.5000;0.0000;0.0000;0.0000;
838;850.02;11764.39;974.46;355.5000;65535.0000;2120.5000;1765.0000;0.0000;0.0000;0.0000;
839;850.21;11761.86;976.99;347.0000;65535.0000;2090.5000;1743.5000;0.0000;0.0000;0.0000;
840;850.39;11759.33;979.53;352.0000;65535.0000;2077.0000;1725.0000;0.0000;0.0000;0.0000;
841;850.57;11756.79;982.06;352.0000;65535.0000;2101.5000;1749.5000;0.0000;0.0000;0.0000;
842;850.76;11754.26;984.59;354.5000;65535.0000;2114.5000;1760.0000;0.0000;0.0000;0.0000;
843;850.94;11751.73;987.12;355.0000;65535.0000;2081.5000;1726.5000;0.0000;0.0000;0.0000;
844;851.12;11749.20;989.65;354.5000;65535.0000;2116.0000;1761.5000;0.0000;0.0000;0.0000;
845;851.30;11746.67;992.18;346.5000;65535.0000;2103.0000;1756.5000;0.0000;0.0000;0.0000;
846;851.49;11744.15;994.71;359.0000;65535.0000;2088.5000;1729.5000;0.0000;0.0000;0.0000;
847;851.67;11741.62;997.23;351.0000;65535.0000;2101.5000;1750.5000;0.0000;0.0000;0.0000;
848;851.85;11739.10;999.76;350.5000;65535.0000;2085.0000;1734.5000;0.0000;0.0000;0.0000;
849;852.04;11736.57;1002.28;363.5000;65535.0000;2081.0000;1717.5000;0.0000;0.0000;0.0000;
850;852.22;11734.05;1004.80;356.5000;65535.0000;2116.0000;1759.5000;0.0000;0.0000;0.0000;
851;852.40;11731.53;1007.33;349.5000;65535.0000;2061.5000;1712.0000;0.0000;0.0000;0.0000;
852;852.59;11729.01;1009.85;352.0000;65535.0000;2057.0000;1705.0000;0.0000;0.0000;0.0000;
853;852.77;11726.49;1012.36;364.5000;65535.0000;2082.0000;1717.5000;0.0000;0.0000;0.0000;
854;852.95;11723.97;1014.88;352.0000;65535.0000;2073.5000;1721.5000;0.0000;0.0000;0.0000;
855;853.14;11721.46;1017.40;353.5000;65535.0000;2093.5000;1740.0000;0.0000;0.0000;0.0000;
856;853.32;11718.94;1019.91;349.5000;65535.0000;2086.0000;1736.5000;0.0000;0.0000;0.0000;
857;853.50;11716.43;1022.43;349.5000;65535.0000;2071.0000;1721.5000;0.0000;0.0000;0.0000;
858;853.69;11713.91;1024.94;348.0000;65535.0000;2069.5000;1721.5000;0.0000;0.0000;0.0000;
859;853.87;11711.40;1027.45;353.0000;65535.0000;2078.0000;1725.0000;0.0000;0.0000;0.0000;
860;854.05;11708.89;1029.96;351.0000;65535.0000;2075.5000;1724.5000;0.0000;0.0000;0.0000;
861;854.23;11706.38;1032.47;358.0000;65535.0000;2043.0000;1685.0000;0.0000;0.0000;0.0000;
862;854.42;11703.87;1034.98;359.0000;65535.0000;2041.0000;1682.0000;0.0000;0.0000;0.0000;
863;854.60;11701.37;1037.49;349.0000;65535.0000;2032.0000;1683.0000;0.0000;0.0000;0.0000;
864;854.78;11698.86;1039.99;342.5000;65535.0000;2024.5000;1682.0000;0.0000;0.0000;0.0000;
865;854.97;11696.36;1042.50;353.0000;65535.0000;2069.5000;1716.5000;0.0000;0.0000;0.0000;
866;855.15;11693.85;1045.00;353.5000;65535.0000;2018.0000;1664.5000;0.0000;0.0000;0.0000;
867;855.33;11691.35;1047.50;348.0000;65535.0000;2024.0000;1676.0000;0.0000;0.0000;0.0000;
868;855.52;11688.85;1050.01;348.0000;65535.0000;2015.5000;1667.5000;0.0000;0.0000;0.0000;
869;855.70;11686.35;1052.51;357.0000;65535.0000;2055.5000;1698.5000;0.0000;0.0000;0.0000;
870;855.88;11683.85;1055.00;349.5000;65535.0000;2016.0000;1666.5000;0.0000;0.0000;0.0000;
871;856.07;11681.35;1057.50;351.0000;65535.0000;2023.5000;1672.5000;0.0000;0.0000;0.0000;
872;856.25;11678.85;1060.00;354.5000;65535.0000;2037.5000;1683.0000;0.0000;0.0000;0.0000;
873;856.43;11676.36;1062.49;351.5000;65535.0000;2021.0000;1669.5000;0.0000;0.0000;0.0000;
874;856.61;11673.86;1064.99;350.0000;65535.0000;2031.0000;1681.0000;0.0000;0.0000;0.0000;
875;856.80;11671.37;1067.48;355.0000;65535.0000;1994.0000;1639.0000;0.0000;0.0000;0.0000;
876;856.98;11668.88;1069.97;349.5000;65535.0000;2007.5000;1658.0000;0.0000;0.0000;0.0000;
877;857.16;11666.39;1072.47;343.5000;65535.0000;2018.5000;1675.0000;0.0000;0.0000;0.0000;
878;857.35;11663.90;1074.96;353.0000;65535.0000;1969.5000;1616.5000;0.0000;0.0000;0.0000;
879;857.53;11661.41;1077.44;358.0000;65535.0000;1996.5000;1638.5000;0.0000;0.0000;0.0000;
880;857.71;11658.92;1079.93;367.5000;65535.0000;2012.5000;1645.0000;0.0000;0.0000;0.0000;
881;857.90;11656.44;1082.42;350.0000;65535.0000;1978.5000;1628.5000;0.0000;0.0000;0.0000;
882;858.08;11653.95;1084.90;358.0000;65535.0000;1963.0000;1605.0000;0.0000;0.0000;0.0000;
883;858.26;11651.47;1087.39;347.5000;65535.0000;2037.0000;1689.5000;0.0000;0.0000;0.0000;
884;858.44;11648.98;1089.87;352.0000;65535.0000;2009.5000;1657.5000;0.0000;0.0000;0.0000;
885;858.63;11646.50;1092.35;349.5000;65535.0000;2019.0000;1669.5000;0.0000;0.0000;0.0000;
886;858.81;11644.02;1094.83;355.5000;65535.0000;1993.0000;1637.5000;0.0000;0.0000;0.0000;
887;858.99;11641.54;1097.31;343.0000;65535.0000;1964.5000;1621.5000;0.0000;0.0000;0.0000;
888;859.18;11639.06;1099.79;350.0000;65535.0000;1970.5000;1620.5000;0.0000;0.0000;0.0000;
889;859.36;11636.59;1102.27;351.0000;65535.0000;1979.5000;1628.5000;0.0000;0.0000;0.0000;
890;859.54;11634.11;1104.74;353.5000;65535.0000;2001.0000;1647.5000;0.0000;0.0000;0.0000;
891;859.72;11631.64;1107.22;357.0000;65535.0000;2000.5000;1643.5000;0.0000;0.0000;0.0000;
892;859.91;11629.16;1109.69;353.5000;65535.0000;1970.5000;1617.0000;0.0000;0.0000;0.0000;
893;860.09;11626.69;1112.16;348.5000;65535.0000;1988.0000;1639.5000;0.0000;0.0000;0.0000;
894;860.27;11624.22;1114.64;351.0000;65535.0000;1973.5000;1622.5000;0.0000;0.0000;0.0000;
895;860.46;11621.75;1117.11;337.0000;65535.0000;1950.0000;1613.0000;0.0000;0.0000;0.0000;
896;860.64;11619.28;1119.58;353.5000;65535.0000;2004.5000;1651.0000;0.0000;0.0000;0.0000;
897;860.82;11616.81;1122.04;355.5000;65535.0000;1961.0000;1605.5000;0.0000;0.0000;0.0000;
898;861.00;11614.34;1124.51;351.0000;65535.0000;1973.5000;1622.5000;0.0000;0.0000;0.0000;
899;861.19;11611.88;1126.98;344.0000;65535.0000;2004.5000;1660.5000;0.0000;0.0000;0.0000;
900;861.37;11609.41;1129.44;352.0000;65535.0000;1978.0000;1626.0000;0.0000;0.0000;0.0000;
901;861.55;11606.95;1131.90;351.5000;65535.0000;1950.5000;1599.0000;0.0000;0.0000;0.0000;
902;861.74;11604.49;1134.37;355.5000;65535.0000;1957.5000;1602.0000;0.0000;0.0000;0.0000;
903;861.92;11602.03;1136.83;356.5000;65535.0000;1967.0000;1610.5000;0.0000;0.0000;0.0000;
904;862.10;11599.57;1139.29;351.0000;65535.0000;1953.5000;1602.5000;0.0000;0.0000;0.0000;
905;862.28;11597.11;1141.75;348.5000;65535.0000;1964.0000;1615.5000;0.0000;0.0000;0.0000;
906;862.47;11594.65;1144.20;353.5000;65535.0000;1943.5000;1590.0000;0.0000;0.0000;0.0000;
907;862.65;11592.19;1146.66;351.5000;65535.0000;1919.0000;1567.5000;0.0000;0.0000;0.0000;
908;862.83;11589.74;1149.12;351.0000;65535.0000;1976.5000;1625.5000;0.0000;0.0000;0.0000;
909;863.02;11587.28;1151.57;361.0000;65535.0000;1954.0000;1593.0000;0.0000;0.0000;0.0000;
910;863.20;11584.83;1154.03;354.0000;65535.0000;1953.0000;1599.0000;0.0000;0.0000;0.0000;
911;863.38;11582.38;1156.48;347.5000;65535.0000;1927.0000;1579.5000;0.0000;0.0000;0.0000;
912;863.56;11579.93;1158.93;347.5000;65535.0000;1942.5000;1595.0000;0.0000;0.0000;0.0000;
913;863.75;11577.48;1161.38;357.5000;65535.0000;1961.5000;1604.0000;0.0000;0.0000;0.0000;
914;863.93;11575.03;1163.83;353.0000;65535.0000;1913.0000;1560.0000;0.0000;0.0000;0.0000;
915;864.11;11572.58;1166.27;354.5000;65535.0000;1950.0000;1595.5000;0.0000;0.0000;0.0000;
916;864.29;11570.13;1168.72;350.5000;65535.0000;1903.5000;1553.0000;0.0000;0.0000;0.0000;
917;864.48;11567.69;1171.17;358.5000;65535.0000;1930.0000;1571.5000;0.0000;0.0000;0.0000;
918;864.66;11565.24;1173.61;346.5000;65535.0000;1904.5000;1558.0000;0.0000;0.0000;0.0000;
919;864.84;11562.80;1176.05;351.0000;65535.0000;1921.0000;1570.0000;0.0000;0.0000;0.0000;
920;865.03;11560.36;1178.50;350.5000;65535.0000;1929.5000;1579.0000;0.0000;0.0000;0.0000;
921;865.21;11557.92;1180.94;360.5000;65535.0000;1932.5000;1572.0000;0.0000;0.0000;0.0000;
922;865.39;11555.48;1183.38;345.5000;65535.0000;1903.0000;1557.5000;0.0000;0.0000;0.0000;
923;865.57;11553.04;1185.82;347.5000;65535.0000;1909.0000;1561.5000;0.0000;0.0000;0.0000;
924;865.76;11550.60;1188.25;350.5000;65535.0000;1930.0000;1579.5000;0.0000;0.0000;0.0000;
925;865.94;11548.16;1190.69;355.0000;65535.0000;1932.0000;1577.0000;0.0000;0.0000;0.0000;
926;866.12;11545.73;1193.13;334.0000;65535.0000;1928.0000;1594.0000;0.0000;0.0000;0.0000;
927;866.30;11543.29;1195.56;356.0000;65535.0000;1912.5000;1556.5000;0.0000;0.0000;0.0000;
928;866.49;11540.86;1197.99;350.5000;65535.0000;1917.5000;1567.0000;0.0000;0.0000;0.0000;
929;866.67;11538.43;1200.43;351.0000;65535.0000;1908.5000;1557.5000;0.0000;0.0000;0.0000;
930;866.85;11536.00;1202.86;347.5000;65535.0000;1906.5000;1559.0000;0.0000;0.0000;0.0000;
931;867.03;11533.57;1205.29;353.0000;65535.0000;1929.5000;1576.5000;0.0000;0.0000;0.0000;
932;867.22;11531.14;1207.72;348.5000;65535.0000;1915.0000;1566.5000;0.0000;0.0000;0.0000;
933;867.40;11528.71;1210.14;368.5000;65535.0000;1901.5000;1533.0000;0.0000;0.0000;0.0000;
934;867.58;11526.28;1212.57;347.0000;65535.0000;1916.0000;1569.0000;0.0000;0.0000;0.0000;
935;867.76;11523.86;1215.00;352.0000;65535.0000;1896.5000;1544.5000;0.0000;0.0000;0.0000;
936;867.95;11521.43;1217.42;357.0000;65535.0000;1907.0000;1550.0000;0.0000;0.0000;0.0000;
937;868.13;11519.01;1219.84;351.5000;65535.0000;1907.0000;1555.5000;0.0000;0.0000;0.0000;
938;868.31;11516.59;1222.26;356.5000;65535.0000;1884.0000;1527.5000;0.0000;0.0000;0.0000;
939;868.50;11514.17;1224.69;364.0000;65535.0000;1920.5000;1556.5000;0.0000;0.0000;0.0000;
940;868.68;11511.75;1227.11;351.0000;65535.0000;1889.0000;1538.0000;0.0000;0.0000;0.0000;
941;868.86;11509.33;1229.52;367.0000;65535.0000;1887.5000;1520.5000;0.0000;0.0000;0.0000;
942;869.04;11506.91;1231.94;351.0000;65535.0000;1900.5000;1549.5000;0.0000;0.0000;0.0000;
943;869.23;11504.49;1234.36;351.0000;65535.0000;1890.0000;1539.0000;0.0000;0.0000;0.0000;
944;869.41;11502.08;1236.77;355.5000;65535.0000;1864.5000;1509.0000;0.0000;0.0000;0.0000;
945;869.59;11499.66;1239.19;356.5000;65535.0000;1892.0000;1535.5000;0.0000;0.0000;0.0000;
946;869.77;11497.25;1241.60;350.5000;65535.0000;1902.5000;1552.0000;0.0000;0.0000;0.0000;
947;869.96;11494.84;1244.01;359.5000;65535.0000;1889.5000;1530.0000;0.0000;0.0000;0.0000;
948;870.14;11492.43;1246.43;351.0000;65535.0000;1889.5000;1538.5000;0.0000;0.0000;0.0000;
949;870.32;11490.02;1248.84;346.0000;65535.0000;1893.0000;1547.0000;0.0000;0.0000;0.0000;
950;870.50;11487.61;1251.24;353.5000;65535.0000;1874.0000;1520.5000;0.0000;0.0000;0.0000;
951;870.69;11485.20;1253.65;351.0000;65535.0000;1877.5000;1526.5000;0.0000;0.0000;0.0000;
952;870.87;11482.79;1256.06;350.5000;65535.0000;1863.5000;1513.0000;0.0000;0.0000;0.0000;
953;871.05;11480.39;1258.46;350.0000;65535.0000;1870.0000;1520.0000;0.0000;0.0000;0.0000;
954;871.23;11477.98;1260.87;347.5000;65535.0000;1861.5000;1514.0000;0.0000;0.0000;0.0000;
955;871.42;11475.58;1263.27;355.0000;65535.0000;1849.5000;1494.5000;0.0000;0.0000;0.0000;
956;871.60;11473.18;1265.67;354.0000;65535.0000;1868.5000;1514.5000;0.0000;0.0000;0.0000;
957;871.78;11470.78;1268.08;359.5000;65535.0000;1881.0000;1521.5000;0.0000;0.0000;0.0000;
958;871.96;11468.38;1270.48;346.0000;65535.0000;1882.5000;1536.5000;0.0000;0.0000;0.0000;
959;872.15;11465.98;1272.88;353.0000;65535.0000;1835.5000;1482.5000;0.0000;0.0000;0.0000;
960;872.33;11463.58;1275.27;351.0000;65535.0000;1854.5000;1503.5000;0.0000;0.0000;0.0000;
961;872.51;11461.18;1277.67;350.0000;65535.0000;1813.5000;1463.5000;0.0000;0.0000;0.0000;
962;872.69;11458.79;1280.07;355.5000;65535.0000;1856.0000;1500.5000;0.0000;0.0000;0.0000;
963;872.88;11456.39;1282.46;358.5000;65535.0000;1850.0000;1491.5000;0.0000;0.0000;0.0000;
964;873.06;11454.00;1284.85;354.0000;65535.0000;1858.5000;1504.5000;0.0000;0.0000;0.0000;
965;873.24;11451.61;1287.25;346.0000;65535.0000;1852.5000;1506.5000;0.0000;0.0000;0.0000;
966;873.42;11449.21;1289.64;347.0000;65535.0000;1853.5000;1506.5000;0.0000;0.0000;0.0000;
967;873.60;11446.82;1292.03;350.5000;65535.0000;1842.5000;1492.0000;0.0000;0.0000;0.0000;
968;873.79;11444.44;1294.42;359.0000;65535.0000;1840.0000;1481.0000;0.0000;0.0000;0.0000;
969;873.97;11442.05;1296.81;354.5000;65535.0000;1843.5000;1489.0000;0.0000;0.0000;0.0000;
970;874.15;11439.66;1299.19;338.5000;65535.0000;1823.0000;1484.5000;0.0000;0.0000;0.0000;
971;874.33;11437.27;1301.58;342.0000;65535.0000;1837.5000;1495.5000;0.0000;0.0000;0.0000;
972;874.52;11434.89;1303.96;353.5000;65535.0000;1859.5000;1506.0000;0.0000;0.0000;0.0000;
973;874.70;11432.50;1306.35;354.5000;65535.0000;1851.0000;1496.5000;0.0000;0.0000;0.0000;
974;874.88;11430.12;1308.73;353.5000;65535.0000;1835.5000;1482.0000;0.0000;0.0000;0.0000;
975;875.06;11427.74;1311.11;357.5000;65535.0000;1831.0000;1473.5000;0.0000;0.0000;0.0000;
976;875.25;11425.36;1313.49;351.0000;65535.0000;1861.0000;1510.0000;0.0000;0.0000;0.0000;
977;875.43;11422.98;1315.87;349.0000;65535.0000;1862.5000;1513.5000;0.0000;0.0000;0.0000;
978;875.61;11420.60;1318.25;345.0000;65535.0000;1919.5000;1574.5000;0.0000;0.0000;0.0000;
979;875.79;11418.22;1320.63;350.5000;65535.0000;1876.5000;1526.0000;0.0000;0.0000;0.0000;
980;875.98;11415.85;1323.01;356.5000;65535.0000;1917.5000;1561.0000;0.0000;0.0000;0.0000;
981;876.16;11413.47;1325.38;353.5000;65535.0000;1878.5000;1525.0000;0.0000;0.0000;0.0000;
982;876.34;11411.10;1327.76;353.5000;65535.0000;1928.0000;1574.5000;0.0000;0.0000;0.0000;
983;876.52;11408.73;1330.13;352.0000;65535.0000;1882.5000;1530.5000;0.0000;0.0000;0.0000;
984;876.70;11406.35;1332.50;348.0000;65535.0000;1861.5000;1513.5000;0.0000;0.0000;0.0000;
985;876.89;11403.98;1334.87;350.0000;65535.0000;1885.0000;1535.0000;0.0000;0.0000;0.0000;
986;877.07;11401.61;1337.24;352.0000;65535.0000;1857.0000;1505.0000;0.0000;0.0000;0.0000;
987;877.25;11399.24;1339.61;349.0000;65535.0000;1843.0000;1494.0000;0.0000;0.0000;0.0000;
988;877.43;11396.88;1341.98;352.0000;65535.0000;1792.5000;1440.5000;0.0000;0.0000;0.0000;
989;877.62;11394.51;1344.34;349.5000;65535.0000;1789.0000;1439.5000;0.0000;0.0000;0.0000;
990;877.80;11392.14;1346.71;353.5000;65535.0000;1789.0000;1435.5000;0.0000;0.0000;0.0000;
991;877.98;11389.78;1349.07;346.5000;65535.0000;1786.0000;1439.5000;0.0000;0.0000;0.0000;
992;878.16;11387.42;1351.44;353.5000;65535.0000;1777.0000;1423.5000;0.0000;0.0000;0.0000;
993;878.34;11385.05;1353.80;352.5000;65535.0000;1810.5000;1458.0000;0.0000;0.0000;0.0000;
994;878.53;11382.69;1356.16;347.5000;65535.0000;1789.0000;1441.5000;0.0000;0.0000;0.0000;
995;878.71;11380.33;1358.52;357.5000;65535.0000;1783.5000;1426.0000;0.0000;0.0000;0.0000;
996;878.89;11377.97;1360.88;349.0000;65535.0000;1787.0000;1438.0000;0.0000;0.0000;0.0000;
997;879.07;11375.61;1363.24;353.0000;65535.0000;1773.0000;1420.0000;0.0000;0.0000;0.0000;
998;879.26;11373.26;1365.60;352.5000;65535.0000;1812.5000;1460.0000;0.0000;0.0000;0.0000;
999;879.44;11370.90;1367.95;355.0000;65535.0000;1794.5000;1439.5000;0.0000;0.0000;0.0000;
1000;879.62;11368.55;1370.31;347.5000;65535.0000;1772.0000;1424.5000;0.0000;0.0000;0.0000;
1001;879.80;11366.19;1372.66;344.5000;65535.0000;1827.5000;1483.0000;0.0000;0.0000;0.0000;
1002;879.98;11363.84;1375.01;347.0000;65535.0000;1795.0000;1448.0000;0.0000;0.0000;0.0000;
1003;880.17;11361.49;1377.37;360.5000;65535.0000;1770.5000;1410.0000;0.0000;0.0000;0.0000;
1004;880.35;11359.14;1379.72;352.0000;65535.0000;1782.0000;1430.0000;0.0000;0.0000;0.0000;
1005;880.53;11356.79;1382.07;351.0000;65535.0000;1795.5000;1444.5000;0.0000;0.0000;0.0000;
1006;880.71;11354.44;1384.42;345.5000;65535.0000;1776.0000;1430.5000;0.0000;0.0000;0.0000;
1007;880.90;11352.09;1386.76;354.0000;65535.0000;1759.0000;1405.0000;0.0000;0.0000;0.0000;
1008;881.08;11349.74;1389.11;346.5000;65535.0000;1770.5000;1424.0000;0.0000;0.0000;0.0000;
1009;881.26;11347.40;1391.46;353.0000;65535.0000;1768.0000;1415.0000;0.0000;0.0000;0.0000;
1010;881.44;11345.05;1393.80;358.5000;65535.0000;1747.5000;1389.0000;0.0000;0.0000;0.0000;
1011;881.62;11342.71;1396.14;351.0000;65535.0000;1713.5000;1362.5000;0.0000;0.0000;0.0000;
1012;881.81;11340.37;1398.49;347.0000;65535.0000;1736.0000;1389.0000;0.0000;0.0000;0.0000;
1013;881.99;11338.03;1400.83;348.0000;65535.0000;1735.5000;1387.5000;0.0000;0.0000;0.0000;
1014;882.17;11335.69;1403.17;361.5000;65535.0000;1745.5000;1384.0000;0.0000;0.0000;0.0000;
1015;882.35;11333.35;1405.51;351.0000;65535.0000;1737.5000;1386.5000;0.0000;0.0000;0.0000;
1016;882.53;11331.01;1407.84;353.0000;65535.0000;1713.5000;1360.5000;0.0000;0.0000;0.0000;
1017;882.72;11328.67;1410.18;347.5000;65535.0000;1713.0000;1365.5000;0.0000;0.0000;0.0000;
1018;882.90;11326.34;1412.52;357.5000;65535.0000;1710.5000;1353.0000;0.0000;0.0000;0.0000;
1019;883.08;11324.00;1414.85;354.0000;65535.0000;1695.0000;1341.0000;0.0000;0.0000;0.0000;
1020;883.26;11321.67;1417.19;356.0000;65535.0000;1695.0000;1339.0000;0.0000;0.0000;0.0000;
1021;883.44;11319.33;1419.52;352.0000;65535.0000;1710.5000;1358.5000;0.0000;0.0000;0.0000;
1022;883.63;11317.00;1421.85;361.5000;65535.0000;1696.5000;1335.0000;0.0000;0.0000;0.0000;
1023;883.81;11314.67;1424.18;344.0000;65535.0000;1681.5000;1337.5000;0.0000;0.0000;0.0000;
1024;883.99;11312.34;1426.51;351.0000;65535.0000;1691.0000;1340.0000;0.0000;0.0000;0.0000;
1025;884.17;11310.01;1428.84;351.5000;65535.0000;1673.0000;1321.5000;0.0000;0.0000;0.0000;
1026;884.35;11307.69;1431.17;352.5000;65535.0000;1698.5000;1346.0000;0.0000;0.0000;0.0000;
1027;884.54;11305.36;1433.49;346.5000;65535.0000;1669.5000;1323.0000;0.0000;0.0000;0.0000;
1028;884.72;11303.03;1435.82;361.5000;65535.0000;1718.5000;1357.0000;0.0000;0.0000;0.0000;
1029;884.90;11300.71;1438.14;350.5000;65535.0000;1675.5000;1325.0000;0.0000;0.0000;0.0000;
1030;885.08;11298.39;1440.47;363.5000;65535.0000;1718.0000;1354.5000;0.0000;0.0000;0.0000;
1031;885.26;11296.06;1442.79;347.0000;65535.0000;1675.0000;1328.0000;0.0000;0.0000;0.0000;
1032;885.45;11293.74;1445.11;346.5000;65535.0000;1686.0000;1339.5000;0.0000;0.0000;0.0000;
1033;885.63;11291.42;1447.43;355.0000;65535.0000;1676.0000;1321.0000;0.0000;0.0000;0.0000;
1034;885.81;11289.10;1449.75;352.0000;65535.0000;1683.5000;1331.5000;0.0000;0.0000;0.0000;
1035;885.99;11286.78;1452.07;359.5000;65535.0000;1688.0000;1328.5000;0.0000;0.0000;0.0000;
1036;886.17;11284.47;1454.39;350.5000;65535.0000;1683.5000;1333.0000;0.0000;0.0000;0.0000;
1037;886.36;11282.15;1456.70;353.0000;65535.0000;1677.0000;1324.0000;0.0000;0.0000;0.0000;
1038;886.54;11279.84;1459.02;350.0000;65535.0000;1673.0000;1323.0000;0.0000;0.0000;0.0000;
1039;886.72;11277.52;1461.33;350.0000;65535.0000;1676.0000;1326.0000;0.0000;0.0000;0.0000;
1040;886.90;11275.21;1463.64;353.5000;65535.0000;1692.0000;1338.5000;0.0000;0.0000;0.0000;
1041;887.08;11272.90;1465.96;349.0000;65535.0000;1622.0000;1273.0000;0.0000;0.0000;0.0000;
1042;887.27;11270.59;1468.27;352.0000;65535.0000;1655.0000;1303.0000;0.0000;0.0000;0.0000;
1043;887.45;11268.28;1470.58;351.5000;65535.0000;1672.0000;1320.5000;0.0000;0.0000;0.0000;
1044;887.63;11265.97;1472.89;343.0000;65535.0000;1646.5000;1303.5000;0.0000;0.0000;0.0000;
1045;887.81;11263.66;1475.19;358.0000;65535.0000;1631.5000;1273.5000;0.0000;0.0000;0.0000;
1046;887.99;11261.35;1477.50;346.5000;65535.0000;1643.0000;1296.5000;0.0000;0.0000;0.0000;
1047;888.17;11259.05;1479.81;351.5000;65535.0000;1604.0000;1252.5000;0.0000;0.0000;0.0000;
1048;888.36;11256.74;1482.11;350.5000;65535.0000;1624.5000;1274.0000;0.0000;0.0000;0.0000;
1049;888.54;11254.44;1484.42;353.5000;65535.0000;1609.0000;1255.5000;0.0000;0.0000;0.0000;
1050;888.72;11252.13;1486.72;355.5000;65535.0000;1595.5000;1240.0000;0.0000;0.0000;0.0000;
1051;888.90;11249.83;1489.02;352.5000;65535.0000;1578.5000;1226.0000;0.0000;0.0000;0.0000;
1052;889.08;11247.53;1491.32;351.5000;65535.0000;1588.0000;1236.5000;0.0000;0.0000;0.0000;
1053;889.27;11245.23;1493.62;349.0000;65535.0000;1596.5000;1247.5000;0.0000;0.0000;0.0000;
1054;889.45;11242.93;1495.92;352.0000;65535.0000;1602.0000;1250.0000;0.0000;0.0000;0.0000;
1055;889.63;11240.64;1498.22;351.0000;65535.0000;1596.0000;1245.0000;0.0000;0.0000;0.0000;
1056;889.81;11238.34;1500.51;349.0000;65535.0000;1552.0000;1203.0000;0.0000;0.0000;0.0000;
1057;889.99;11236.04;1502.81;354.0000;65535.0000;1553.5000;1199.5000;0.0000;0.0000;0.0000;
1058;890.17;11233.75;1505.10;357.5000;65535.0000;1562.0000;1204.5000;0.0000;0.0000;0.0000;
1059;890.36;11231.46;1507.40;353.5000;65535.0000;1555.5000;1202.0000;0.0000;0.0000;0.0000;
1060;890.54;11229.16;1509.69;351.0000;65535.0000;1562.5000;1211.5000;0.0000;0.0000;0.0000;
1061;890.72;11226.87;1511.98;351.0000;65535.0000;1562.0000;1211.0000;0.0000;0.0000;0.0000;
1062;890.90;11224.58;1514.27;351.0000;65535.0000;1546.0000;1195.0000;0.0000;0.0000;0.0000;
1063;891.08;11222.29;1516.56;350.5000;65535.0000;1555.5000;1205.0000;0.0000;0.0000;0.0000;
1064;891.27;11220.00;1518.85;357.0000;65535.0000;1548.5000;1191.5000;0.0000;0.0000;0.0000;
1065;891.45;11217.72;1521.14;365.5000;65535.0000;1558.0000;1192.5000;0.0000;0.0000;0.0000;
1066;891.63;11215.43;1523.42;352.5000;65535.0000;1556.5000;1204.0000;0.0000;0.0000;0.0000;
1067;891.81;11213.14;1525.71;350.5000;65535.0000;1552.0000;1201.5000;0.0000;0.0000;0.0000;
1068;891.99;11210.86;1527.99;348.5000;65535.0000;1514.5000;1166.0000;0.0000;0.0000;0.0000;
1069;892.17;11208.58;1530.28;358.0000;65535.0000;1531.5000;1173.5000;0.0000;0.0000;0.0000;
1070;892.36;11206.29;1532.56;354.0000;65535.0000;1531.5000;1177.5000;0.0000;0.0000;0.0000;
1071;892.54;11204.01;1534.84;345.0000;65535.0000;1556.0000;1211.0000;0.0000;0.0000;0.0000;
1072;892.72;11201.73;1537.12;345.5000;65535.0000;1543.5000;1198.0000;0.0000;0.0000;0.0000;
1073;892.90;11199.45;1539.40;351.5000;65535.0000;1536.5000;1185.0000;0.0000;0.0000;0.0000;
1074;893.08;11197.17;1541.68;355.5000;65535.0000;1532.0000;1176.5000;0.0000;0.0000;0.0000;
1075;893.26;11194.90;1543.96;351.0000;65535.0000;1535.5000;1184.5000;0.0000;0.0000;0.0000;
1076;893.45;11192.62;1546.23;354.0000;65535.0000;1525.0000;1171.0000;0.0000;0.0000;0.0000;
1077;893.63;11190.35;1548.51;346.5000;65535.0000;1555.0000;1208.5000;0.0000;0.0000;0.0000;
1078;893.81;11188.07;1550.78;345.5000;65535.0000;1520.0000;1174.5000;0.0000;0.0000;0.0000;
1079;893.99;11185.80;1553.06;345.5000;65535.0000;1538.5000;1193.0000;0.0000;0.0000;0.0000;
1080;894.17;11183.53;1555.33;352.0000;65535.0000;1556.5000;1204.5000;0.0000;0.0000;0.0000;
1081;894.35;11181.25;1557.60;352.5000;65535.0000;1543.0000;1190.5000;0.0000;0.0000;0.0000;
1082;894.54;11178.98;1559.87;360.5000;65535.0000;1539.5000;1179.0000;0.0000;0.0000;0.0000;
1083;894.72;11176.71;1562.14;352.5000;65535.0000;1511.5000;1159.0000;0.0000;0.0000;0.0000;
1084;894.90;11174.45;1564.41;351.5000;65535.0000;1544.5000;1193.0000;0.0000;0.0000;0.0000;
1085;895.08;11172.18;1566.67;350.0000;65535.0000;1524.5000;1174.5000;0.0000;0.0000;0.0000;
1086;895.26;11169.91;1568.94;351.5000;65535.0000;1517.0000;1165.5000;0.0000;0.0000;0.0000;
1087;895.44;11167.65;1571.21;353.0000;65535.0000;1530.0000;1177.0000;0.0000;0.0000;0.0000;
1088;895.63;11165.38;1573.47;355.5000;65535.0000;1537.0000;1181.5000;0.0000;0.0000;0.0000;
1089;895.81;11163.12;1575.73;346.5000;65535.0000;1510.5000;1164.0000;0.0000;0.0000;0.0000;
1090;895.99;11160.86;1578.00;349.0000;65535.0000;1513.5000;1164.5000;0.0000;0.0000;0.0000;
1091;896.17;11158.60;1580.26;348.5000;65535.0000;1515.0000;1166.5000;0.0000;0.0000;0.0000;
1092;896.35;11156.34;1582.52;358.0000;65535.0000;1500.0000;1142.0000;0.0000;0.0000;0.0000;
1093;896.53;11154.08;1584.78;354.5000;65535.0000;1493.0000;1138.5000;0.0000;0.0000;0.0000;
1094;896.71;11151.82;1587.03;362.5000;65535.0000;1494.0000;1131.5000;0.0000;0.0000;0.0000;
1095;896.90;11149.56;1589.29;343.5000;65535.0000;1497.0000;1153.5000;0.0000;0.0000;0.0000;
1096;897.08;11147.31;1591.55;352.0000;65535.0000;1489.0000;1137.0000;0.0000;0.0000;0.0000;
1097;897.26;11145.05;1593.80;344.5000;65535.0000;1508.5000;1164.0000;0.0000;0.0000;0.0000;
1098;897.44;11142.80;1596.06;354.5000;65535.0000;1458.5000;1104.0000;0.0000;0.0000;0.0000;
1099;897.62;11140.54;1598.31;353.0000;65535.0000;1484.5000;1131.5000;0.0000;0.0000;0.0000;
1100;897.80;11138.29;1600.56;360.0000;65535.0000;1506.0000;1146.0000;0.0000;0.0000;0.0000;
1101;897.99;11136.04;1602.81;351.0000;65535.0000;1483.0000;1132.0000;0.0000;0.0000;0.0000;
1102;898.17;11133.79;1605.06;346.5000;65535.0000;1477.0000;1130.5000;0.0000;0.0000;0.0000;
1103;898.35;11131.54;1607.31;349.5000;65535.0000;1463.5000;1114.0000;0.0000;0.0000;0.0000;
1104;898.53;11129.29;1609.56;346.5000;65535.0000;1483.5000;1137.0000;0.0000;0.0000;0.0000;
1105;898.71;11127.04;1611.81;358.5000;65535.0000;1496.0000;1137.5000;0.0000;0.0000;0.0000;
1106;898.89;11124.80;1614.06;347.5000;65535.0000;1459.5000;1112.0000;0.0000;0.0000;0.0000;
1107;899.07;11122.55;1616.30;350.5000;65535.0000;1473.0000;1122.5000;0.0000;0.0000;0.0000;
1108;899.26;11120.31;1618.54;348.0000;65535.0000;1483.5000;1135.5000;0.0000;0.0000;0.0000;
1109;899.44;11118.07;1620.79;349.5000;65535.0000;1489.0000;1139.5000;0.0000;0.0000;0.0000;
1110;899.62;11115.82;1623.03;345.0000;65535.0000;1445.5000;1100.5000;0.0000;0.0000;0.0000;
1111;899.80;11113.58;1625.27;347.0000;65535.0000;1478.5000;1131.5000;0.0000;0.0000;0.0000;
1112;899.98;11111.34;1627.51;358.5000;65535.0000;1483.5000;1125.0000;0.0000;0.0000;0.0000;
1113;900.16;11109.10;1629.75;353.5000;65535.0000;1467.5000;1114.0000;0.0000;0.0000;0.0000;
1114;900.34;11106.86;1631.99;348.0000;65535.0000;1472.5000;1124.5000;0.0000;0.0000;0.0000;
1115;900.53;11104.63;1634.23;348.0000;65535.0000;1453.5000;1105.5000;0.0000;0.0000;0.0000;
1116;900.71;11102.39;1636.46;346.0000;65535.0000;1428.5000;1082.5000;0.0000;0.0000;0.0000;
1117;900.89;11100.15;1638.70;351.0000;65535.0000;1447.5000;1096.5000;0.0000;0.0000;0.0000;
1118;901.07;11097.92;1640.93;350.0000;65535.0000;1465.5000;1115.5000;0.0000;0.0000;0.0000;
1119;901.25;11095.69;1643.17;352.0000;65535.0000;1441.5000;1089.5000;0.0000;0.0000;0.0000;
1120;901.43;11093.45;1645.40;351.0000;65535.0000;1466.5000;1115.5000;0.0000;0.0000;0.0000;
1121;901.61;11091.22;1647.63;353.5000;65535.0000;1442.0000;1088.5000;0.0000;0.0000;0.0000;
1122;901.80;11088.99;1649.86;356.0000;65535.0000;1418.5000;1062.5000;0.0000;0.0000;0.0000;
1123;901.98;11086.76;1652.09;352.0000;65535.0000;1413.0000;1061.0000;0.0000;0.0000;0.0000;
1124;902.16;11084.53;1654.32;355.0000;65535.0000;1434.0000;1079.0000;0.0000;0.0000;0.0000;
1125;902.34;11082.31;1656.55;350.0000;65535.0000;1429.5000;1079.5000;0.0000;0.0000;0.0000;
1126;902.52;11080.08;1658.77;343.5000;65535.0000;1427.0000;1083.5000;0.0000;0.0000;0.0000;
1127;902.70;11077.85;1661.00;348.5000;65535.0000;1404.0000;1055.5000;0.0000;0.0000;0.0000;
1128;902.88;11075.63;1663.22;342.0000;65535.0000;1375.0000;1033.0000;0.0000;0.0000;0.0000;
1129;903.06;11073.41;1665.45;352.5000;65535.0000;1395.0000;1042.5000;0.0000;0.0000;0.0000;
1130;903.25;11071.18;1667.67;352.0000;65535.0000;1386.5000;1034.5000;0.0000;0.0000;0.0000;
1131;903.43;11068.96;1669.89;346.0000;65535.0000;1390.5000;1044.5000;0.0000;0.0000;0.0000;
1132;903.61;11066.74;1672.11;353.5000;65535.0000;1384.0000;1030.5000;0.0000;0.0000;0.0000;
1133;903.79;11064.52;1674.33;352.0000;65535.0000;1373.5000;1021.5000;0.0000;0.0000;0.0000;
1134;903.97;11062.30;1676.55;355.0000;65535.0000;1358.5000;1003.5000;0.0000;0.0000;0.0000;
1135;904.15;11060.08;1678.77;355.0000;65535.0000;1374.5000;1019.5000;0.0000;0.0000;0.0000;
1136;904.33;11057.87;1680.99;357.5000;65535.0000;1351.0000;993.5000;0.0000;0.0000;0.0000;
1137;904.51;11055.65;1683.20;350.0000;65535.0000;1363.0000;1013.0000;0.0000;0.0000;0.0000;
1138;904.70;11053.44;1685.42;352.5000;65535.0000;1352.0000;999.5000;0.0000;0.0000;0.0000;
1139;904.88;11051.22;1687.63;351.0000;65535.0000;1359.0000;1008.0000;0.0000;0.0000;0.0000;
1140;905.06;11049.01;1689.84;348.5000;65535.0000;1325.0000;976.5000;0.0000;0.0000;0.0000;
1141;905.24;11046.80;1692.06;357.5000;65535.0000;1346.0000;988.5000;0.0000;0.0000;0.0000;
1142;905.42;11044.59;1694.27;353.5000;65535.0000;1344.0000;990.5000;0.0000;0.0000;0.0000;
1143;905.60;11042.38;1696.48;345.5000;65535.0000;1374.0000;1028.5000;0.0000;0.0000;0.0000;
1144;905.78;11040.17;1698.69;357.0000;65535.0000;1343.5000;986.5000;0.0000;0.0000;0.0000;
1145;905.96;11037.96;1700.89;348.5000;65535.0000;1303.0000;954.5000;0.0000;0.0000;0.0000;
1146;906.15;11035.75;1703.10;353.0000;65535.0000;1364.0000;1011.0000;0.0000;0.0000;0.0000;
1147;906.33;11033.55;1705.31;354.0000;65535.0000;1321.0000;967.0000;0.0000;0.0000;0.0000;
1148;906.51;11031.34;1707.51;350.5000;65535.0000;1340.0000;989.5000;0.0000;0.0000;0.0000;
1149;906.69;11029.14;1709.72;347.0000;65535.0000;1334.5000;987.5000;0.0000;0.0000;0.0000;
1150;906.87;11026.93;1711.92;348.0000;65535.0000;1306.0000;958.0000;0.0000;0.0000;0.0000;
1151;907.05;11024.73;1714.12;357.0000;65535.0000;1296.0000;939.0000;0.0000;0.0000;0.0000;
1152;907.23;11022.53;1716.32;347.5000;65535.0000;1316.5000;969.0000;0.0000;0.0000;0.0000;
1153;907.41;11020.33;1718.52;356.0000;65535.0000;1326.0000;970.0000;0.0000;0.0000;0.0000;
1154;907.60;11018.13;1720.72;353.5000;65535.0000;1315.5000;962.0000;0.0000;0.0000;0.0000;
1155;907.78;11015.93;1722.92;349.0000;65535.0000;1320.0000;971.0000;0.0000;0.0000;0.0000;
1156;907.96;11013.73;1725.12;346.5000;65535.0000;1305.5000;959.0000;0.0000;0.0000;0.0000;
1157;908.14;11011.54;1727.32;349.0000;65535.0000;1294.0000;945.0000;0.0000;0.0000;0.0000;
1158;908.32;11009.34;1729.51;354.0000;65535.0000;1276.5000;922.5000;0.0000;0.0000;0.0000;
1159;908.50;11007.15;1731.71;348.0000;65535.0000;1292.0000;944.0000;0.0000;0.0000;0.0000;
1160;908.68;11004.95;1733.90;344.5000;65535.0000;1289.5000;945.0000;0.0000;0.0000;0.0000;
1161;908.86;11002.76;1736.09;347.0000;65535.0000;1281.5000;934.5000;0.0000;0.0000;0.0000;
1162;909.04;11000.57;1738.28;348.0000;65535.0000;1294.0000;946.0000;0.0000;0.0000;0.0000;
1163;909.22;10998.38;1740.48;349.5000;65535.0000;1301.5000;952.0000;0.0000;0.0000;0.0000;
1164;909.41;10996.19;1742.66;351.0000;65535.0000;1261.0000;910.0000;0.0000;0.0000;0.0000;
1165;909.59;10994.00;1744.85;357.0000;65535.0000;1266.0000;909.0000;0.0000;0.0000;0.0000;
1166;909.77;10991.81;1747.04;350.5000;65535.0000;1242.5000;892.0000;0.0000;0.0000;0.0000;
1167;909.95;10989.62;1749.23;351.5000;65535.0000;1282.0000;930.5000;0.0000;0.0000;0.0000;
1168;910.13;10987.44;1751.41;347.0000;65535.0000;1275.0000;928.0000;0.0000;0.0000;0.0000;
1169;910.31;10985.25;1753.60;348.5000;65535.0000;1251.5000;903.0000;0.0000;0.0000;0.0000;
1170;910.49;10983.07;1755.78;354.0000;65535.0000;1255.0000;901.0000;0.0000;0.0000;0.0000;
1171;910.67;10980.89;1757.97;352.0000;65535.0000;1265.5000;913.5000;0.0000;0.0000;0.0000;
1172;910.85;10978.70;1760.15;355.5000;65535.0000;1263.5000;908.0000;0.0000;0.0000;0.0000;
1173;911.04;10976.52;1762.33;348.5000;65535.0000;1257.0000;908.5000;0.0000;0.0000;0.0000;
1174;911.22;10974.34;1764.51;341.0000;65535.0000;1234.0000;893.0000;0.0000;0.0000;0.0000;
1175;911.40;10972.16;1766.69;328.5000;65535.0000;1252.5000;924.0000;0.0000;0.0000;0.0000;
1176;911.58;10969.98;1768.87;351.0000;65535.0000;1247.5000;896.5000;0.0000;0.0000;0.0000;
1177;911.76;10967.81;1771.05;362.0000;65535.0000;1256.5000;894.5000;0.0000;0.0000;0.0000;
1178;911.94;10965.63;1773.22;358.0000;65535.0000;1243.5000;885.5000;0.0000;0.0000;0.0000;
1179;912.12;10963.46;1775.40;350.0000;65535.0000;1244.0000;894.0000;0.0000;0.0000;0.0000;
1180;912.30;10961.28;1777.57;352.5000;65535.0000;1263.5000;911.0000;0.0000;0.0000;0.0000;
1181;912.48;10959.11;1779.75;350.0000;65535.0000;1225.0000;875.0000;0.0000;0.0000;0.0000;
1182;912.66;10956.93;1781.92;353.0000;65535.0000;1242.5000;889.5000;0.0000;0.0000;0.0000;
1183;912.84;10954.76;1784.09;350.0000;65535.0000;1263.0000;913.0000;0.0000;0.0000;0.0000;
1184;913.03;10952.59;1786.26;347.0000;65535.0000;1223.5000;876.5000;0.0000;0.0000;0.0000;
1185;913.21;10950.42;1788.43;351.5000;65535.0000;1234.5000;883.0000;0.0000;0.0000;0.0000;
1186;913.39;10948.25;1790.60;345.0000;65535.0000;1250.5000;905.5000;0.0000;0.0000;0.0000;
1187;913.57;10946.08;1792.77;349.5000;65535.0000;1232.5000;883.0000;0.0000;0.0000;0.0000;
1188;913.75;10943.92;1794.94;351.0000;65535.0000;1205.5000;854.5000;0.0000;0.0000;0.0000;
1189;913.93;10941.75;1797.10;355.5000;65535.0000;1238.5000;883.0000;0.0000;0.0000;0.0000;
1190;914.11;10939.59;1799.27;350.5000;65535.0000;1197.5000;847.0000;0.0000;0.0000;0.0000;
1191;914.29;10937.42;1801.43;345.5000;65535.0000;1217.0000;871.5000;0.0000;0.0000;0.0000;
1192;914.47;10935.26;1803.60;353.0000;65535.0000;1222.5000;869.5000;0.0000;0.0000;0.0000;
1193;914.65;10933.10;1805.76;340.0000;65535.0000;1210.5000;870.5000;0.0000;0.0000;0.0000;
1194;914.83;10930.93;1807.92;368.0000;65535.0000;1227.0000;859.0000;0.0000;0.0000;0.0000;
1195;915.02;10928.77;1810.08;356.5000;65535.0000;1219.0000;862.5000;0.0000;0.0000;0.0000;
1196;915.20;10926.61;1812.24;349.0000;65535.0000;1224.0000;875.0000;0.0000;0.0000;0.0000;
1197;915.38;10924.46;1814.40;353.5000;65535.0000;1218.0000;864.5000;0.0000;0.0000;0.0000;
1198;915.56;10922.30;1816.56;342.0000;65535.0000;1223.5000;881.5000;0.0000;0.0000;0.0000;
1199;915.74;10920.14;1818.71;348.5000;65535.0000;1224.0000;875.5000;0.0000;0.0000;0.0000;
1200;915.92;10917.99;1820.87;346.5000;65535.0000;1194.5000;848.0000;0.0000;0.0000;0.0000;
1201;916.10;10915.83;1823.02;350.0000;65535.0000;1209.0000;859.0000;0.0000;0.0000;0.0000;
1202;916.28;10913.68;1825.18;346.0000;65535.0000;1186.5000;840.5000;0.0000;0.0000;0.0000;
1203;916.46;10911.52;1827.33;350.0000;65535.0000;1189.0000;839.0000;0.0000;0.0000;0.0000;
1204;916.64;10909.37;1829.48;360.0000;65535.0000;1202.5000;842.5000;0.0000;0.0000;0.0000;
1205;916.82;10907.22;1831.63;354.0000;65535.0000;1186.5000;832.5000;0.0000;0.0000;0.0000;
1206;917.00;10905.07;1833.78;356.0000;65535.0000;1172.0000;816.0000;0.0000;0.0000;0.0000;
1207;917.19;10902.92;1835.93;353.5000;65535.0000;1167.0000;813.5000;0.0000;0.0000;0.0000;
1208;917.37;10900.77;1838.08;354.5000;65535.0000;1188.5000;834.0000;0.0000;0.0000;0.0000;
1209;917.55;10898.62;1840.23;364.0000;65535.0000;1191.0000;827.0000;0.0000;0.0000;0.0000;
1210;917.73;10896.48;1842.38;349.0000;65535.0000;1181.5000;832.5000;0.0000;0.0000;0.0000;
1211;917.91;10894.33;1844.52;349.0000;65535.0000;1187.5000;838.5000;0.0000;0.0000;0.0000;
1212;918.09;10892.19;1846.67;348.0000;65535.0000;1166.0000;818.0000;0.0000;0.0000;0.0000;
1213;918.27;10890.04;1848.81;354.0000;65535.0000;1176.0000;822.0000;0.0000;0.0000;0.0000;
1214;918.45;10887.90;1850.95;346.5000;65535.0000;1173.0000;826.5000;0.0000;0.0000;0.0000;
1215;918.63;10885.76;1853.09;349.0000;65535.0000;1171.0000;822.0000;0.0000;0.0000;0.0000;
1216;918.81;10883.62;1855.23;362.0000;65535.0000;1166.0000;804.0000;0.0000;0.0000;0.0000;
1217;918.99;10881.48;1857.37;350.5000;65535.0000;1180.0000;829.5000;0.0000;0.0000;0.0000;
1218;919.17;10879.34;1859.51;355.0000;65535.0000;1168.0000;813.0000;0.0000;0.0000;0.0000;
1219;919.35;10877.20;1861.65;354.0000;65535.0000;1153.0000;799.0000;0.0000;0.0000;0.0000;
1220;919.53;10875.06;1863.79;348.5000;65535.0000;1150.5000;802.0000;0.0000;0.0000;0.0000;
1221;919.72;10872.93;1865.93;353.0000;65535.0000;1172.0000;819.0000;0.0000;0.0000;0.0000;
1222;919.90;10870.79;1868.06;350.5000;65535.0000;1153.5000;803.0000;0.0000;0.0000;0.0000;
1223;920.08;10868.66;1870.20;350.0000;65535.0000;1148.0000;798.0000;0.0000;0.0000;0.0000;
1224;920.26;10866.52;1872.33;352.0000;65535.0000;1150.0000;798.0000;0.0000;0.0000;0.0000;
1225;920.44;10864.39;1874.46;353.0000;65535.0000;1136.5000;783.5000;0.0000;0.0000;0.0000;
1226;920.62;10862.26;1876.59;366.0000;65535.0000;1146.0000;780.0000;0.0000;0.0000;0.0000;
1227;920.80;10860.13;1878.72;345.0000;65535.0000;1112.0000;767.0000;0.0000;0.0000;0.0000;
1228;920.98;10858.00;1880.85;348.0000;65535.0000;1149.5000;801.5000;0.0000;0.0000;0.0000;
1229;921.16;10855.87;1882.98;349.0000;65535.0000;1139.0000;790.0000;0.0000;0.0000;0.0000;
1230;921.34;10853.74;1885.11;354.0000;65535.0000;1135.5000;781.5000;0.0000;0.0000;0.0000;
1231;921.52;10851.61;1887.24;358.0000;65535.0000;1137.5000;779.5000;0.0000;0.0000;0.0000;
1232;921.70;10849.49;1889.37;349.5000;65535.0000;1135.5000;786.0000;0.0000;0.0000;0.0000;
1233;921.88;10847.36;1891.49;350.0000;65535.0000;1151.5000;801.5000;0.0000;0.0000;0.0000;
1234;922.06;10845.24;1893.61;346.0000;65535.0000;1139.0000;793.0000;0.0000;0.0000;0.0000;
1235;922.24;10843.12;1895.74;355.5000;65535.0000;1145.0000;789.5000;0.0000;0.0000;0.0000;
1236;922.42;10840.99;1897.86;350.0000;65535.0000;1154.5000;804.5000;0.0000;0.0000;0.0000;
1237;922.61;10838.87;1899.98;353.0000;65535.0000;1149.5000;796.5000;0.0000;0.0000;0.0000;
1238;922.79;10836.75;1902.10;361.0000;65535.0000;1127.0000;766.0000;0.0000;0.0000;0.0000;
1239;922.97;10834.63;1904.22;351.5000;65535.0000;1117.5000;766.0000;0.0000;0.0000;0.0000;
1240;923.15;10832.51;1906.34;349.0000;65535.0000;1112.0000;763.0000;0.0000;0.0000;0.0000;
1241;923.33;10830.39;1908.46;351.5000;65535.0000;1109.5000;758.0000;0.0000;0.0000;0.0000;
1242;923.51;10828.28;1910.58;357.5000;65535.0000;1097.0000;739.5000;0.0000;0.0000;0.0000;
1243;923.69;10826.16;1912.69;356.0000;65535.0000;1110.5000;754.5000;0.0000;0.0000;0.0000;
1244;923.87;10824.04;1914.81;350.5000;65535.0000;1107.5000;757.0000;0.0000;0.0000;0.0000;
1245;924.05;10821.93;1916.92;349.0000;65535.0000;1108.5000;759.5000;0.0000;0.0000;0.0000;
1246;924.23;10819.82;1919.04;343.5000;65535.0000;1109.5000;766.0000;0.0000;0.0000;0.0000;
1247;924.41;10817.70;1921.15;355.5000;65535.0000;1115.0000;759.5000;0.0000;0.0000;0.0000;
1248;924.59;10815.59;1923.26;347.0000;65535.0000;1095.5000;748.5000;0.0000;0.0000;0.0000;
1249;924.77;10813.48;1925.37;353.5000;65535.0000;1122.0000;768.5000;0.0000;0.0000;0.0000;
1250;924.95;10811.37;1927.48;356.0000;65535.0000;1115.5000;759.5000;0.0000;0.0000;0.0000;
1251;925.13;10809.26;1929.59;348.0000;65535.0000;1080.5000;732.5000;0.0000;0.0000;0.0000;
1252;925.31;10807.15;1931.70;349.0000;65535.0000;1087.5000;738.5000;0.0000;0.0000;0.0000;
1253;925.49;10805.05;1933.81;344.0000;65535.0000;1102.0000;758.0000;0.0000;0.0000;0.0000;
1254;925.67;10802.94;1935.91;370.0000;65535.0000;1107.5000;737.5000;0.0000;0.0000;0.0000;
1255;925.85;10800.84;1938.02;347.0000;65535.0000;1096.0000;749.0000;0.0000;0.0000;0.0000;
1256;926.03;10798.73;1940.12;344.0000;65535.0000;1097.5000;753.5000;0.0000;0.0000;0.0000;
1257;926.22;10796.63;1942.23;354.0000;65535.0000;1090.0000;736.0000;0.0000;0.0000;0.0000;
1258;926.40;10794.53;1944.33;342.5000;65535.0000;1089.5000;747.0000;0.0000;0.0000;0.0000;
1259;926.58;10792.42;1946.43;359.5000;65535.0000;1071.0000;711.5000;0.0000;0.0000;0.0000;
1260;926.76;10790.32;1948.53;353.5000;65535.0000;1075.0000;721.5000;0.0000;0.0000;0.0000;
1261;926.94;10788.22;1950.63;350.5000;65535.0000;1098.5000;748.0000;0.0000;0.0000;0.0000;
1262;927.12;10786.12;1952.73;351.5000;65535.0000;1081.0000;729.5000;0.0000;0.0000;0.0000;
1263;927.30;10784.03;1954.83;348.0000;65535.0000;1093.0000;745.0000;0.0000;0.0000;0.0000;
1264;927.48;10781.93;1956.92;353.5000;65535.0000;1085.5000;732.0000;0.0000;0.0000;0.0000;
1265;927.66;10779.83;1959.02;349.5000;65535.0000;1062.5000;713.0000;0.0000;0.0000;0.0000;
1266;927.84;10777.74;1961.12;354.5000;65535.0000;1103.5000;749.0000;0.0000;0.0000;0.0000;
1267;928.02;10775.64;1963.21;344.0000;65535.0000;1049.0000;705.0000;0.0000;0.0000;0.0000;
1268;928.20;10773.55;1965.30;349.0000;65535.0000;1090.0000;741.0000;0.0000;0.0000;0.0000;
1269;928.38;10771.46;1967.40;354.5000;65535.0000;1059.5000;705.0000;0.0000;0.0000;0.0000;
1270;928.56;10769.36;1969.49;352.0000;65535.0000;1068.5000;716.5000;0.0000;0.0000;0.0000;
1271;928.74;10767.27;1971.58;359.0000;65535.0000;1083.0000;724.0000;0.0000;0.0000;0.0000;
1272;928.92;10765.18;1973.67;350.0000;65535.0000;1070.5000;720.5000;0.0000;0.0000;0.0000;
1273;929.10;10763.09;1975.76;350.0000;65535.0000;1048.5000;698.5000;0.0000;0.0000;0.0000;
1274;929.28;10761.01;1977.85;350.0000;65535.0000;1057.0000;707.0000;0.0000;0.0000;0.0000;
1275;929.46;10758.92;1979.94;352.5000;65535.0000;1031.5000;679.0000;0.0000;0.0000;0.0000;
1276;929.64;10756.83;1982.02;353.0000;65535.0000;1051.0000;698.0000;0.0000;0.0000;0.0000;
1277;929.82;10754.75;1984.11;349.0000;65535.0000;1050.5000;701.5000;0.0000;0.0000;0.0000;
1278;930.00;10752.66;1986.19;355.5000;65535.0000;1058.0000;702.5000;0.0000;0.0000;0.0000;
1279;930.18;10750.58;1988.28;354.0000;65535.0000;1040.0000;686.0000;0.0000;0.0000;0.0000;
1280;930.36;10748.49;1990.36;352.0000;65535.0000;1055.0000;703.0000;0.0000;0.0000;0.0000;
1281;930.54;10746.41;1992.44;352.0000;65535.0000;1044.0000;692.0000;0.0000;0.0000;0.0000;
1282;930.72;10744.33;1994.52;353.5000;65535.0000;1031.5000;678.0000;0.0000;0.0000;0.0000;
1283;930.90;10742.25;1996.60;362.0000;65535.0000;1036.0000;674.0000;0.0000;0.0000;0.0000;
1284;931.08;10740.17;1998.68;352.0000;65535.0000;1021.0000;669.0000;0.0000;0.0000;0.0000;
1285;931.26;10738.09;2000.76;347.0000;65535.0000;1005.5000;658.5000;0.0000;0.0000;0.0000;
1286;931.44;10736.02;2002.84;346.5000;65535.0000;1022.0000;675.5000;0.0000;0.0000;0.0000;
1287;931.62;10733.94;2004.91;343.5000;65535.0000;1040.0000;696.5000;0.0000;0.0000;0.0000;
1288;931.80;10731.86;2006.99;349.5000;65535.0000;1019.0000;669.5000;0.0000;0.0000;0.0000;
1289;931.98;10729.79;2009.07;340.5000;65535.0000;1028.0000;687.5000;0.0000;0.0000;0.0000;
1290;932.17;10727.71;2011.14;353.0000;65535.0000;1025.0000;672.0000;0.0000;0.0000;0.0000;
1291;932.35;10725.64;2013.21;351.5000;65535.0000;1006.5000;655.0000;0.0000;0.0000;0.0000;
1292;932.53;10723.57;2015.29;347.0000;65535.0000;1023.5000;676.5000;0.0000;0.0000;0.0000;
1293;932.71;10721.50;2017.36;351.0000;65535.0000;1006.0000;655.0000;0.0000;0.0000;0.0000;
1294;932.89;10719.43;2019.43;351.0000;65535.0000;1008.0000;657.0000;0.0000;0.0000;0.0000;
1295;933.07;10717.36;2021.50;357.5000;65535.0000;1019.5000;662.0000;0.0000;0.0000;0.0000;
1296;933.25;10715.29;2023.57;353.5000;65535.0000;1013.5000;660.0000;0.0000;0.0000;0.0000;
1297;933.43;10713.22;2025.63;354.0000;65535.0000;1001.5000;647.5000;0.0000;0.0000;0.0000;
1298;933.61;10711.15;2027.70;350.5000;65535.0000;1005.5000;655.0000;0.0000;0.0000;0.0000;
1299;933.79;10709.09;2029.77;347.0000;65535.0000;1012.0000;665.0000;0.0000;0.0000;0.0000;
1300;933.97;10707.02;2031.83;349.0000;65535.0000;999.5000;650.5000;0.0000;0.0000;0.0000;
1301;934.15;10704.96;2033.90;359.0000;65535.0000;984.0000;625.0000;0.0000;0.0000;0.0000;
1302;934.33;10702.89;2035.96;353.0000;65535.0000;998.5000;645.5000;0.0000;0.0000;0.0000;
1303;934.51;10700.83;2038.02;347.0000;65535.0000;990.5000;643.5000;0.0000;0.0000;0.0000;
1304;934.69;10698.77;2040.08;342.5000;65535.0000;1008.0000;665.5000;0.0000;0.0000;0.0000;
1305;934.87;10696.71;2042.15;347.0000;65535.0000;992.5000;645.5000;0.0000;0.0000;0.0000;
1306;935.05;10694.65;2044.21;344.5000;65535.0000;970.0000;625.5000;0.0000;0.0000;0.0000;
1307;935.23;10692.59;2046.26;357.0000;65535.0000;1003.5000;646.5000;0.0000;0.0000;0.0000;
1308;935.41;10690.53;2048.32;347.5000;65535.0000;996.0000;648.5000;0.0000;0.0000;0.0000;
1309;935.59;10688.47;2050.38;354.5000;65535.0000;973.0000;618.5000;0.0000;0.0000;0.0000;
1310;935.77;10686.42;2052.44;349.5000;65535.0000;985.0000;635.5000;0.0000;0.0000;0.0000;
1311;935.95;10684.36;2054.49;350.5000;65535.0000;978.0000;627.5000;0.0000;0.0000;0.0000;
1312;936.13;10682.31;2056.55;351.5000;65535.0000;988.5000;637.0000;0.0000;0.0000;0.0000;
1313;936.31;10680.25;2058.60;348.0000;65535.0000;989.0000;641.0000;0.0000;0.0000;0.0000;
1314;936.49;10678.20;2060.65;352.5000;65535.0000;997.5000;645.0000;0.0000;0.0000;0.0000;
1315;936.67;10676.15;2062.71;346.0000;65535.0000;968.0000;622.0000;0.0000;0.0000;0.0000;
1316;936.85;10674.10;2064.76;351.0000;65535.0000;957.5000;606.5000;0.0000;0.0000;0.0000;
1317;937.03;10672.05;2066.81;357.0000;65535.0000;952.5000;595.5000;0.0000;0.0000;0.0000;
1318;937.21;10670.00;2068.86;352.5000;65535.0000;955.0000;602.5000;0.0000;0.0000;0.0000;
1319;937.39;10667.95;2070.91;349.5000;65535.0000;949.0000;599.5000;0.0000;0.0000;0.0000;
1320;937.57;10665.90;2072.95;357.0000;65535.0000;955.5000;598.5000;0.0000;0.0000;0.0000;
1321;937.75;10663.85;2075.00;355.0000;65535.0000;957.5000;602.5000;0.0000;0.0000;0.0000;
1322;937.93;10661.81;2077.05;355.0000;65535.0000;944.5000;589.5000;0.0000;0.0000;0.0000;
1323;938.11;10659.76;2079.09;343.0000;65535.0000;975.5000;632.5000;0.0000;0.0000;0.0000;
1324;938.29;10657.72;2081.14;357.5000;65535.0000;960.5000;603.0000;0.0000;0.0000;0.0000;
1325;938.47;10655.67;2083.18;332.5000;65535.0000;993.5000;661.0000;0.0000;0.0000;0.0000;
1326;938.65;10653.63;2085.22;351.5000;65535.0000;975.0000;623.5000;0.0000;0.0000;0.0000;
1327;938.83;10651.59;2087.26;349.5000;65535.0000;954.0000;604.5000;0.0000;0.0000;0.0000;
1328;939.01;10649.55;2089.31;350.5000;65535.0000;947.5000;597.0000;0.0000;0.0000;0.0000;
1329;939.19;10647.51;2091.35;352.0000;65535.0000;946.0000;594.0000;0.0000;0.0000;0.0000;
1330;939.37;10645.47;2093.38;348.5000;65535.0000;927.5000;579.0000;0.0000;0.0000;0.0000;
1331;939.55;10643.43;2095.42;357.0000;65535.0000;940.0000;583.0000;0.0000;0.0000;0.0000;
1332;939.73;10641.39;2097.46;350.5000;65535.0000;940.0000;589.5000;0.0000;0.0000;0.0000;
1333;939.91;10639.36;2099.50;346.5000;65535.0000;927.0000;580.5000;0.0000;0.0000;0.0000;
1334;940.09;10637.32;2101.53;353.5000;65535.0000;924.0000;570.5000;0.0000;0.0000;0.0000;
1335;940.27;10635.29;2103.57;341.0000;65535.0000;936.5000;595.5000;0.0000;0.0000;0.0000;
1336;940.45;10633.25;2105.60;349.5000;65535.0000;924.5000;575.0000;0.0000;0.0000;0.0000;
1337;940.63;10631.22;2107.63;349.5000;65535.0000;944.5000;595.0000;0.0000;0.0000;0.0000;
1338;940.81;10629.19;2109.67;351.0000;65535.0000;931.5000;580.5000;0.0000;0.0000;0.0000;
1339;940.99;10627.16;2111.70;349.0000;65535.0000;915.5000;566.5000;0.0000;0.0000;0.0000;
1340;941.17;10625.12;2113.73;351.5000;65535.0000;934.0000;582.5000;0.0000;0.0000;0.0000;
1341;941.35;10623.10;2115.76;350.0000;65535.0000;930.0000;580.0000;0.0000;0.0000;0.0000;
1342;941.53;10621.07;2117.79;352.5000;65535.0000;921.5000;569.0000;0.0000;0.0000;0.0000;
1343;941.70;10619.04;2119.82;352.5000;65535.0000;931.5000;579.0000;0.0000;0.0000;0.0000;
1344;941.88;10617.01;2121.84;353.5000;65535.0000;896.5000;543.0000;0.0000;0.0000;0.0000;
1345;942.06;10614.98;2123.87;353.5000;65535.0000;910.0000;556.5000;0.0000;0.0000;0.0000;
1346;942.24;10612.96;2125.89;351.0000;65535.0000;919.0000;568.0000;0.0000;0.0000;0.0000;
1347;942.42;10610.93;2127.92;347.5000;65535.0000;909.0000;561.5000;0.0000;0.0000;0.0000;
1348;942.60;10608.91;2129.94;355.0000;65535.0000;902.5000;547.5000;0.0000;0.0000;0.0000;
1349;942.78;10606.89;2131.97;346.5000;65535.0000;897.5000;551.0000;0.0000;0.0000;0.0000;
1350;942.96;10604.87;2133.99;343.5000;65535.0000;878.0000;534.5000;0.0000;0.0000;0.0000;
1351;943.14;10602.84;2136.01;354.0000;65535.0000;899.5000;545.5000;0.0000;0.0000;0.0000;
1352;943.32;10600.82;2138.03;347.0000;65535.0000;889.0000;542.0000;0.0000;0.0000;0.0000;
1353;943.50;10598.81;2140.05;352.0000;65535.0000;883.5000;531.5000;0.0000;0.0000;0.0000;
1354;943.68;10596.79;2142.07;353.5000;65535.0000;895.5000;542.0000;0.0000;0.0000;0.0000;
1355;943.86;10594.77;2144.08;357.0000;65535.0000;881.5000;524.5000;0.0000;0.0000;0.0000;
1356;944.04;10592.75;2146.10;347.5000;65535.0000;901.5000;554.0000;0.0000;0.0000;0.0000;
1357;944.22;10590.74;2148.12;354.0000;65535.0000;870.0000;516.0000;0.0000;0.0000;0.0000;
1358;944.40;10588.72;2150.13;342.5000;65535.0000;895.0000;552.5000;0.0000;0.0000;0.0000;
1359;944.58;10586.71;2152.15;347.5000;65535.0000;882.5000;535.0000;0.0000;0.0000;0.0000;
1360;944.76;10584.69;2154.16;353.0000;65535.0000;869.5000;516.5000;0.0000;0.0000;0.0000;
1361;944.94;10582.68;2156.17;349.5000;65535.0000;874.0000;524.5000;0.0000;0.0000;0.0000;
1362;945.12;10580.67;2158.19;350.0000;65535.0000;878.0000;528.0000;0.0000;0.0000;0.0000;
1363;945.30;10578.66;2160.20;349.5000;65535.0000;869.0000;519.5000;0.0000;0.0000;0.0000;
1364;945.48;10576.65;2162.21;347.0000;65535.0000;877.5000;530.5000;0.0000;0.0000;0.0000;
1365;945.66;10574.64;2164.22;358.0000;65535.0000;875.5000;517.5000;0.0000;0.0000;0.0000;
1366;945.84;10572.63;2166.22;354.0000;65535.0000;872.5000;518.5000;0.0000;0.0000;0.0000;
1367;946.02;10570.62;2168.23;352.5000;65535.0000;855.5000;503.0000;0.0000;0.0000;0.0000;
1368;946.20;10568.61;2170.24;356.0000;65535.0000;863.5000;507.5000;0.0000;0.0000;0.0000;
1369;946.38;10566.61;2172.24;346.5000;65535.0000;879.5000;533.0000;0.0000;0.0000;0.0000;
1370;946.56;10564.60;2174.25;350.0000;65535.0000;866.0000;516.0000;0.0000;0.0000;0.0000;
1371;946.74;10562.60;2176.25;344.5000;65535.0000;871.5000;527.0000;0.0000;0.0000;0.0000;
1372;946.92;10560.60;2178.26;347.5000;65535.0000;862.5000;515.0000;0.0000;0.0000;0.0000;
1373;947.10;10558.59;2180.26;354.0000;65535.0000;861.0000;507.0000;0.0000;0.0000;0.0000;
1374;947.28;10556.59;2182.26;350.5000;65535.0000;870.5000;520.0000;0.0000;0.0000;0.0000;
1375;947.46;10554.59;2184.26;363.0000;65535.0000;860.5000;497.5000;0.0000;0.0000;0.0000;
1376;947.63;10552.59;2186.26;349.5000;65535.0000;860.0000;510.5000;0.0000;0.0000;0.0000;
1377;947.81;10550.59;2188.26;350.0000;65535.0000;849.5000;499.5000;0.0000;0.0000;0.0000;
1378;947.99;10548.59;2190.26;352.0000;65535.0000;842.0000;490.0000;0.0000;0.0000;0.0000;
1379;948.17;10546.60;2192.26;356.5000;65535.0000;849.0000;492.5000;0.0000;0.0000;0.0000;
1380;948.35;10544.60;2194.25;361.5000;65535.0000;859.5000;498.0000;0.0000;0.0000;0.0000;
1381;948.53;10542.60;2196.25;346.0000;65535.0000;852.5000;506.5000;0.0000;0.0000;0.0000;
1382;948.71;10540.61;2198.25;350.0000;65535.0000;856.0000;506.0000;0.0000;0.0000;0.0000;
1383;948.89;10538.61;2200.24;349.0000;65535.0000;832.0000;483.0000;0.0000;0.0000;0.0000;
1384;949.07;10536.62;2202.23;353.0000;65535.0000;843.0000;490.0000;0.0000;0.0000;0.0000;
1385;949.25;10534.63;2204.23;349.5000;65535.0000;828.5000;479.0000;0.0000;0.0000;0.0000;
1386;949.43;10532.64;2206.22;352.0000;65535.0000;820.5000;468.5000;0.0000;0.0000;0.0000;
1387;949.61;10530.65;2208.21;352.5000;65535.0000;845.0000;492.5000;0.0000;0.0000;0.0000;
1388;949.79;10528.66;2210.20;344.0000;65535.0000;837.5000;493.5000;0.0000;0.0000;0.0000;
1389;949.97;10526.67;2212.19;349.5000;65535.0000;824.0000;474.5000;0.0000;0.0000;0.0000;
1390;950.15;10524.68;2214.18;350.5000;65535.0000;824.5000;474.0000;0.0000;0.0000;0.0000;
1391;950.33;10522.69;2216.16;350.5000;65535.0000;835.0000;484.5000;0.0000;0.0000;0.0000;
1392;950.51;10520.70;2218.15;347.5000;65535.0000;839.5000;492.0000;0.0000;0.0000;0.0000;
1393;950.69;10518.72;2220.14;353.0000;65535.0000;828.0000;475.0000;0.0000;0.0000;0.0000;
1394;950.87;10516.73;2222.12;348.0000;65535.0000;832.5000;484.5000;0.0000;0.0000;0.0000;
1395;951.05;10514.75;2224.11;345.5000;65535.0000;817.0000;471.5000;0.0000;0.0000;0.0000;
1396;951.22;10512.76;2226.09;356.5000;65535.0000;829.0000;472.5000;0.0000;0.0000;0.0000;
1397;951.40;10510.78;2228.07;354.5000;65535.0000;811.0000;456.5000;0.0000;0.0000;0.0000;
1398;951.58;10508.80;2230.05;349.5000;65535.0000;816.0000;466.5000;0.0000;0.0000;0.0000;
1399;951.76;10506.82;2232.03;350.5000;65535.0000;812.5000;462.0000;0.0000;0.0000;0.0000;
1400;951.94;10504.84;2234.01;346.0000;65535.0000;794.0000;448.0000;0.0000;0.0000;0.0000;
1401;952.12;10502.86;2235.99;345.0000;65535.0000;811.5000;466.5000;0.0000;0.0000;0.0000;
1402;952.30;10500.88;2237.97;348.0000;65535.0000;805.0000;457.0000;0.0000;0.0000;0.0000;
1403;952.48;10498.90;2239.95;350.0000;65535.0000;789.5000;439.5000;0.0000;0.0000;0.0000;
1404;952.66;10496.93;2241.93;350.0000;65535.0000;799.0000;449.0000;0.0000;0.0000;0.0000;
1405;952.84;10494.95;2243.90;350.0000;65535.0000;801.0000;451.0000;0.0000;0.0000;0.0000;
1406;953.02;10492.98;2245.88;351.5000;65535.0000;791.5000;440.0000;0.0000;0.0000;0.0000;
1407;953.20;10491.00;2247.85;347.5000;65535.0000;797.0000;449.5000;0.0000;0.0000;0.0000;
1408;953.38;10489.03;2249.82;360.5000;65535.0000;811.5000;451.0000;0.0000;0.0000;0.0000;
1409;953.56;10487.06;2251.80;349.0000;65535.0000;796.5000;447.5000;0.0000;0.0000;0.0000;
1410;953.74;10485.08;2253.77;347.5000;65535.0000;795.0000;447.5000;0.0000;0.0000;0.0000;
1411;953.92;10483.11;2255.74;356.0000;65535.0000;783.0000;427.0000;0.0000;0.0000;0.0000;
1412;954.09;10481.14;2257.71;349.0000;65535.0000;779.0000;430.0000;0.0000;0.0000;0.0000;
1413;954.27;10479.17;2259.68;364.5000;65535.0000;766.5000;402.0000;0.0000;0.0000;0.0000;
1414;954.45;10477.21;2261.65;352.5000;65535.0000;775.5000;423.0000;0.0000;0.0000;0.0000;
1415;954.63;10475.24;2263.62;348.5000;65535.0000;785.5000;437.0000;0.0000;0.0000;0.0000;
1416;954.81;10473.27;2265.58;346.5000;65535.0000;771.5000;425.0000;0.0000;0.0000;0.0000;
1417;954.99;10471.30;2267.55;355.5000;65535.0000;784.0000;428.5000;0.0000;0.0000;0.0000;
1418;955.17;10469.34;2269.51;352.5000;65535.0000;763.5000;411.0000;0.0000;0.0000;0.0000;
1419;955.35;10467.37;2271.48;348.0000;65535.0000;774.0000;426.0000;0.0000;0.0000;0.0000;
1420;955.53;10465.41;2273.44;350.5000;65535.0000;766.0000;415.5000;0.0000;0.0000;0.0000;
1421;955.71;10463.45;2275.41;345.0000;65535.0000;777.5000;432.5000;0.0000;0.0000;0.0000;
1422;955.89;10461.49;2277.37;352.5000;65535.0000;769.5000;417.0000;0.0000;0.0000;0.0000;
1423;956.07;10459.52;2279.33;351.5000;65535.0000;780.5000;429.0000;0.0000;0.0000;0.0000;
1424;956.25;10457.56;2281.29;349.5000;65535.0000;780.0000;430.5000;0.0000;0.0000;0.0000;
1425;956.42;10455.60;2283.25;351.5000;65535.0000;748.0000;396.5000;0.0000;0.0000;0.0000;
1426;956.60;10453.65;2285.21;349.0000;65535.0000;767.0000;418.0000;0.0000;0.0000;0.0000;
1427;956.78;10451.69;2287.17;349.5000;65535.0000;768.0000;418.5000;0.0000;0.0000;0.0000;
1428;956.96;10449.73;2289.12;352.5000;65535.0000;752.0000;399.5000;0.0000;0.0000;0.0000;
1429;957.14;10447.77;2291.08;354.5000;65535.0000;772.5000;418.0000;0.0000;0.0000;0.0000;
1430;957.32;10445.82;2293.03;351.5000;65535.0000;765.5000;414.0000;0.0000;0.0000;0.0000;
1431;957.50;10443.86;2294.99;345.5000;65535.0000;765.0000;419.5000;0.0000;0.0000;0.0000;
1432;957.68;10441.91;2296.94;352.5000;65535.0000;750.5000;398.0000;0.0000;0.0000;0.0000;
1433;957.86;10439.96;2298.90;348.5000;65535.0000;764.5000;416.0000;0.0000;0.0000;0.0000;
1434;958.04;10438.01;2300.85;356.0000;65535.0000;749.0000;393.0000;0.0000;0.0000;0.0000;
1435;958.22;10436.05;2302.80;350.5000;65535.0000;741.5000;391.0000;0.0000;0.0000;0.0000;
1436;958.40;10434.10;2304.75;350.5000;65535.0000;745.5000;395.0000;0.0000;0.0000;0.0000;
1437;958.57;10432.15;2306.70;353.5000;65535.0000;750.5000;397.0000;0.0000;0.0000;0.0000;
1438;958.75;10430.20;2308.65;353.0000;65535.0000;753.5000;400.5000;0.0000;0.0000;0.0000;
1439;958.93;10428.26;2310.60;361.0000;65535.0000;737.0000;376.0000;0.0000;0.0000;0.0000;
1440;959.11;10426.31;2312.54;351.0000;65535.0000;726.5000;375.5000;0.0000;0.0000;0.0000;
1441;959.29;10424.36;2314.49;350.5000;65535.0000;729.5000;379.0000;0.0000;0.0000;0.0000;
1442;959.47;10422.42;2316.44;348.0000;65535.0000;750.0000;402.0000;0.0000;0.0000;0.0000;
1443;959.65;10420.47;2318.38;348.5000;65535.0000;746.0000;397.5000;0.0000;0.0000;0.0000;
1444;959.83;10418.53;2320.33;356.5000;65535.0000;738.5000;382.0000;0.0000;0.0000;0.0000;
1445;960.01;10416.58;2322.27;349.0000;65535.0000;724.5000;375.5000;0.0000;0.0000;0.0000;
1446;960.19;10414.64;2324.21;351.0000;65535.0000;725.5000;374.5000;0.0000;0.0000;0.0000;
1447;960.37;10412.70;2326.15;353.5000;65535.0000;745.5000;392.0000;0.0000;0.0000;0.0000;
1448;960.54;10410.76;2328.09;343.0000;65535.0000;735.5000;392.5000;0.0000;0.0000;0.0000;
1449;960.72;10408.82;2330.04;352.5000;65535.0000;724.5000;372.0000;0.0000;0.0000;0.0000;
1450;960.90;10406.88;2331.97;351.5000;65535.0000;710.0000;358.5000;0.0000;0.0000;0.0000;
1451;961.08;10404.94;2333.91;352.0000;65535.0000;728.0000;376.0000;0.0000;0.0000;0.0000;
1452;961.26;10403.00;2335.85;354.5000;65535.0000;722.0000;367.5000;0.0000;0.0000;0.0000;
1453;961.44;10401.07;2337.79;353.0000;65535.0000;733.0000;380.0000;0.0000;0.0000;0.0000;
1454;961.62;10399.13;2339.72;358.0000;65535.0000;735.5000;377.5000;0.0000;0.0000;0.0000;
1455;961.80;10397.19;2341.66;346.0000;65535.0000;720.0000;374.0000;0.0000;0.0000;0.0000;
1456;961.98;10395.26;2343.59;350.0000;65535.0000;723.5000;373.5000;0.0000;0.0000;0.0000;
1457;962.16;10393.33;2345.53;350.5000;65535.0000;707.0000;356.5000;0.0000;0.0000;0.0000;
1458;962.33;10391.39;2347.46;351.5000;65535.0000;713.5000;362.0000;0.0000;0.0000;0.0000;
1459;962.51;10389.46;2349.39;353.5000;65535.0000;733.0000;379.5000;0.0000;0.0000;0.0000;
1460;962.69;10387.53;2351.32;344.5000;65535.0000;716.5000;372.0000;0.0000;0.0000;0.0000;
1461;962.87;10385.60;2353.25;350.5000;65535.0000;721.5000;371.0000;0.0000;0.0000;0.0000;
1462;963.05;10383.67;2355.18;354.0000;65535.0000;707.0000;353.0000;0.0000;0.0000;0.0000;
1463;963.23;10381.74;2357.11;350.5000;65535.0000;696.5000;346.0000;0.0000;0.0000;0.0000;
1464;963.41;10379.81;2359.04;350.0000;65535.0000;714.0000;364.0000;0.0000;0.0000;0.0000;
1465;963.59;10377.88;2360.97;350.0000;65535.0000;699.5000;349.5000;0.0000;0.0000;0.0000;
1466;963.77;10375.96;2362.90;350.0000;65535.0000;704.5000;354.5000;0.0000;0.0000;0.0000;
1467;963.95;10374.03;2364.82;349.0000;65535.0000;699.5000;350.5000;0.0000;0.0000;0.0000;
1468;964.12;10372.11;2366.75;355.5000;65535.0000;701.5000;346.0000;0.0000;0.0000;0.0000;
1469;964.30;10370.18;2368.67;347.0000;65535.0000;703.5000;356.5000;0.0000;0.0000;0.0000;
1470;964.48;10368.26;2370.59;350.0000;65535.0000;690.0000;340.0000;0.0000;0.0000;0.0000;
1471;964.66;10366.34;2372.52;355.5000;65535.0000;693.0000;337.5000;0.0000;0.0000;0.0000;
1472;964.84;10364.42;2374.44;348.5000;65535.0000;695.0000;346.5000;0.0000;0.0000;0.0000;
1473;965.02;10362.49;2376.36;341.0000;65535.0000;710.5000;369.5000;0.0000;0.0000;0.0000;
1474;965.20;10360.57;2378.28;352.5000;65535.0000;694.0000;341.5000;0.0000;0.0000;0.0000;
1475;965.38;10358.65;2380.20;365.5000;65535.0000;685.0000;319.5000;0.0000;0.0000;0.0000;
1476;965.56;10356.74;2382.12;354.0000;65535.0000;702.0000;348.0000;0.0000;0.0000;0.0000;
1477;965.73;10354.82;2384.04;343.5000;65535.0000;686.0000;342.5000;0.0000;0.0000;0.0000;
1478;965.91;10352.90;2385.95;348.5000;65535.0000;700.5000;352.0000;0.0000;0.0000;0.0000;
1479;966.09;10350.98;2387.87;348.5000;65535.0000;690.0000;341.5000;0.0000;0.0000;0.0000;
1480;966.27;10349.07;2389.78;352.5000;65535.0000;694.5000;342.0000;0.0000;0.0000;0.0000;
1481;966.45;10347.15;2391.70;350.5000;65535.0000;673.0000;322.5000;0.0000;0.0000;0.0000;
1482;966.63;10345.24;2393.61;344.0000;65535.0000;699.5000;355.5000;0.0000;0.0000;0.0000;
1483;966.81;10343.33;2395.53;360.0000;65535.0000;666.5000;306.5000;0.0000;0.0000;0.0000;
1484;966.99;10341.41;2397.44;344.0000;65535.0000;665.0000;321.0000;0.0000;0.0000;0.0000;
1485;967.16;10339.50;2399.35;348.5000;65535.0000;668.5000;320.0000;0.0000;0.0000;0.0000;
1486;967.34;10337.59;2401.26;352.0000;65535.0000;674.5000;322.5000;0.0000;0.0000;0.0000;
1487;967.52;10335.68;2403.17;351.0000;65535.0000;678.0000;327.0000;0.0000;0.0000;0.0000;
1488;967.70;10333.77;2405.08;354.0000;65535.0000;671.5000;317.5000;0.0000;0.0000;0.0000;
1489;967.88;10331.86;2406.99;351.5000;65535.0000;681.0000;329.5000;0.0000;0.0000;0.0000;
1490;968.06;10329.96;2408.90;347.5000;65535.0000;665.0000;317.5000;0.0000;0.0000;0.0000;
1491;968.24;10328.05;2410.80;342.0000;65535.0000;666.0000;324.0000;0.0000;0.0000;0.0000;
1492;968.42;10326.14;2412.71;359.5000;65535.0000;669.0000;309.5000;0.0000;0.0000;0.0000;
1493;968.59;10324.24;2414.61;354.0000;65535.0000;663.0000;309.0000;0.0000;0.0000;0.0000;
1494;968.77;10322.33;2416.52;347.5000;65535.0000;668.0000;320.5000;0.0000;0.0000;0.0000;
1495;968.95;10320.43;2418.42;355.0000;65535.0000;673.5000;318.5000;0.0000;0.0000;0.0000;
1496;969.13;10318.53;2420.33;339.0000;65535.0000;645.5000;306.5000;0.0000;0.0000;0.0000;
1497;969.31;10316.63;2422.23;357.5000;65535.0000;660.0000;302.5000;0.0000;0.0000;0.0000;
1498;969.49;10314.72;2424.13;346.0000;65535.0000;648.0000;302.0000;0.0000;0.0000;0.0000;
1499;969.67;10312.82;2426.03;353.5000;65535.0000;653.0000;299.5000;0.0000;0.0000;0.0000;
1500;969.85;10310.92;2427.93;350.0000;65535.0000;643.0000;293.0000;0.0000;0.0000;0.0000;
1501;970.02;10309.02;2429.83;348.0000;65535.0000;658.5000;310.5000;0.0000;0.0000;0.0000;
1502;970.20;10307.13;2431.73;347.5000;65535.0000;657.0000;309.5000;0.0000;0.0000;0.0000;
1503;970.38;10305.23;2433.62;346.5000;65535.0000;640.0000;293.5000;0.0000;0.0000;0.0000;
1504;970.56;10303.33;2435.52;354.0000;65535.0000;654.0000;300.0000;0.0000;0.0000;0.0000;
1505;970.74;10301.44;2437.42;350.5000;65535.0000;651.0000;300.5000;0.0000;0.0000;0.0000;
1506;970.92;10299.54;2439.31;350.0000;65535.0000;654.0000;304.0000;0.0000;0.0000;0.0000;
1507;971.10;10297.65;2441.21;354.5000;65535.0000;649.5000;295.0000;0.0000;0.0000;0.0000;
1508;971.27;10295.75;2443.10;341.0000;65535.0000;649.0000;308.0000;0.0000;0.0000;0.0000;
1509;971.45;10293.86;2444.99;332.5000;65535.0000;629.0000;296.5000;0.0000;0.0000;0.0000;
1510;971.63;10291.97;2446.89;345.0000;65535.0000;637.5000;292.5000;0.0000;0.0000;0.0000;
1511;971.81;10290.08;2448.78;353.0000;65535.0000;642.0000;289.0000;0.0000;0.0000;0.0000;
1512;971.99;10288.19;2450.67;353.5000;65535.0000;635.0000;281.5000;0.0000;0.0000;0.0000;
1513;972.17;10286.30;2452.56;340.5000;65535.0000;652.0000;311.5000;0.0000;0.0000;0.0000;
1514;972.35;10284.41;2454.45;357.0000;65535.0000;636.5000;279.5000;0.0000;0.0000;0.0000;
1515;972.52;10282.52;2456.33;346.5000;65535.0000;627.5000;281.0000;0.0000;0.0000;0.0000;
1516;972.70;10280.63;2458.22;354.5000;65535.0000;636.5000;282.0000;0.0000;0.0000;0.0000;
1517;972.88;10278.75;2460.11;349.0000;65535.0000;645.5000;296.5000;0.0000;0.0000;0.0000;
1518;973.06;10276.86;2461.99;350.5000;65535.0000;626.5000;276.0000;0.0000;0.0000;0.0000;
1519;973.24;10274.97;2463.88;355.5000;65535.0000;630.0000;274.5000;0.0000;0.0000;0.0000;
1520;973.42;10273.09;2465.76;346.0000;65535.0000;628.5000;282.5000;0.0000;0.0000;0.0000;
1521;973.60;10271.21;2467.65;355.0000;65535.0000;630.5000;275.5000;0.0000;0.0000;0.0000;
1522;973.77;10269.32;2469.53;346.0000;65535.0000;609.0000;263.0000;0.0000;0.0000;0.0000;
1523;973.95;10267.44;2471.41;349.5000;65535.0000;628.5000;279.0000;0.0000;0.0000;0.0000;
1524;974.13;10265.56;2473.29;349.0000;65535.0000;605.0000;256.0000;0.0000;0.0000;0.0000;
1525;974.31;10263.68;2475.17;337.5000;65535.0000;615.5000;278.0000;0.0000;0.0000;0.0000;
1526;974.49;10261.80;2477.05;354.5000;65535.0000;598.0000;243.5000;0.0000;0.0000;0.0000;
1527;974.67;10259.92;2478.93;353.0000;65535.0000;632.5000;279.5000;0.0000;0.0000;0.0000;
1528;974.84;10258.04;2480.81;353.0000;65535.0000;616.0000;263.0000;0.0000;0.0000;0.0000;
1529;975.02;10256.17;2482.69;346.5000;65535.0000;614.0000;267.5000;0.0000;0.0000;0.0000;
1530;975.20;10254.29;2484.56;350.5000;65535.0000;620.5000;270.0000;0.0000;0.0000;0.0000;
1531;975.38;10252.41;2486.44;351.5000;65535.0000;615.5000;264.0000;0.0000;0.0000;0.0000;
1532;975.56;10250.54;2488.32;344.0000;65535.0000;610.5000;266.5000;0.0000;0.0000;0.0000;
1533;975.74;10248.66;2490.19;351.5000;65535.0000;616.5000;265.0000;0.0000;0.0000;0.0000;
1534;975.92;10246.79;2492.06;344.5000;65535.0000;600.5000;256.0000;0.0000;0.0000;0.0000;
1535;976.09;10244.92;2493.94;348.5000;65535.0000;606.0000;257.5000;0.0000;0.0000;0.0000;
1536;976.27;10243.05;2495.81;351.0000;65535.0000;614.0000;263.0000;0.0000;0.0000;0.0000;
1537;976.45;10241.17;2497.68;346.5000;65535.0000;606.0000;259.5000;0.0000;0.0000;0.0000;
1538;976.63;10239.30;2499.55;348.5000;65535.0000;606.0000;257.5000;0.0000;0.0000;0.0000;
1539;976.81;10237.43;2501.42;349.5000;65535.0000;603.5000;254.0000;0.0000;0.0000;0.0000;
1540;976.99;10235.56;2503.29;357.5000;65535.0000;589.5000;232.0000;0.0000;0.0000;0.0000;
1541;977.16;10233.70;2505.16;346.5000;65535.0000;588.0000;241.5000;0.0000;0.0000;0.0000;
1542;977.34;10231.83;2507.02;356.5000;65535.0000;590.5000;234.0000;0.0000;0.0000;0.0000;
1543;977.52;10229.96;2508.89;356.0000;65535.0000;594.5000;238.5000;0.0000;0.0000;0.0000;
1544;977.70;10228.10;2510.76;349.5000;65535.0000;612.5000;263.0000;0.0000;0.0000;0.0000;
1545;977.88;10226.23;2512.62;356.5000;65535.0000;595.0000;238.5000;0.0000;0.0000;0.0000;
1546;978.06;10224.37;2514.49;344.5000;65535.0000;597.5000;253.0000;0.0000;0.0000;0.0000;
1547;978.23;10222.50;2516.35;350.0000;65535.0000;585.0000;235.0000;0.0000;0.0000;0.0000;
1548;978.41;10220.64;2518.21;354.0000;65535.0000;600.5000;246.5000;0.0000;0.0000;0.0000;
1549;978.59;10218.78;2520.08;347.0000;65535.0000;592.5000;245.5000;0.0000;0.0000;0.0000;
1550;978.77;10216.92;2521.94;350.5000;65535.0000;602.0000;251.5000;0.0000;0.0000;0.0000;
1551;978.95;10215.06;2523.80;347.0000;65535.0000;578.5000;231.5000;0.0000;0.0000;0.0000;
1552;979.13;10213.20;2525.66;350.5000;65535.0000;598.0000;247.5000;0.0000;0.0000;0.0000;
1553;979.30;10211.34;2527.52;348.5000;65535.0000;588.5000;240.0000;0.0000;0.0000;0.0000;
1554;979.48;10209.48;2529.38;346.5000;65535.0000;585.5000;239.0000;0.0000;0.0000;0.0000;
1555;979.66;10207.62;2531.23;349.0000;65535.0000;576.5000;227.5000;0.0000;0.0000;0.0000;
1556;979.84;10205.76;2533.09;346.5000;65535.0000;581.5000;235.0000;0.0000;0.0000;0.0000;
1557;980.02;10203.91;2534.95;370.5000;65535.0000;591.0000;220.5000;0.0000;0.0000;0.0000;
1558;980.20;10202.05;2536.80;360.0000;65535.0000;582.5000;222.5000;0.0000;0.0000;0.0000;
1559;980.37;10200.20;2538.66;356.0000;65535.0000;584.0000;228.0000;0.0000;0.0000;0.0000;
1560;980.55;10198.34;2540.51;344.0000;65535.0000;577.5000;233.5000;0.0000;0.0000;0.0000;
1561;980.73;10196.49;2542.36;350.0000;65535.0000;574.0000;224.0000;0.0000;0.0000;0.0000;
1562;980.91;10194.64;2544.22;346.5000;65535.0000;579.0000;232.5000;0.0000;0.0000;0.0000;
1563;981.09;10192.79;2546.07;348.5000;65535.0000;573.0000;224.5000;0.0000;0.0000;0.0000;
1564;981.26;10190.93;2547.92;347.0000;65535.0000;585.5000;238.5000;0.0000;0.0000;0.0000;
1565;981.44;10189.08;2549.77;344.5000;65535.0000;578.0000;233.5000;0.0000;0.0000;0.0000;
1566;981.62;10187.24;2551.62;350.0000;65535.0000;571.0000;221.0000;0.0000;0.0000;0.0000;
1567;981.80;10185.39;2553.47;351.5000;65535.0000;576.5000;225.0000;0.0000;0.0000;0.0000;
1568;981.98;10183.54;2555.31;348.0000;65535.0000;565.5000;217.5000;0.0000;0.0000;0.0000;
1569;982.16;10181.69;2557.16;354.0000;65535.0000;571.0000;217.0000;0.0000;0.0000;0.0000;
1570;982.33;10179.85;2559.01;348.0000;65535.0000;568.0000;220.0000;0.0000;0.0000;0.0000;
1571;982.51;10178.00;2560.85;349.0000;65535.0000;573.0000;224.0000;0.0000;0.0000;0.0000;
1572;982.69;10176.15;2562.70;351.5000;65535.0000;580.5000;229.0000;0.0000;0.0000;0.0000;
1573;982.87;10174.31;2564.54;348.5000;65535.0000;580.5000;232.0000;0.0000;0.0000;0.0000;
1574;983.05;10172.47;2566.39;350.0000;65535.0000;565.5000;215.5000;0.0000;0.0000;0.0000;
1575;983.22;10170.62;2568.23;352.5000;65535.0000;560.5000;208.0000;0.0000;0.0000;0.0000;
1576;983.40;10168.78;2570.07;350.0000;65535.0000;569.0000;219.0000;0.0000;0.0000;0.0000;
1577;983.58;10166.94;2571.91;343.0000;65535.0000;572.0000;229.0000;0.0000;0.0000;0.0000;
1578;983.76;10165.10;2573.75;344.0000;65535.0000;567.5000;223.5000;0.0000;0.0000;0.0000;
1579;983.94;10163.26;2575.59;351.0000;65535.0000;562.0000;211.0000;0.0000;0.0000;0.0000;
1580;984.11;10161.42;2577.43;351.0000;65535.0000;580.0000;229.0000;0.0000;0.0000;0.0000;
1581;984.29;10159.58;2579.27;357.0000;65535.0000;574.5000;217.5000;0.0000;0.0000;0.0000;
1582;984.47;10157.75;2581.11;350.0000;65535.0000;566.0000;216.0000;0.0000;0.0000;0.0000;
1583;984.65;10155.91;2582.94;348.5000;65535.0000;550.5000;202.0000;0.0000;0.0000;0.0000;
1584;984.83;10154.07;2584.78;353.5000;65535.0000;550.5000;197.0000;0.0000;0.0000;0.0000;
1585;985.00;10152.24;2586.61;350.5000;65535.0000;553.5000;203.0000;0.0000;0.0000;0.0000;
1586;985.18;10150.40;2588.45;348.0000;65535.0000;558.5000;210.5000;0.0000;0.0000;0.0000;
1587;985.36;10148.57;2590.28;348.5000;65535.0000;553.0000;204.5000;0.0000;0.0000;0.0000;
1588;985.54;10146.74;2592.12;354.0000;65535.0000;562.0000;208.0000;0.0000;0.0000;0.0000;
1589;985.72;10144.91;2593.95;346.0000;65535.0000;555.0000;209.0000;0.0000;0.0000;0.0000;
1590;985.89;10143.07;2595.78;344.0000;65535.0000;560.0000;216.0000;0.0000;0.0000;0.0000;
1591;986.07;10141.24;2597.61;344.0000;65535.0000;549.0000;205.0000;0.0000;0.0000;0.0000;
1592;986.25;10139.41;2599.44;345.0000;65535.0000;549.5000;204.5000;0.0000;0.0000;0.0000;
1593;986.43;10137.58;2601.27;355.0000;65535.0000;548.0000;193.0000;0.0000;0.0000;0.0000;
1594;986.61;10135.75;2603.10;350.5000;65535.0000;546.0000;195.5000;0.0000;0.0000;0.0000;
1595;986.78;10133.93;2604.93;350.0000;65535.0000;535.5000;185.5000;0.0000;0.0000;0.0000;
1596;986.96;10132.10;2606.75;359.0000;65535.0000;552.5000;193.5000;0.0000;0.0000;0.0000;
1597;987.14;10130.27;2608.58;350.5000;65535.0000;541.0000;190.5000;0.0000;0.0000;0.0000;
1598;987.32;10128.45;2610.41;347.5000;65535.0000;539.5000;192.0000;0.0000;0.0000;0.0000;
1599;987.50;10126.62;2612.23;353.5000;65535.0000;534.5000;181.0000;0.0000;0.0000;0.0000;
1600;987.67;10124.80;2614.05;352.5000;65535.0000;545.5000;193.0000;0.0000;0.0000;0.0000;
1601;987.85;10122.98;2615.88;345.5000;65535.0000;555.0000;209.5000;0.0000;0.0000;0.0000;
1602;988.03;10121.15;2617.70;351.0000;65535.0000;535.0000;184.0000;0.0000;0.0000;0.0000;
1603;988.21;10119.33;2619.52;350.0000;65535.0000;538.5000;188.5000;0.0000;0.0000;0.0000;
1604;988.39;10117.51;2621.34;340.0000;65535.0000;536.0000;196.0000;0.0000;0.0000;0.0000;
1605;988.56;10115.69;2623.16;351.5000;65535.0000;546.5000;195.0000;0.0000;0.0000;0.0000;
1606;988.74;10113.87;2624.98;347.0000;65535.0000;542.5000;195.5000;0.0000;0.0000;0.0000;
1607;988.92;10112.05;2626.80;350.0000;65535.0000;534.5000;184.5000;0.0000;0.0000;0.0000;
1608;989.10;10110.23;2628.62;346.0000;65535.0000;558.0000;212.0000;0.0000;0.0000;0.0000;
1609;989.27;10108.41;2630.44;344.0000;65535.0000;529.0000;185.0000;0.0000;0.0000;0.0000;
1610;989.45;10106.60;2632.26;355.5000;65535.0000;531.5000;176.0000;0.0000;0.0000;0.0000;
1611;989.63;10104.78;2634.07;357.0000;65535.0000;544.0000;187.0000;0.0000;0.0000;0.0000;
1612;989.81;10102.97;2635.89;354.5000;65535.0000;536.5000;182.0000;0.0000;0.0000;0.0000;
1613;989.99;10101.15;2637.70;347.5000;65535.0000;533.0000;185.5000;0.0000;0.0000;0.0000;
1614;990.16;10099.34;2639.52;350.0000;65535.0000;528.0000;178.0000;0.0000;0.0000;0.0000;
1615;990.34;10097.52;2641.33;352.0000;65535.0000;527.0000;175.0000;0.0000;0.0000;0.0000;
1616;990.52;10095.71;2643.14;343.5000;65535.0000;525.0000;181.5000;0.0000;0.0000;0.0000;
1617;990.70;10093.90;2644.95;353.5000;65535.0000;539.0000;185.5000;0.0000;0.0000;0.0000;
1618;990.88;10092.09;2646.76;345.0000;65535.0000;539.5000;194.5000;0.0000;0.0000;0.0000;
1619;991.05;10090.28;2648.57;350.0000;65535.0000;515.0000;165.0000;0.0000;0.0000;0.0000;
1620;991.23;10088.47;2650.38;360.0000;65535.0000;529.0000;169.0000;0.0000;0.0000;0.0000;
1621;991.41;10086.66;2652.19;342.5000;65535.0000;521.5000;179.0000;0.0000;0.0000;0.0000;
1622;991.59;10084.85;2654.00;349.0000;65535.0000;531.5000;182.5000;0.0000;0.0000;0.0000;
1623;991.76;10083.05;2655.81;358.5000;65535.0000;522.0000;163.5000;0.0000;0.0000;0.0000;
1624;991.94;10081.24;2657.62;351.0000;65535.0000;523.0000;172.0000;0.0000;0.0000;0.0000;
1625;992.12;10079.43;2659.42;354.5000;65535.0000;515.5000;161.0000;0.0000;0.0000;0.0000;
1626;992.30;10077.63;2661.23;349.0000;65535.0000;517.0000;168.0000;0.0000;0.0000;0.0000;
1627;992.47;10075.82;2663.03;347.0000;65535.0000;528.5000;181.5000;0.0000;0.0000;0.0000;
1628;992.65;10074.02;2664.83;350.0000;65535.0000;525.0000;175.0000;0.0000;0.0000;0.0000;
1629;992.83;10072.22;2666.64;348.5000;65535.0000;516.5000;168.0000;0.0000;0.0000;0.0000;
1630;993.01;10070.41;2668.44;343.5000;65535.0000;531.5000;188.0000;0.0000;0.0000;0.0000;
1631;993.19;10068.61;2670.24;361.0000;65535.0000;541.5000;180.5000;0.0000;0.0000;0.0000;
1632;993.36;10066.81;2672.04;354.0000;65535.0000;523.0000;169.0000;0.0000;0.0000;0.0000;
1633;993.54;10065.01;2673.84;340.5000;65535.0000;530.0000;189.5000;0.0000;0.0000;0.0000;
1634;993.72;10063.21;2675.64;357.5000;65535.0000;508.0000;150.5000;0.0000;0.0000;0.0000;
1635;993.90;10061.41;2677.44;348.5000;65535.0000;510.5000;162.0000;0.0000;0.0000;0.0000;
1636;994.07;10059.62;2679.24;351.5000;65535.0000;519.0000;167.5000;0.0000;0.0000;0.0000;
1637;994.25;10057.82;2681.04;358.5000;65535.0000;516.0000;157.5000;0.0000;0.0000;0.0000;
1638;994.43;10056.02;2682.83;352.0000;65535.0000;509.0000;157.0000;0.0000;0.0000;0.0000;
1639;994.61;10054.23;2684.63;335.5000;65535.0000;521.5000;186.0000;0.0000;0.0000;0.0000;
1640;994.78;10052.43;2686.42;345.5000;65535.0000;500.5000;155.0000;0.0000;0.0000;0.0000;
1641;994.96;10050.64;2688.22;353.0000;65535.0000;504.5000;151.5000;0.0000;0.0000;0.0000;
1642;995.14;10048.84;2690.01;349.5000;65535.0000;504.5000;155.0000;0.0000;0.0000;0.0000;
1643;995.32;10047.05;2691.80;349.5000;65535.0000;519.0000;169.5000;0.0000;0.0000;0.0000;
1644;995.49;10045.26;2693.60;349.5000;65535.0000;498.5000;149.0000;0.0000;0.0000;0.0000;
1645;995.67;10043.47;2695.39;341.0000;65535.0000;520.0000;179.0000;0.0000;0.0000;0.0000;
1646;995.85;10041.68;2697.18;352.0000;65535.0000;525.0000;173.0000;0.0000;0.0000;0.0000;
1647;996.03;10039.89;2698.97;350.5000;65535.0000;508.5000;158.0000;0.0000;0.0000;0.0000;
1648;996.20;10038.10;2700.76;345.5000;65535.0000;502.0000;156.5000;0.0000;0.0000;0.0000;
1649;996.38;10036.31;2702.55;348.5000;65535.0000;499.0000;150.5000;0.0000;0.0000;0.0000;
1650;996.56;10034.52;2704.33;352.0000;65535.0000;505.5000;153.5000;0.0000;0.0000;0.0000;
1651;996.74;10032.73;2706.12;347.5000;65535.0000;507.0000;159.5000;0.0000;0.0000;0.0000;
1652;996.92;10030.95;2707.91;340.0000;65535.0000;510.5000;170.5000;0.0000;0.0000;0.0000;
1653;997.09;10029.16;2709.69;351.0000;65535.0000;505.5000;154.5000;0.0000;0.0000;0.0000;
1654;997.27;10027.37;2711.48;341.0000;65535.0000;516.0000;175.0000;0.0000;0.0000;0.0000;
1655;997.45;10025.59;2713.26;357.0000;65535.0000;483.5000;126.5000;0.0000;0.0000;0.0000;
1656;997.63;10023.81;2715.05;353.0000;65535.0000;513.5000;160.5000;0.0000;0.0000;0.0000;
1657;997.80;10022.02;2716.83;342.0000;65535.0000;505.0000;163.0000;0.0000;0.0000;0.0000;
1658;997.98;10020.24;2718.61;350.0000;65535.0000;498.0000;148.0000;0.0000;0.0000;0.0000;
1659;998.16;10018.46;2720.39;353.5000;65535.0000;496.5000;143.0000;0.0000;0.0000;0.0000;
1660;998.33;10016.68;2722.17;355.5000;65535.0000;503.5000;148.0000;0.0000;0.0000;0.0000;
1661;998.51;10014.90;2723.95;351.0000;65535.0000;515.5000;164.5000;0.0000;0.0000;0.0000;
1662;998.69;10013.12;2725.73;363.5000;65535.0000;496.5000;133.0000;0.0000;0.0000;0.0000;
1663;998.87;10011.34;2727.51;349.5000;65535.0000;504.0000;154.5000;0.0000;0.0000;0.0000;
1664;999.04;10009.56;2729.29;349.5000;65535.0000;503.0000;153.5000;0.0000;0.0000;0.0000;
1665;999.22;10007.79;2731.07;353.0000;65535.0000;496.0000;143.0000;0.0000;0.0000;0.0000;
1666;999.40;10006.01;2732.84;340.5000;65535.0000;496.5000;156.0000;0.0000;0.0000;0.0000;
1667;999.58;10004.23;2734.62;352.5000;65535.0000;495.0000;142.5000;0.0000;0.0000;0.0000;
1668;999.75;10002.46;2736.40;349.0000;65535.0000;490.5000;141.5000;0.0000;0.0000;0.0000;
1669;999.93;10000.68;2738.17;350.5000;65535.0000;490.5000;140.0000;0.0000;0.0000;0.0000;
1670;1000.11;9998.91;2739.94;345.5000;65535.0000;498.5000;153.0000;0.0000;0.0000;0.0000;
1671;1000.29;9997.14;2741.72;352.5000;65535.0000;485.0000;132.5000;0.0000;0.0000;0.0000;
1672;1000.46;9995.36;2743.49;355.0000;65535.0000;493.0000;138.0000;0.0000;0.0000;0.0000;
1673;1000.64;9993.59;2745.26;351.0000;65535.0000;492.0000;141.0000;0.0000;0.0000;0.0000;
1674;1000.82;9991.82;2747.03;351.5000;65535.0000;484.0000;132.5000;0.0000;0.0000;0.0000;
1675;1001.00;9990.05;2748.80;354.5000;65535.0000;476.5000;122.0000;0.0000;0.0000;0.0000;
1676;1001.17;9988.28;2750.57;341.5000;65535.0000;493.0000;151.5000;0.0000;0.0000;0.0000;
1677;1001.35;9986.51;2752.34;349.0000;65535.0000;493.0000;144.0000;0.0000;0.0000;0.0000;
1678;1001.53;9984.75;2754.11;345.5000;65535.0000;488.5000;143.0000;0.0000;0.0000;0.0000;
1679;1001.71;9982.98;2755.88;349.0000;65535.0000;498.0000;149.0000;0.0000;0.0000;0.0000;
1680;1001.88;9981.21;2757.64;349.0000;65535.0000;491.5000;142.5000;0.0000;0.0000;0.0000;
1681;1002.06;9979.45;2759.41;346.5000;65535.0000;498.0000;151.5000;0.0000;0.0000;0.0000;
1682;1002.24;9977.68;2761.17;354.5000;65535.0000;479.5000;125.0000;0.0000;0.0000;0.0000;
1683;1002.41;9975.92;2762.94;342.0000;65535.0000;483.5000;141.5000;0.0000;0.0000;0.0000;
1684;1002.59;9974.15;2764.70;347.5000;65535.0000;494.5000;147.0000;0.0000;0.0000;0.0000;
1685;1002.77;9972.39;2766.46;352.0000;65535.0000;484.0000;132.0000;0.0000;0.0000;0.0000;
1686;1002.95;9970.63;2768.23;360.0000;65535.0000;477.5000;117.5000;0.0000;0.0000;0.0000;
1687;1003.12;9968.86;2769.99;352.0000;65535.0000;473.5000;121.5000;0.0000;0.0000;0.0000;
1688;1003.30;9967.10;2771.75;342.5000;65535.0000;477.0000;134.5000;0.0000;0.0000;0.0000;
1689;1003.48;9965.34;2773.51;352.0000;65535.0000;492.5000;140.5000;0.0000;0.0000;0.0000;
1690;1003.65;9963.58;2775.27;348.0000;65535.0000;488.5000;140.5000;0.0000;0.0000;0.0000;
1691;1003.83;9961.82;2777.03;346.0000;65535.0000;473.0000;127.0000;0.0000;0.0000;0.0000;
1692;1004.01;9960.07;2778.79;348.0000;65535.0000;481.5000;133.5000;0.0000;0.0000;0.0000;
1693;1004.19;9958.31;2780.55;346.0000;65535.0000;486.0000;140.0000;0.0000;0.0000;0.0000;
1694;1004.36;9956.55;2782.30;356.5000;65535.0000;477.5000;121.0000;0.0000;0.0000;0.0000;
1695;1004.54;9954.80;2784.06;350.5000;65535.0000;483.5000;133.0000;0.0000;0.0000;0.0000;
1696;1004.72;9953.04;2785.81;359.0000;65535.0000;482.5000;123.5000;0.0000;0.0000;0.0000;
1697;1004.90;9951.29;2787.57;346.5000;65535.0000;473.0000;126.5000;0.0000;0.0000;0.0000;
1698;1005.07;9949.53;2789.32;349.5000;65535.0000;478.5000;129.0000;0.0000;0.0000;0.0000;
1699;1005.25;9947.78;2791.08;348.5000;65535.0000;484.5000;136.0000;0.0000;0.0000;0.0000;
1700;1005.43;9946.02;2792.83;351.5000;65535.0000;469.5000;118.0000;0.0000;0.0000;0.0000;
1701;1005.60;9944.27;2794.58;352.5000;65535.0000;479.5000;127.0000;0.0000;0.0000;0.0000;
1702;1005.78;9942.52;2796.33;348.5000;65535.0000;464.5000;116.0000;0.0000;0.0000;0.0000;
1703;1005.96;9940.77;2798.08;351.5000;65535.0000;484.0000;132.5000;0.0000;0.0000;0.0000;
1704;1006.14;9939.02;2799.83;349.5000;65535.0000;465.5000;116.0000;0.0000;0.0000;0.0000;
1705;1006.31;9937.27;2801.58;354.0000;65535.0000;468.5000;114.5000;0.0000;0.0000;0.0000;
1706;1006.49;9935.52;2803.33;354.5000;65535.0000;480.5000;126.0000;0.0000;0.0000;0.0000;
1707;1006.67;9933.78;2805.08;347.5000;65535.0000;470.5000;123.0000;0.0000;0.0000;0.0000;
1708;1006.84;9932.03;2806.83;345.5000;65535.0000;467.0000;121.5000;0.0000;0.0000;0.0000;
1709;1007.02;9930.28;2808.57;351.0000;65535.0000;459.0000;108.0000;0.0000;0.0000;0.0000;
1710;1007.20;9928.54;2810.32;345.0000;65535.0000;456.5000;111.5000;0.0000;0.0000;0.0000;
1711;1007.37;9926.79;2812.06;346.0000;65535.0000;474.5000;128.5000;0.0000;0.0000;0.0000;
1712;1007.55;9925.05;2813.81;349.5000;65535.0000;475.0000;125.5000;0.0000;0.0000;0.0000;
1713;1007.73;9923.30;2815.55;343.5000;65535.0000;477.0000;133.5000;0.0000;0.0000;0.0000;
1714;1007.91;9921.56;2817.29;343.0000;65535.0000;482.0000;139.0000;0.0000;0.0000;0.0000;
1715;1008.08;9919.82;2819.04;351.0000;65535.0000;471.0000;120.0000;0.0000;0.0000;0.0000;
1716;1008.26;9918.08;2820.78;349.5000;65535.0000;473.0000;123.5000;0.0000;0.0000;0.0000;
1717;1008.44;9916.33;2822.52;346.0000;65535.0000;468.0000;122.0000;0.0000;0.0000;0.0000;
1718;1008.61;9914.59;2824.26;354.0000;65535.0000;465.0000;111.0000;0.0000;0.0000;0.0000;
1719;1008.79;9912.85;2826.00;346.0000;65535.0000;467.5000;121.5000;0.0000;0.0000;0.0000;
1720;1008.97;9911.12;2827.74;348.5000;65535.0000;475.0000;126.5000;0.0000;0.0000;0.0000;
1721;1009.15;9909.38;2829.48;351.0000;65535.0000;469.0000;118.0000;0.0000;0.0000;0.0000;
1722;1009.32;9907.64;2831.21;350.0000;65535.0000;477.0000;127.0000;0.0000;0.0000;0.0000;
1723;1009.50;9905.90;2832.95;345.5000;65535.0000;477.5000;132.0000;0.0000;0.0000;0.0000;
1724;1009.68;9904.17;2834.69;348.5000;65535.0000;464.5000;116.0000;0.0000;0.0000;0.0000;
1725;1009.85;9902.43;2836.42;350.0000;65535.0000;471.5000;121.5000;0.0000;0.0000;0.0000;
1726;1010.03;9900.70;2838.16;341.5000;65535.0000;479.5000;138.0000;0.0000;0.0000;0.0000;
1727;1010.21;9898.96;2839.89;348.0000;65535.0000;477.0000;129.0000;0.0000;0.0000;0.0000;
1728;1010.38;9897.23;2841.62;351.0000;65535.0000;476.5000;125.5000;0.0000;0.0000;0.0000;
1729;1010.56;9895.50;2843.36;347.0000;65535.0000;467.5000;120.5000;0.0000;0.0000;0.0000;
1730;1010.74;9893.76;2845.09;354.0000;65535.0000;478.5000;124.5000;0.0000;0.0000;0.0000;
1731;1010.91;9892.03;2846.82;350.0000;65535.0000;481.5000;131.5000;0.0000;0.0000;0.0000;
1732;1011.09;9890.30;2848.55;351.5000;65535.0000;453.0000;101.5000;0.0000;0.0000;0.0000;
1733;1011.27;9888.57;2850.28;347.0000;65535.0000;473.5000;126.5000;0.0000;0.0000;0.0000;
1734;1011.45;9886.84;2852.01;345.5000;65535.0000;479.5000;134.0000;0.0000;0.0000;0.0000;
1735;1011.62;9885.11;2853.74;353.0000;65535.0000;490.5000;137.5000;0.0000;0.0000;0.0000;
1736;1011.80;9883.39;2855.47;346.5000;65535.0000;473.5000;127.0000;0.0000;0.0000;0.0000;
1737;1011.98;9881.66;2857.19;352.0000;65535.0000;481.5000;129.5000;0.0000;0.0000;0.0000;
1738;1012.15;9879.93;2858.92;356.0000;65535.0000;475.0000;119.0000;0.0000;0.0000;0.0000;
1739;1012.33;9878.21;2860.65;348.0000;65535.0000;493.0000;145.0000;0.0000;0.0000;0.0000;
1740;1012.51;9876.48;2862.37;355.5000;65535.0000;484.5000;129.0000;0.0000;0.0000;0.0000;
1741;1012.68;9874.76;2864.10;347.0000;65535.0000;489.5000;142.5000;0.0000;0.0000;0.0000;
1742;1012.86;9873.03;2865.82;351.0000;65535.0000;503.5000;152.5000;0.0000;0.0000;0.0000;
1743;1013.04;9871.31;2867.54;350.0000;65535.0000;485.5000;135.5000;0.0000;0.0000;0.0000;
1744;1013.21;9869.59;2869.27;353.0000;65535.0000;480.0000;127.0000;0.0000;0.0000;0.0000;
1745;1013.39;9867.87;2870.99;348.0000;65535.0000;492.5000;144.5000;0.0000;0.0000;0.0000;
1746;1013.57;9866.14;2872.71;348.5000;65535.0000;493.0000;144.5000;0.0000;0.0000;0.0000;
1747;1013.74;9864.42;2874.43;340.5000;65535.0000;487.0000;146.5000;0.0000;0.0000;0.0000;
1748;1013.92;9862.70;2876.15;346.5000;65535.0000;491.0000;144.5000;0.0000;0.0000;0.0000;
1749;1014.10;9860.98;2877.87;346.5000;65535.0000;477.5000;131.0000;0.0000;0.0000;0.0000;
1750;1014.27;9859.27;2879.59;354.5000;65535.0000;499.0000;144.5000;0.0000;0.0000;0.0000;
1751;1014.45;9857.55;2881.31;351.0000;65535.0000;482.0000;131.0000;0.0000;0.0000;0.0000;
1752;1014.63;9855.83;2883.02;348.5000;65535.0000;493.0000;144.5000;0.0000;0.0000;0.0000;
1753;1014.80;9854.11;2884.74;347.0000;65535.0000;505.5000;158.5000;0.0000;0.0000;0.0000;
1754;1014.98;9852.40;2886.45;342.5000;65535.0000;501.0000;158.5000;0.0000;0.0000;0.0000;
1755;1015.16;9850.68;2888.17;347.0000;65535.0000;493.0000;146.0000;0.0000;0.0000;0.0000;
1756;1015.33;9848.97;2889.88;353.0000;65535.0000;491.5000;138.5000;0.0000;0.0000;0.0000;
1757;1015.51;9847.26;2891.60;349.0000;65535.0000;479.0000;130.0000;0.0000;0.0000;0.0000;
1758;1015.69;9845.54;2893.31;347.0000;65535.0000;501.5000;154.5000;0.0000;0.0000;0.0000;
1759;1015.86;9843.83;2895.02;357.5000;65535.0000;493.5000;136.0000;0.0000;0.0000;0.0000;
1760;1016.04;9842.12;2896.74;347.5000;65535.0000;491.5000;144.0000;0.0000;0.0000;0.0000;
1761;1016.22;9840.41;2898.45;350.5000;65535.0000;501.0000;150.5000;0.0000;0.0000;0.0000;
1762;1016.39;9838.70;2900.16;361.5000;65535.0000;490.5000;129.0000;0.0000;0.0000;0.0000;
1763;1016.57;9836.99;2901.87;349.0000;65535.0000;491.0000;142.0000;0.0000;0.0000;0.0000;
1764;1016.75;9835.28;2903.58;348.5000;65535.0000;502.0000;153.5000;0.0000;0.0000;0.0000;
1765;1016.92;9833.57;2905.28;351.5000;65535.0000;480.5000;129.0000;0.0000;0.0000;0.0000;
1766;1017.10;9831.86;2906.99;353.5000;65535.0000;503.0000;149.5000;0.0000;0.0000;0.0000;
1767;1017.28;9830.15;2908.70;345.0000;65535.0000;496.0000;151.0000;0.0000;0.0000;0.0000;
1768;1017.45;9828.45;2910.40;355.5000;65535.0000;507.0000;151.5000;0.0000;0.0000;0.0000;
1769;1017.63;9826.74;2912.11;350.5000;65535.0000;508.5000;158.0000;0.0000;0.0000;0.0000;
1770;1017.81;9825.04;2913.82;339.0000;65535.0000;470.5000;131.5000;0.0000;0.0000;0.0000;
1771;1017.98;9823.33;2915.52;352.0000;65535.0000;496.0000;144.0000;0.0000;0.0000;0.0000;
1772;1018.16;9821.63;2917.22;352.5000;65535.0000;494.0000;141.5000;0.0000;0.0000;0.0000;
1773;1018.34;9819.93;2918.93;350.5000;65535.0000;484.0000;133.5000;0.0000;0.0000;0.0000;
1774;1018.51;9818.22;2920.63;348.5000;65535.0000;495.0000;146.5000;0.0000;0.0000;0.0000;
1775;1018.69;9816.52;2922.33;347.5000;65535.0000;486.0000;138.5000;0.0000;0.0000;0.0000;
1776;1018.87;9814.82;2924.03;347.0000;65535.0000;491.0000;144.0000;0.0000;0.0000;0.0000;
1777;1019.04;9813.12;2925.73;350.0000;65535.0000;489.5000;139.5000;0.0000;0.0000;0.0000;
1778;1019.22;9811.42;2927.43;350.0000;65535.0000;488.5000;138.5000;0.0000;0.0000;0.0000;
1779;1019.40;9809.72;2929.13;340.5000;65535.0000;488.0000;147.5000;0.0000;0.0000;0.0000;
1780;1019.57;9808.02;2930.83;345.0000;65535.0000;485.0000;140.0000;0.0000;0.0000;0.0000;
1781;1019.75;9806.33;2932.53;348.5000;65535.0000;486.5000;138.0000;0.0000;0.0000;0.0000;
1782;1019.93;9804.63;2934.22;346.5000;65535.0000;480.5000;134.0000;0.0000;0.0000;0.0000;
1783;1020.10;9802.93;2935.92;353.5000;65535.0000;484.0000;130.5000;0.0000;0.0000;0.0000;
1784;1020.28;9801.24;2937.62;343.5000;65535.0000;477.0000;133.5000;0.0000;0.0000;0.0000;
1785;1020.46;9799.54;2939.31;344.0000;65535.0000;480.5000;136.5000;0.0000;0.0000;0.0000;
1786;1020.63;9797.85;2941.01;347.0000;65535.0000;478.0000;131.0000;0.0000;0.0000;0.0000;
1787;1020.81;9796.15;2942.70;346.0000;65535.0000;473.5000;127.5000;0.0000;0.0000;0.0000;
1788;1020.99;9794.46;2944.39;357.0000;65535.0000;476.0000;119.0000;0.0000;0.0000;0.0000;
1789;1021.16;9792.77;2946.09;343.5000;65535.0000;478.0000;134.5000;0.0000;0.0000;0.0000;
1790;1021.34;9791.08;2947.78;356.5000;65535.0000;488.5000;132.0000;0.0000;0.0000;0.0000;
1791;1021.51;9789.39;2949.47;342.0000;65535.0000;469.0000;127.0000;0.0000;0.0000;0.0000;
1792;1021.69;9787.69;2951.16;346.0000;65535.0000;466.0000;120.0000;0.0000;0.0000;0.0000;
1793;1021.87;9786.01;2952.85;348.0000;65535.0000;467.0000;119.0000;0.0000;0.0000;0.0000;
1794;1022.04;9784.32;2954.54;348.5000;65535.0000;466.0000;117.5000;0.0000;0.0000;0.0000;
1795;1022.22;9782.63;2956.23;350.0000;65535.0000;468.0000;118.0000;0.0000;0.0000;0.0000;
1796;1022.40;9780.94;2957.91;353.0000;65535.0000;463.0000;110.0000;0.0000;0.0000;0.0000;
1797;1022.57;9779.25;2959.60;353.5000;65535.0000;462.5000;109.0000;0.0000;0.0000;0.0000;
1798;1022.75;9777.57;2961.29;351.5000;65535.0000;454.5000;103.0000;0.0000;0.0000;0.0000;
1799;1022.93;9775.88;2962.97;356.0000;65535.0000;458.5000;102.5000;0.0000;0.0000;0.0000;
1800;1023.10;9774.19;2964.66;353.5000;65535.0000;457.5000;104.0000;0.0000;0.0000;0.0000;
1801;1023.28;9772.51;2966.34;354.0000;65535.0000;455.0000;101.0000;0.0000;0.0000;0.0000;
1802;1023.45;9770.83;2968.03;352.0000;65535.0000;461.0000;109.0000;0.0000;0.0000;0.0000;
1803;1023.63;9769.14;2969.71;348.5000;65535.0000;457.5000;109.0000;0.0000;0.0000;0.0000;
1804;1023.81;9767.46;2971.39;343.5000;65535.0000;445.5000;102.0000;0.0000;0.0000;0.0000;
1805;1023.98;9765.78;2973.07;350.5000;65535.0000;451.5000;101.0000;0.0000;0.0000;0.0000;
1806;1024.16;9764.10;2974.76;348.0000;65535.0000;450.0000;102.0000;0.0000;0.0000;0.0000;
1807;1024.34;9762.42;2976.44;351.0000;65535.0000;440.5000;89.5000;0.0000;0.0000;0.0000;
1808;1024.51;9760.74;2978.12;350.0000;65535.0000;450.0000;100.0000;0.0000;0.0000;0.0000;
1809;1024.69;9759.06;2979.80;349.5000;65535.0000;440.0000;90.5000;0.0000;0.0000;0.0000;
1810;1024.87;9757.38;2981.47;355.0000;65535.0000;438.0000;83.0000;0.0000;0.0000;0.0000;
1811;1025.04;9755.70;2983.15;348.0000;65535.0000;436.5000;88.5000;0.0000;0.0000;0.0000;
1812;1025.22;9754.02;2984.83;349.5000;65535.0000;436.5000;87.0000;0.0000;0.0000;0.0000;
1813;1025.39;9752.35;2986.51;340.5000;65535.0000;441.5000;101.0000;0.0000;0.0000;0.0000;
1814;1025.57;9750.67;2988.18;350.5000;65535.0000;438.5000;88.0000;0.0000;0.0000;0.0000;
1815;1025.75;9749.00;2989.86;350.0000;65535.0000;434.0000;84.0000;0.0000;0.0000;0.0000;
1816;1025.92;9747.32;2991.53;339.5000;65535.0000;428.5000;89.0000;0.0000;0.0000;0.0000;
1817;1026.10;9745.65;2993.21;354.5000;65535.0000;436.5000;82.0000;0.0000;0.0000;0.0000;
1818;1026.28;9743.97;2994.88;336.0000;65535.0000;420.0000;84.0000;0.0000;0.0000;0.0000;
1819;1026.45;9742.30;2996.55;355.0000;65535.0000;433.0000;78.0000;0.0000;0.0000;0.0000;
1820;1026.63;9740.63;2998.22;359.0000;65535.0000;425.5000;66.5000;0.0000;0.0000;0.0000;
1821;1026.80;9738.96;2999.90;354.5000;65535.0000;427.5000;73.0000;0.0000;0.0000;0.0000;
1822;1026.98;9737.29;3001.57;357.0000;65535.0000;428.5000;71.5000;0.0000;0.0000;0.0000;
1823;1027.16;9735.62;3003.24;343.5000;65535.0000;418.0000;74.5000;0.0000;0.0000;0.0000;
1824;1027.33;9733.95;3004.91;354.0000;65535.0000;426.5000;72.5000;0.0000;0.0000;0.0000;
1825;1027.51;9732.28;3006.58;356.0000;65535.0000;429.5000;73.5000;0.0000;0.0000;0.0000;
1826;1027.68;9730.61;3008.24;352.0000;65535.0000;425.0000;73.0000;0.0000;0.0000;0.0000;
1827;1027.86;9728.94;3009.91;343.5000;65535.0000;428.0000;84.5000;0.0000;0.0000;0.0000;
1828;1028.04;9727.27;3011.58;350.5000;65535.0000;425.5000;75.0000;0.0000;0.0000;0.0000;
1829;1028.21;9725.61;3013.24;346.0000;65535.0000;417.0000;71.0000;0.0000;0.0000;0.0000;
1830;1028.39;9723.94;3014.91;351.0000;65535.0000;417.5000;66.5000;0.0000;0.0000;0.0000;
1831;1028.57;9722.28;3016.58;353.0000;65535.0000;420.0000;67.0000;0.0000;0.0000;0.0000;
1832;1028.74;9720.61;3018.24;339.5000;65535.0000;424.0000;84.5000;0.0000;0.0000;0.0000;
1833;1028.92;9718.95;3019.90;359.5000;65535.0000;422.0000;62.5000;0.0000;0.0000;0.0000;
1834;1029.09;9717.29;3021.57;356.5000;65535.0000;436.0000;79.5000;0.0000;0.0000;0.0000;
1835;1029.27;9715.62;3023.23;345.5000;65535.0000;415.0000;69.5000;0.0000;0.0000;0.0000;
1836;1029.45;9713.96;3024.89;352.0000;65535.0000;411.5000;59.5000;0.0000;0.0000;0.0000;
1837;1029.62;9712.30;3026.55;333.0000;65535.0000;406.0000;73.0000;0.0000;0.0000;0.0000;
1838;1029.80;9710.64;3028.21;348.0000;65535.0000;412.0000;64.0000;0.0000;0.0000;0.0000;
1839;1029.97;9708.98;3029.87;349.5000;65535.0000;417.0000;67.5000;0.0000;0.0000;0.0000;
1840;1030.15;9707.32;3031.53;352.0000;65535.0000;418.0000;66.0000;0.0000;0.0000;0.0000;
1841;1030.33;9705.66;3033.19;349.0000;65535.0000;420.0000;71.0000;0.0000;0.0000;0.0000;
1842;1030.50;9704.01;3034.85;338.5000;65535.0000;411.5000;73.0000;0.0000;0.0000;0.0000;
1843;1030.68;9702.35;3036.51;348.0000;65535.0000;414.5000;66.5000;0.0000;0.0000;0.0000;
1844;1030.85;9700.69;3038.16;343.5000;65535.0000;415.5000;72.0000;0.0000;0.0000;0.0000;
1845;1031.03;9699.04;3039.82;354.5000;65535.0000;411.0000;56.5000;0.0000;0.0000;0.0000;
1846;1031.21;9697.38;3041.47;354.0000;65535.0000;415.5000;61.5000;0.0000;0.0000;0.0000;
1847;1031.38;9695.73;3043.13;346.0000;65535.0000;409.5000;63.5000;0.0000;0.0000;0.0000;
1848;1031.56;9694.07;3044.78;353.0000;65535.0000;410.5000;57.5000;0.0000;0.0000;0.0000;
1849;1031.73;9692.42;3046.44;350.5000;65535.0000;420.5000;70.0000;0.0000;0.0000;0.0000;
1850;1031.91;9690.77;3048.09;357.0000;65535.0000;430.5000;73.5000;0.0000;0.0000;0.0000;
1851;1032.09;9689.11;3049.74;347.0000;65535.0000;390.5000;43.5000;0.0000;0.0000;0.0000;
1852;1032.26;9687.46;3051.39;352.5000;65535.0000;410.5000;58.0000;0.0000;0.0000;0.0000;
1853;1032.44;9685.81;3053.04;354.0000;65535.0000;426.0000;72.0000;0.0000;0.0000;0.0000;
1854;1032.61;9684.16;3054.69;346.0000;65535.0000;412.5000;66.5000;0.0000;0.0000;0.0000;
1855;1032.79;9682.51;3056.34;351.0000;65535.0000;421.5000;70.5000;0.0000;0.0000;0.0000;
1856;1032.97;9680.86;3057.99;347.0000;65535.0000;428.0000;81.0000;0.0000;0.0000;0.0000;
1857;1033.14;9679.21;3059.64;347.5000;65535.0000;415.0000;67.5000;0.0000;0.0000;0.0000;
1858;1033.32;9677.57;3061.29;352.5000;65535.0000;414.5000;62.0000;0.0000;0.0000;0.0000;
1859;1033.49;9675.92;3062.93;342.5000;65535.0000;410.0000;67.5000;0.0000;0.0000;0.0000;
1860;1033.67;9674.27;3064.58;351.5000;65535.0000;417.5000;66.0000;0.0000;0.0000;0.0000;
1861;1033.85;9672.63;3066.23;341.5000;65535.0000;412.0000;70.5000;0.0000;0.0000;0.0000;
1862;1034.02;9670.98;3067.87;350.0000;65535.0000;412.0000;62.0000;0.0000;0.0000;0.0000;
1863;1034.20;9669.34;3069.52;350.0000;65535.0000;410.5000;60.5000;0.0000;0.0000;0.0000;
1864;1034.37;9667.69;3071.16;351.5000;65535.0000;405.0000;53.5000;0.0000;0.0000;0.0000;
1865;1034.55;9666.05;3072.80;349.0000;65535.0000;408.5000;59.5000;0.0000;0.0000;0.0000;
1866;1034.72;9664.41;3074.45;345.5000;65535.0000;416.0000;70.5000;0.0000;0.0000;0.0000;
1867;1034.90;9662.76;3076.09;330.5000;65535.0000;415.5000;85.0000;0.0000;0.0000;0.0000;
1868;1035.08;9661.12;3077.73;339.0000;65535.0000;405.5000;66.5000;0.0000;0.0000;0.0000;
1869;1035.25;9659.48;3079.37;348.0000;65535.0000;408.5000;60.5000;0.0000;0.0000;0.0000;
1870;1035.43;9657.84;3081.01;342.0000;65535.0000;416.0000;74.0000;0.0000;0.0000;0.0000;
1871;1035.60;9656.20;3082.65;349.5000;65535.0000;406.0000;56.5000;0.0000;0.0000;0.0000;
1872;1035.78;9654.56;3084.29;348.5000;65535.0000;411.0000;62.5000;0.0000;0.0000;0.0000;
1873;1035.96;9652.93;3085.93;346.5000;65535.0000;430.5000;84.0000;0.0000;0.0000;0.0000;
1874;1036.13;9651.29;3087.56;349.0000;65535.0000;424.5000;75.5000;0.0000;0.0000;0.0000;
1875;1036.31;9649.65;3089.20;346.5000;65535.0000;414.5000;68.0000;0.0000;0.0000;0.0000;
1876;1036.48;9648.02;3090.84;350.0000;65535.0000;414.0000;64.0000;0.0000;0.0000;0.0000;
1877;1036.66;9646.38;3092.47;350.5000;65535.0000;414.5000;64.0000;0.0000;0.0000;0.0000;
1878;1036.83;9644.74;3094.11;347.5000;65535.0000;411.5000;64.0000;0.0000;0.0000;0.0000;
1879;1037.01;9643.11;3095.74;350.0000;65535.0000;408.0000;58.0000;0.0000;0.0000;0.0000;
1880;1037.19;9641.48;3097.38;339.5000;65535.0000;412.0000;72.5000;0.0000;0.0000;0.0000;
1881;1037.36;9639.84;3099.01;338.0000;65535.0000;411.5000;73.5000;0.0000;0.0000;0.0000;
1882;1037.54;9638.21;3100.64;350.5000;65535.0000;403.5000;53.0000;0.0000;0.0000;0.0000;
1883;1037.71;9636.58;3102.27;348.0000;65535.0000;408.5000;60.5000;0.0000;0.0000;0.0000;
1884;1037.89;9634.95;3103.91;347.0000;65535.0000;411.0000;64.0000;0.0000;0.0000;0.0000;
1885;1038.06;9633.32;3105.54;347.5000;65535.0000;423.5000;76.0000;0.0000;0.0000;0.0000;
1886;1038.24;9631.69;3107.17;356.5000;65535.0000;419.5000;63.0000;0.0000;0.0000;0.0000;
1887;1038.42;9630.06;3108.80;359.0000;65535.0000;407.0000;48.0000;0.0000;0.0000;0.0000;
1888;1038.59;9628.43;3110.42;349.0000;65535.0000;408.5000;59.5000;0.0000;0.0000;0.0000;
1889;1038.77;9626.80;3112.05;353.0000;65535.0000;407.5000;54.5000;0.0000;0.0000;0.0000;
1890;1038.94;9625.17;3113.68;351.0000;65535.0000;407.5000;56.5000;0.0000;0.0000;0.0000;
1891;1039.12;9623.55;3115.31;350.5000;65535.0000;413.5000;63.0000;0.0000;0.0000;0.0000;
1892;1039.29;9621.92;3116.93;343.5000;65535.0000;402.5000;59.0000;0.0000;0.0000;0.0000;
1893;1039.47;9620.29;3118.56;345.0000;65535.0000;408.0000;63.0000;0.0000;0.0000;0.0000;
1894;1039.64;9618.67;3120.18;351.5000;65535.0000;403.0000;51.5000;0.0000;0.0000;0.0000;
1895;1039.82;9617.04;3121.81;349.0000;65535.0000;413.0000;64.0000;0.0000;0.0000;0.0000;
1896;1040.00;9615.42;3123.43;357.5000;65535.0000;416.5000;59.0000;0.0000;0.0000;0.0000;
1897;1040.17;9613.80;3125.06;346.5000;65535.0000;421.5000;75.0000;0.0000;0.0000;0.0000;
1898;1040.35;9612.18;3126.68;343.5000;65535.0000;421.0000;77.5000;0.0000;0.0000;0.0000;
1899;1040.52;9610.55;3128.30;349.5000;65535.0000;420.5000;71.0000;0.0000;0.0000;0.0000;
1900;1040.70;9608.93;3129.92;346.0000;65535.0000;406.0000;60.0000;0.0000;0.0000;0.0000;
1901;1040.87;9607.31;3131.54;366.0000;65535.0000;415.0000;49.0000;0.0000;0.0000;0.0000;
1902;1041.05;9605.69;3133.16;350.0000;65535.0000;423.5000;73.5000;0.0000;0.0000;0.0000;
1903;1041.23;9604.07;3134.78;349.0000;65535.0000;418.0000;69.0000;0.0000;0.0000;0.0000;
1904;1041.40;9602.45;3136.40;343.5000;65535.0000;409.0000;65.5000;0.0000;0.0000;0.0000;
1905;1041.58;9600.83;3138.02;349.5000;65535.0000;413.0000;63.5000;0.0000;0.0000;0.0000;
1906;1041.75;9599.22;3139.64;351.0000;65535.0000;414.0000;63.0000;0.0000;0.0000;0.0000;
1907;1041.93;9597.60;3141.25;346.5000;65535.0000;412.0000;65.5000;0.0000;0.0000;0.0000;
1908;1042.10;9595.98;3142.87;358.0000;65535.0000;416.5000;58.5000;0.0000;0.0000;0.0000;
1909;1042.28;9594.37;3144.49;347.0000;65535.0000;418.0000;71.0000;0.0000;0.0000;0.0000;
1910;1042.45;9592.75;3146.10;348.0000;65535.0000;414.0000;66.0000;0.0000;0.0000;0.0000;
1911;1042.63;9591.14;3147.71;356.0000;65535.0000;410.0000;54.0000;0.0000;0.0000;0.0000;
1912;1042.80;9589.52;3149.33;352.0000;65535.0000;414.0000;62.0000;0.0000;0.0000;0.0000;
1913;1042.98;9587.91;3150.94;355.0000;65535.0000;412.5000;57.5000;0.0000;0.0000;0.0000;
1914;1043.16;9586.30;3152.55;346.0000;65535.0000;413.0000;67.0000;0.0000;0.0000;0.0000;
1915;1043.33;9584.69;3154.17;357.0000;65535.0000;414.5000;57.5000;0.0000;0.0000;0.0000;
1916;1043.51;9583.08;3155.78;346.5000;65535.0000;413.5000;67.0000;0.0000;0.0000;0.0000;
1917;1043.68;9581.46;3157.39;356.0000;65535.0000;414.0000;58.0000;0.0000;0.0000;0.0000;
1918;1043.86;9579.85;3159.00;369.0000;65535.0000;415.5000;46.5000;0.0000;0.0000;0.0000;
1919;1044.03;9578.25;3160.61;347.5000;65535.0000;420.0000;72.5000;0.0000;0.0000;0.0000;
1920;1044.21;9576.64;3162.22;354.5000;65535.0000;406.0000;51.5000;0.0000;0.0000;0.0000;
1921;1044.38;9575.03;3163.83;340.0000;65535.0000;418.5000;78.5000;0.0000;0.0000;0.0000;
1922;1044.56;9573.42;3165.43;347.0000;65535.0000;416.5000;69.5000;0.0000;0.0000;0.0000;
1923;1044.73;9571.81;3167.04;347.0000;65535.0000;405.0000;58.0000;0.0000;0.0000;0.0000;
1924;1044.91;9570.21;3168.65;350.5000;65535.0000;426.5000;76.0000;0.0000;0.0000;0.0000;
1925;1045.08;9568.60;3170.25;351.0000;65535.0000;416.0000;65.0000;0.0000;0.0000;0.0000;
1926;1045.26;9567.00;3171.86;352.5000;65535.0000;411.0000;58.5000;0.0000;0.0000;0.0000;
1927;1045.44;9565.39;3173.46;348.0000;65535.0000;415.5000;67.5000;0.0000;0.0000;0.0000;
1928;1045.61;9563.79;3175.07;343.5000;65535.0000;414.0000;70.5000;0.0000;0.0000;0.0000;
1929;1045.79;9562.18;3176.67;355.5000;65535.0000;410.0000;54.5000;0.0000;0.0000;0.0000;
1930;1045.96;9560.58;3178.27;347.5000;65535.0000;405.0000;57.5000;0.0000;0.0000;0.0000;
1931;1046.14;9558.98;3179.88;339.0000;65535.0000;408.5000;69.5000;0.0000;0.0000;0.0000;
1932;1046.31;9557.38;3181.48;363.0000;65535.0000;413.0000;50.0000;0.0000;0.0000;0.0000;
1933;1046.49;9555.78;3183.08;349.0000;65535.0000;404.0000;55.0000;0.0000;0.0000;0.0000;
1934;1046.66;9554.18;3184.68;350.0000;65535.0000;421.0000;71.0000;0.0000;0.0000;0.0000;
1935;1046.84;9552.58;3186.28;345.0000;65535.0000;395.5000;50.5000;0.0000;0.0000;0.0000;
1936;1047.01;9550.98;3187.88;346.0000;65535.0000;412.0000;66.0000;0.0000;0.0000;0.0000;
1937;1047.19;9549.38;3189.48;337.5000;65535.0000;409.5000;72.0000;0.0000;0.0000;0.0000;
1938;1047.36;9547.78;3191.07;346.0000;65535.0000;408.5000;62.5000;0.0000;0.0000;0.0000;
1939;1047.54;9546.18;3192.67;355.0000;65535.0000;417.5000;62.5000;0.0000;0.0000;0.0000;
1940;1047.71;9544.59;3194.27;350.5000;65535.0000;408.5000;58.0000;0.0000;0.0000;0.0000;
1941;1047.89;9542.99;3195.86;350.0000;65535.0000;415.0000;65.0000;0.0000;0.0000;0.0000;
1942;1048.06;9541.39;3197.46;350.5000;65535.0000;403.0000;52.5000;0.0000;0.0000;0.0000;
1943;1048.24;9539.80;3199.05;342.5000;65535.0000;398.5000;56.0000;0.0000;0.0000;0.0000;
1944;1048.42;9538.21;3200.65;352.0000;65535.0000;409.0000;57.0000;0.0000;0.0000;0.0000;
1945;1048.59;9536.61;3202.24;346.0000;65535.0000;420.0000;74.0000;0.0000;0.0000;0.0000;
1946;1048.77;9535.02;3203.83;349.0000;65535.0000;410.0000;61.0000;0.0000;0.0000;0.0000;
1947;1048.94;9533.43;3205.43;350.5000;65535.0000;393.5000;43.0000;0.0000;0.0000;0.0000;
1948;1049.12;9531.83;3207.02;346.5000;65535.0000;405.5000;59.0000;0.0000;0.0000;0.0000;
1949;1049.29;9530.24;3208.61;345.0000;65535.0000;407.0000;62.0000;0.0000;0.0000;0.0000;
1950;1049.47;9528.65;3210.20;348.0000;65535.0000;403.5000;55.5000;0.0000;0.0000;0.0000;
1951;1049.64;9527.06;3211.79;347.5000;65535.0000;405.0000;57.5000;0.0000;0.0000;0.0000;
1952;1049.82;9525.47;3213.38;348.0000;65535.0000;414.0000;66.0000;0.0000;0.0000;0.0000;
1953;1049.99;9523.88;3214.97;350.5000;65535.0000;414.0000;63.5000;0.0000;0.0000;0.0000;
1954;1050.17;9522.30;3216.56;356.0000;65535.0000;408.0000;52.0000;0.0000;0.0000;0.0000;
1955;1050.34;9520.71;3218.14;345.5000;65535.0000;404.5000;59.0000;0.0000;0.0000;0.0000;
1956;1050.52;9519.12;3219.73;359.5000;65535.0000;411.5000;52.0000;0.0000;0.0000;0.0000;
1957;1050.69;9517.54;3221.32;346.5000;65535.0000;405.0000;58.5000;0.0000;0.0000;0.0000;
1958;1050.87;9515.95;3222.90;346.5000;65535.0000;405.0000;58.5000;0.0000;0.0000;0.0000;
1959;1051.04;9514.36;3224.49;351.0000;65535.0000;399.5000;48.5000;0.0000;0.0000;0.0000;
1960;1051.22;9512.78;3226.07;349.5000;65535.0000;404.0000;54.5000;0.0000;0.0000;0.0000;
1961;1051.39;9511.20;3227.66;344.5000;65535.0000;402.0000;57.5000;0.0000;0.0000;0.0000;
1962;1051.57;9509.61;3229.24;347.0000;65535.0000;397.0000;50.0000;0.0000;0.0000;0.0000;
1963;1051.74;9508.03;3230.82;348.0000;65535.0000;403.0000;55.0000;0.0000;0.0000;0.0000;
1964;1051.92;9506.45;3232.41;341.0000;65535.0000;393.5000;52.5000;0.0000;0.0000;0.0000;
1965;1052.09;9504.87;3233.99;350.0000;65535.0000;394.0000;44.0000;0.0000;0.0000;0.0000;
1966;1052.27;9503.28;3235.57;352.0000;65535.0000;395.0000;43.0000;0.0000;0.0000;0.0000;
1967;1052.44;9501.70;3237.15;344.0000;65535.0000;394.5000;50.5000;0.0000;0.0000;0.0000;
1968;1052.62;9500.12;3238.73;350.5000;65535.0000;401.5000;51.0000;0.0000;0.0000;0.0000;
1969;1052.79;9498.55;3240.31;346.5000;65535.0000;409.5000;63.0000;0.0000;0.0000;0.0000;
1970;1052.97;9496.97;3241.89;352.0000;65535.0000;391.5000;39.5000;0.0000;0.0000;0.0000;
1971;1053.14;9495.39;3243.46;353.5000;65535.0000;396.0000;42.5000;0.0000;0.0000;0.0000;
1972;1053.32;9493.81;3245.04;346.5000;65535.0000;389.0000;42.5000;0.0000;0.0000;0.0000;
1973;1053.49;9492.23;3246.62;351.0000;65535.0000;389.0000;38.0000;0.0000;0.0000;0.0000;
1974;1053.67;9490.66;3248.20;345.5000;65535.0000;396.5000;51.0000;0.0000;0.0000;0.0000;
1975;1053.84;9489.08;3249.77;347.5000;65535.0000;409.5000;62.0000;0.0000;0.0000;0.0000;
1976;1054.02;9487.51;3251.35;345.5000;65535.0000;383.5000;38.0000;0.0000;0.0000;0.0000;
1977;1054.19;9485.93;3252.92;345.5000;65535.0000;387.5000;42.0000;0.0000;0.0000;0.0000;
1978;1054.37;9484.36;3254.49;341.0000;65535.0000;386.5000;45.5000;0.0000;0.0000;0.0000;
1979;1054.54;9482.79;3256.07;350.0000;65535.0000;386.0000;36.0000;0.0000;0.0000;0.0000;
1980;1054.72;9481.21;3257.64;352.0000;65535.0000;389.5000;37.5000;0.0000;0.0000;0.0000;
1981;1054.89;9479.64;3259.21;348.0000;65535.0000;380.0000;32.0000;0.0000;0.0000;0.0000;
1982;1055.07;9478.07;3260.78;348.5000;65535.0000;386.5000;38.0000;0.0000;0.0000;0.0000;
1983;1055.24;9476.50;3262.35;356.5000;65535.0000;400.5000;44.0000;0.0000;0.0000;0.0000;
1984;1055.42;9474.93;3263.92;344.0000;65535.0000;390.5000;46.5000;0.0000;0.0000;0.0000;
1985;1055.59;9473.36;3265.49;344.5000;65535.0000;385.5000;41.0000;0.0000;0.0000;0.0000;
1986;1055.77;9471.79;3267.06;351.0000;65535.0000;381.5000;30.5000;0.0000;0.0000;0.0000;
1987;1055.94;9470.22;3268.63;353.0000;65535.0000;389.5000;36.5000;0.0000;0.0000;0.0000;
1988;1056.12;9468.65;3270.20;355.0000;65535.0000;396.0000;41.0000;0.0000;0.0000;0.0000;
1989;1056.29;9467.09;3271.77;348.5000;65535.0000;389.0000;40.5000;0.0000;0.0000;0.0000;
1990;1056.47;9465.52;3273.33;346.0000;65535.0000;386.5000;40.5000;0.0000;0.0000;0.0000;
1991;1056.64;9463.95;3274.90;347.0000;65535.0000;384.0000;37.0000;0.0000;0.0000;0.0000;
1992;1056.82;9462.39;3276.47;350.0000;65535.0000;385.5000;35.5000;0.0000;0.0000;0.0000;
1993;1056.99;9460.82;3278.03;344.5000;65535.0000;394.5000;50.0000;0.0000;0.0000;0.0000;
1994;1057.17;9459.26;3279.59;351.0000;65535.0000;373.0000;22.0000;0.0000;0.0000;0.0000;
1995;1057.34;9457.70;3281.16;349.0000;65535.0000;382.0000;33.0000;0.0000;0.0000;0.0000;
1996;1057.51;9456.13;3282.72;344.0000;65535.0000;389.5000;45.5000;0.0000;0.0000;0.0000;
1997;1057.69;9454.57;3284.28;353.0000;65535.0000;384.0000;31.0000;0.0000;0.0000;0.0000;
1998;1057.86;9453.01;3285.85;349.5000;65535.0000;377.5000;28.0000;0.0000;0.0000;0.0000;
1999;1058.04;9451.45;3287.41;347.0000;65535.0000;383.5000;36.5000;0.0000;0.0000;0.0000;
2000;1058.21;9449.89;3288.97;354.0000;65535.0000;385.0000;31.0000;0.0000;0.0000;0.0000;
2001;1058.39;9448.33;3290.53;348.0000;65535.0000;386.5000;38.5000;0.0000;0.0000;0.0000;
2002;1058.56;9446.77;3292.09;352.0000;65535.0000;395.0000;43.0000;0.0000;0.0000;0.0000;
2003;1058.74;9445.21;3293.65;343.5000;65535.0000;377.5000;34.0000;0.0000;0.0000;0.0000;
2004;1058.91;9443.65;3295.21;334.5000;65535.0000;379.5000;45.0000;0.0000;0.0000;0.0000;
2005;1059.09;9442.09;3296.76;344.0000;65535.0000;380.5000;36.5000;0.0000;0.0000;0.0000;
2006;1059.26;9440.53;3298.32;348.0000;65535.0000;379.5000;31.5000;0.0000;0.0000;0.0000;
2007;1059.44;9438.98;3299.88;348.0000;65535.0000;386.5000;38.5000;0.0000;0.0000;0.0000;
2008;1059.61;9437.42;3301.43;348.5000;65535.0000;374.0000;25.5000;0.0000;0.0000;0.0000;
2009;1059.79;9435.87;3302.99;349.0000;65535.0000;365.0000;16.0000;0.0000;0.0000;0.0000;
2010;1059.96;9434.31;3304.54;349.5000;65535.0000;378.0000;28.5000;0.0000;0.0000;0.0000;
2011;1060.14;9432.76;3306.10;346.0000;65535.0000;377.0000;31.0000;0.0000;0.0000;0.0000;
2012;1060.31;9431.20;3307.65;348.0000;65535.0000;371.5000;23.5000;0.0000;0.0000;0.0000;
2013;1060.48;9429.65;3309.20;349.5000;65535.0000;378.0000;28.5000;0.0000;0.0000;0.0000;
2014;1060.66;9428.10;3310.76;347.5000;65535.0000;380.5000;33.0000;0.0000;0.0000;0.0000;
2015;1060.83;9426.54;3312.31;346.5000;65535.0000;365.5000;19.0000;0.0000;0.0000;0.0000;
2016;1061.01;9424.99;3313.86;346.5000;65535.0000;374.5000;28.0000;0.0000;0.0000;0.0000;
2017;1061.18;9423.44;3315.41;346.0000;65535.0000;372.0000;26.0000;0.0000;0.0000;0.0000;
2018;1061.36;9421.89;3316.96;352.0000;65535.0000;374.0000;22.0000;0.0000;0.0000;0.0000;
2019;1061.53;9420.34;3318.51;364.5000;65535.0000;362.5000;-2.0000;0.0000;0.0000;0.0000;
2020;1061.71;9418.79;3320.06;346.5000;65535.0000;364.0000;17.5000;0.0000;0.0000;0.0000;
2021;1061.88;9417.24;3321.61;343.0000;65535.0000;386.0000;43.0000;0.0000;0.0000;0.0000;
2022;1062.06;9415.70;3323.16;351.0000;65535.0000;364.5000;13.5000;0.0000;0.0000;0.0000;
2023;1062.23;9414.15;3324.70;350.0000;65535.0000;368.0000;18.0000;0.0000;0.0000;0.0000;
2024;1062.41;9412.60;3326.25;350.0000;65535.0000;368.0000;18.0000;0.0000;0.0000;0.0000;
2025;1062.58;9411.06;3327.80;350.5000;65535.0000;367.5000;17.0000;0.0000;0.0000;0.0000;
2026;1062.75;9409.51;3329.34;352.5000;65535.0000;368.0000;15.5000;0.0000;0.0000;0.0000;
2027;1062.93;9407.97;3330.89;349.5000;65535.0000;371.0000;21.5000;0.0000;0.0000;0.0000;
2028;1063.10;9406.42;3332.43;346.0000;65535.0000;371.5000;25.5000;0.0000;0.0000;0.0000;
2029;1063.28;9404.88;3333.98;347.0000;65535.0000;364.5000;17.5000;0.0000;0.0000;0.0000;
2030;1063.45;9403.33;3335.52;347.5000;65535.0000;365.0000;17.5000;0.0000;0.0000;0.0000;
2031;1063.63;9401.79;3337.06;350.5000;65535.0000;372.0000;21.5000;0.0000;0.0000;0.0000;
2032;1063.80;9400.25;3338.60;347.5000;65535.0000;361.0000;13.5000;0.0000;0.0000;0.0000;
2033;1063.98;9398.71;3340.14;350.0000;65535.0000;366.0000;16.0000;0.0000;0.0000;0.0000;
2034;1064.15;9397.17;3341.69;341.5000;65535.0000;364.5000;23.0000;0.0000;0.0000;0.0000;
2035;1064.32;9395.63;3343.23;346.5000;65535.0000;361.0000;14.5000;0.0000;0.0000;0.0000;
2036;1064.50;9394.09;3344.77;357.0000;65535.0000;358.5000;1.5000;0.0000;0.0000;0.0000;
2037;1064.67;9392.55;3346.31;345.0000;65535.0000;369.5000;24.5000;0.0000;0.0000;0.0000;
2038;1064.85;9391.01;3347.84;331.0000;65535.0000;363.0000;32.0000;0.0000;0.0000;0.0000;
2039;1065.02;9389.47;3349.38;345.5000;65535.0000;371.0000;25.5000;0.0000;0.0000;0.0000;
2040;1065.20;9387.93;3350.92;350.0000;65535.0000;354.5000;4.5000;0.0000;0.0000;0.0000;
2041;1065.37;9386.40;3352.46;346.0000;65535.0000;359.0000;13.0000;0.0000;0.0000;0.0000;
2042;1065.55;9384.86;3353.99;351.5000;65535.0000;361.0000;9.5000;0.0000;0.0000;0.0000;
2043;1065.72;9383.33;3355.53;346.0000;65535.0000;364.0000;18.0000;0.0000;0.0000;0.0000;
2044;1065.89;9381.79;3357.06;339.0000;65535.0000;352.0000;13.0000;0.0000;0.0000;0.0000;
2045;1066.07;9380.26;3358.60;349.5000;65535.0000;354.0000;4.5000;0.0000;0.0000;0.0000;
2046;1066.24;9378.72;3360.13;350.0000;65535.0000;366.0000;16.0000;0.0000;0.0000;0.0000;
2047;1066.42;9377.19;3361.67;343.5000;65535.0000;353.5000;10.0000;0.0000;0.0000;0.0000;
